ISO-10303-21;
HEADER;
/* Generated by software containing ST-Developer
 * from STEP Tools, Inc. (www.steptools.com) 
 */
/* OPTION: using custom schema-name function */

FILE_DESCRIPTION(
/* description */ (''),
/* implementation_level */ '2;1');

FILE_NAME(
/* name */ '525591652wbm000_02_214.stp',
/* time_stamp */ '2024-08-30T17:17:05+06:00',
/* author */ (''),
/* organization */ (''),
/* preprocessor_version */ 'ST-DEVELOPER v16.7',
/* originating_system */ 'SIEMENS PLM Software NX 1919',
/* authorisation */ '');

FILE_SCHEMA (('AUTOMOTIVE_DESIGN { 1 0 10303 214 3 1 1 1 }'));
ENDSEC;

DATA;
#10=SHAPE_REPRESENTATION_RELATIONSHIP('None',
'relationship between 525591652wbm000_02-None and 525591652wbm000_02-N
one',#22,#11);
#11=ADVANCED_BREP_SHAPE_REPRESENTATION('525591652wbm000_02-None',(#32),
#14346);
#12=SHAPE_DEFINITION_REPRESENTATION(#13,#22);
#13=PRODUCT_DEFINITION_SHAPE('','',#14);
#14=PRODUCT_DEFINITION(' ','',#16,#15);
#15=PRODUCT_DEFINITION_CONTEXT('part definition',#21,'design');
#16=PRODUCT_DEFINITION_FORMATION_WITH_SPECIFIED_SOURCE(' ',' ',#18,
 .NOT_KNOWN.);
#17=PRODUCT_RELATED_PRODUCT_CATEGORY('part','',(#18));
#18=PRODUCT('525591652wbm000_02','525591652wbm000_02',' ',(#19));
#19=PRODUCT_CONTEXT(' ',#21,'mechanical');
#20=APPLICATION_PROTOCOL_DEFINITION('international standard',
'automotive_design',2010,#21);
#21=APPLICATION_CONTEXT(
'core data for automotive mechanical design processes');
#22=SHAPE_REPRESENTATION('525591652wbm000_02-None',(#8977),#14346);
#23=PRESENTATION_LAYER_ASSIGNMENT('1','Layer 1',(#32));
#24=STYLED_ITEM('',(#25),#32);
#25=PRESENTATION_STYLE_ASSIGNMENT((#26));
#26=SURFACE_STYLE_USAGE(.BOTH.,#27);
#27=SURFACE_SIDE_STYLE('',(#28));
#28=SURFACE_STYLE_FILL_AREA(#29);
#29=FILL_AREA_STYLE('',(#30));
#30=FILL_AREA_STYLE_COLOUR('',#31);
#31=COLOUR_RGB('Medium Steel',0.596063172350652,0.666666666666667,0.686259250782025);
#32=MANIFOLD_SOLID_BREP('',#33);
#33=CLOSED_SHELL('',(#622,#623,#624,#625,#626,#627,#628,#629,#630,#631,
#632,#633,#634,#635,#636,#637,#638,#639,#640,#641,#642,#643,#644,#645,#646,
#647,#648,#649,#650,#651,#652,#653,#654,#655,#656,#657,#658,#659,#660,#661,
#662,#663,#664,#665,#666,#667,#668,#669,#670,#671,#672,#673,#674,#675,#676,
#677,#678,#679,#680,#681,#682,#683,#684,#685,#686,#687,#688,#689,#690,#691,
#692,#693,#694,#695,#696,#697,#698,#699,#700,#701,#702,#703,#704,#705,#706,
#707,#708,#709,#710,#711,#712,#713,#714,#715,#716,#717,#718,#719,#720,#721,
#722,#723,#724,#725,#726,#727,#728,#729,#730,#731,#732,#733,#734,#735,#736,
#737,#738,#739,#740,#741,#742,#743,#744,#745,#746,#747,#748,#749,#750,#751,
#752,#753,#754,#755,#756,#757,#758,#759,#760,#761,#762,#763,#764,#765,#766,
#767,#768,#769,#770,#771,#772,#773,#774,#775,#776,#777,#778,#779,#780,#781,
#782,#783,#784,#785,#786,#787,#788,#789,#790,#791,#792,#793,#794,#795,#796,
#797,#798,#799,#800,#801,#802,#803,#804,#805,#806,#807,#808,#809,#810,#811,
#812,#813,#814,#815,#816,#817,#818,#819,#820,#821,#822,#823,#824,#825,#826,
#827,#828,#829,#830,#831,#832,#833,#834,#835,#836,#837,#838,#839,#840,#841,
#842,#843,#844,#845,#846,#847,#848,#849,#850,#851,#852,#853,#854,#855,#856,
#857,#858,#859,#860,#861,#862,#863,#864,#865,#866,#867,#868,#869,#870,#871,
#872,#873,#874,#875,#876,#877,#878,#879,#880,#881,#882,#883,#884,#885,#886,
#887,#888,#889,#890,#891,#892,#893,#894,#895,#896,#897,#898,#899,#900,#901,
#902,#903,#904,#905,#906,#907,#908,#909,#910,#911,#912,#913,#914,#915,#916,
#917,#918,#919,#920,#921,#922,#923,#924,#925,#926,#927,#928,#929,#930,#931,
#932,#933,#934,#935,#936,#937,#938,#939,#940,#941,#942,#943,#944,#945,#946,
#947,#948,#949,#950,#951,#952,#953,#954,#955,#956,#957,#958,#959,#960,#961,
#962,#963,#964,#965,#966,#967,#968,#969,#970,#971,#972,#973,#974,#975,#976,
#977,#978,#979,#980,#981,#982,#983,#984,#985,#986,#987,#988,#989,#990,#991,
#992,#993,#994,#995,#996,#997,#998,#999,#1000,#1001,#1002,#1003,#1004,#1005,
#1006,#1007,#1008,#1009,#1010,#1011,#1012,#1013,#1014,#1015,#1016,#1017,
#1018,#1019,#1020,#1021,#1022,#1023,#1024,#1025,#1026,#1027,#1028,#1029));
#34=CYLINDRICAL_SURFACE('',#9081,0.149999999999999);
#35=CYLINDRICAL_SURFACE('',#9082,0.149999999999999);
#36=CYLINDRICAL_SURFACE('',#9086,0.149999999999999);
#37=CYLINDRICAL_SURFACE('',#9100,0.149999999999999);
#38=CYLINDRICAL_SURFACE('',#9115,0.2);
#39=CYLINDRICAL_SURFACE('',#9116,0.2);
#40=CYLINDRICAL_SURFACE('',#9117,0.2);
#41=CYLINDRICAL_SURFACE('',#9118,0.2);
#42=CYLINDRICAL_SURFACE('',#9126,0.3);
#43=CYLINDRICAL_SURFACE('',#9149,0.0999999999999995);
#44=CYLINDRICAL_SURFACE('',#9151,0.0999999999999998);
#45=CYLINDRICAL_SURFACE('',#9155,0.25);
#46=CYLINDRICAL_SURFACE('',#9163,0.25);
#47=CYLINDRICAL_SURFACE('',#9178,0.0999999999999995);
#48=CYLINDRICAL_SURFACE('',#9180,0.0999999999999998);
#49=CYLINDRICAL_SURFACE('',#9191,0.0999999999999995);
#50=CYLINDRICAL_SURFACE('',#9193,0.0999999999999998);
#51=CYLINDRICAL_SURFACE('',#9204,0.0999999999999995);
#52=CYLINDRICAL_SURFACE('',#9206,0.0999999999999998);
#53=CYLINDRICAL_SURFACE('',#9217,0.0999999999999995);
#54=CYLINDRICAL_SURFACE('',#9219,0.0999999999999998);
#55=CYLINDRICAL_SURFACE('',#9230,0.0999999999999995);
#56=CYLINDRICAL_SURFACE('',#9232,0.0999999999999998);
#57=CYLINDRICAL_SURFACE('',#9243,0.0999999999999995);
#58=CYLINDRICAL_SURFACE('',#9245,0.0999999999999998);
#59=CYLINDRICAL_SURFACE('',#9256,0.0999999999999995);
#60=CYLINDRICAL_SURFACE('',#9258,0.0999999999999998);
#61=CYLINDRICAL_SURFACE('',#9269,0.0999999999999995);
#62=CYLINDRICAL_SURFACE('',#9271,0.0999999999999998);
#63=CYLINDRICAL_SURFACE('',#9282,0.0999999999999995);
#64=CYLINDRICAL_SURFACE('',#9284,0.0999999999999998);
#65=CYLINDRICAL_SURFACE('',#9295,0.0999999999999995);
#66=CYLINDRICAL_SURFACE('',#9297,0.0999999999999998);
#67=CYLINDRICAL_SURFACE('',#9308,0.0999999999999995);
#68=CYLINDRICAL_SURFACE('',#9310,0.0999999999999998);
#69=CYLINDRICAL_SURFACE('',#9321,0.0999999999999995);
#70=CYLINDRICAL_SURFACE('',#9323,0.0999999999999998);
#71=CYLINDRICAL_SURFACE('',#9334,0.0999999999999995);
#72=CYLINDRICAL_SURFACE('',#9336,0.0999999999999998);
#73=CYLINDRICAL_SURFACE('',#9347,0.0999999999999995);
#74=CYLINDRICAL_SURFACE('',#9349,0.0999999999999998);
#75=CYLINDRICAL_SURFACE('',#9360,0.0999999999999995);
#76=CYLINDRICAL_SURFACE('',#9362,0.0999999999999998);
#77=CYLINDRICAL_SURFACE('',#9366,0.25);
#78=CYLINDRICAL_SURFACE('',#9374,0.25);
#79=CYLINDRICAL_SURFACE('',#9382,0.25);
#80=CYLINDRICAL_SURFACE('',#9390,0.25);
#81=CYLINDRICAL_SURFACE('',#9398,0.25);
#82=CYLINDRICAL_SURFACE('',#9406,0.25);
#83=CYLINDRICAL_SURFACE('',#9414,0.25);
#84=CYLINDRICAL_SURFACE('',#9422,0.25);
#85=CYLINDRICAL_SURFACE('',#9430,0.25);
#86=CYLINDRICAL_SURFACE('',#9438,0.25);
#87=CYLINDRICAL_SURFACE('',#9446,0.25);
#88=CYLINDRICAL_SURFACE('',#9454,0.25);
#89=CYLINDRICAL_SURFACE('',#9462,0.25);
#90=CYLINDRICAL_SURFACE('',#9470,0.25);
#91=CYLINDRICAL_SURFACE('',#9478,0.25);
#92=CYLINDRICAL_SURFACE('',#9486,0.25);
#93=CYLINDRICAL_SURFACE('',#9494,0.25);
#94=CYLINDRICAL_SURFACE('',#9502,0.25);
#95=CIRCLE('',#8996,0.149999999999999);
#96=CIRCLE('',#8997,0.149999999999999);
#97=CIRCLE('',#9065,0.2);
#98=CIRCLE('',#9066,0.2);
#99=CIRCLE('',#9070,0.149999999999999);
#100=CIRCLE('',#9071,0.149999999999999);
#101=CIRCLE('',#9073,0.149999999999999);
#102=CIRCLE('',#9080,0.149999999999999);
#103=CIRCLE('',#9085,0.149999999999999);
#104=CIRCLE('',#9087,0.2);
#105=CIRCLE('',#9088,0.2);
#106=CIRCLE('',#9090,0.2);
#107=CIRCLE('',#9091,0.2);
#108=CIRCLE('',#9099,0.149999999999999);
#109=CIRCLE('',#9104,0.2);
#110=CIRCLE('',#9105,0.2);
#111=CIRCLE('',#9124,0.3);
#112=CIRCLE('',#9125,0.3);
#113=CIRCLE('',#9143,0.0999999999999995);
#114=CIRCLE('',#9144,0.0999999999999998);
#115=CIRCLE('',#9146,0.0999999999999995);
#116=CIRCLE('',#9147,0.0999999999999998);
#117=CIRCLE('',#9153,0.25);
#118=CIRCLE('',#9154,0.25);
#119=CIRCLE('',#9161,0.25);
#120=CIRCLE('',#9162,0.25);
#121=CIRCLE('',#9172,0.0999999999999995);
#122=CIRCLE('',#9173,0.0999999999999998);
#123=CIRCLE('',#9175,0.0999999999999995);
#124=CIRCLE('',#9176,0.0999999999999998);
#125=CIRCLE('',#9185,0.0999999999999995);
#126=CIRCLE('',#9186,0.0999999999999998);
#127=CIRCLE('',#9188,0.0999999999999995);
#128=CIRCLE('',#9189,0.0999999999999998);
#129=CIRCLE('',#9198,0.0999999999999995);
#130=CIRCLE('',#9199,0.0999999999999998);
#131=CIRCLE('',#9201,0.0999999999999995);
#132=CIRCLE('',#9202,0.0999999999999998);
#133=CIRCLE('',#9211,0.0999999999999995);
#134=CIRCLE('',#9212,0.0999999999999998);
#135=CIRCLE('',#9214,0.0999999999999995);
#136=CIRCLE('',#9215,0.0999999999999998);
#137=CIRCLE('',#9224,0.0999999999999995);
#138=CIRCLE('',#9225,0.0999999999999998);
#139=CIRCLE('',#9227,0.0999999999999995);
#140=CIRCLE('',#9228,0.0999999999999998);
#141=CIRCLE('',#9237,0.0999999999999995);
#142=CIRCLE('',#9238,0.0999999999999998);
#143=CIRCLE('',#9240,0.0999999999999995);
#144=CIRCLE('',#9241,0.0999999999999998);
#145=CIRCLE('',#9250,0.0999999999999995);
#146=CIRCLE('',#9251,0.0999999999999998);
#147=CIRCLE('',#9253,0.0999999999999995);
#148=CIRCLE('',#9254,0.0999999999999998);
#149=CIRCLE('',#9263,0.0999999999999995);
#150=CIRCLE('',#9264,0.0999999999999998);
#151=CIRCLE('',#9266,0.0999999999999995);
#152=CIRCLE('',#9267,0.0999999999999998);
#153=CIRCLE('',#9276,0.0999999999999995);
#154=CIRCLE('',#9277,0.0999999999999998);
#155=CIRCLE('',#9279,0.0999999999999995);
#156=CIRCLE('',#9280,0.0999999999999998);
#157=CIRCLE('',#9289,0.0999999999999995);
#158=CIRCLE('',#9290,0.0999999999999998);
#159=CIRCLE('',#9292,0.0999999999999995);
#160=CIRCLE('',#9293,0.0999999999999998);
#161=CIRCLE('',#9302,0.0999999999999995);
#162=CIRCLE('',#9303,0.0999999999999998);
#163=CIRCLE('',#9305,0.0999999999999995);
#164=CIRCLE('',#9306,0.0999999999999998);
#165=CIRCLE('',#9315,0.0999999999999995);
#166=CIRCLE('',#9316,0.0999999999999998);
#167=CIRCLE('',#9318,0.0999999999999995);
#168=CIRCLE('',#9319,0.0999999999999998);
#169=CIRCLE('',#9328,0.0999999999999995);
#170=CIRCLE('',#9329,0.0999999999999998);
#171=CIRCLE('',#9331,0.0999999999999995);
#172=CIRCLE('',#9332,0.0999999999999998);
#173=CIRCLE('',#9341,0.0999999999999995);
#174=CIRCLE('',#9342,0.0999999999999998);
#175=CIRCLE('',#9344,0.0999999999999995);
#176=CIRCLE('',#9345,0.0999999999999998);
#177=CIRCLE('',#9354,0.0999999999999995);
#178=CIRCLE('',#9355,0.0999999999999998);
#179=CIRCLE('',#9357,0.0999999999999995);
#180=CIRCLE('',#9358,0.0999999999999998);
#181=CIRCLE('',#9364,0.25);
#182=CIRCLE('',#9365,0.25);
#183=CIRCLE('',#9372,0.25);
#184=CIRCLE('',#9373,0.25);
#185=CIRCLE('',#9380,0.25);
#186=CIRCLE('',#9381,0.25);
#187=CIRCLE('',#9388,0.25);
#188=CIRCLE('',#9389,0.25);
#189=CIRCLE('',#9396,0.25);
#190=CIRCLE('',#9397,0.25);
#191=CIRCLE('',#9404,0.25);
#192=CIRCLE('',#9405,0.25);
#193=CIRCLE('',#9412,0.25);
#194=CIRCLE('',#9413,0.25);
#195=CIRCLE('',#9420,0.25);
#196=CIRCLE('',#9421,0.25);
#197=CIRCLE('',#9428,0.25);
#198=CIRCLE('',#9429,0.25);
#199=CIRCLE('',#9436,0.25);
#200=CIRCLE('',#9437,0.25);
#201=CIRCLE('',#9444,0.25);
#202=CIRCLE('',#9445,0.25);
#203=CIRCLE('',#9452,0.25);
#204=CIRCLE('',#9453,0.25);
#205=CIRCLE('',#9460,0.25);
#206=CIRCLE('',#9461,0.25);
#207=CIRCLE('',#9468,0.25);
#208=CIRCLE('',#9469,0.25);
#209=CIRCLE('',#9476,0.25);
#210=CIRCLE('',#9477,0.25);
#211=CIRCLE('',#9484,0.25);
#212=CIRCLE('',#9485,0.25);
#213=CIRCLE('',#9492,0.25);
#214=CIRCLE('',#9493,0.25);
#215=CIRCLE('',#9500,0.25);
#216=CIRCLE('',#9501,0.25);
#217=FACE_OUTER_BOUND('',#1385,.T.);
#218=FACE_OUTER_BOUND('',#1386,.T.);
#219=FACE_OUTER_BOUND('',#1387,.T.);
#220=FACE_OUTER_BOUND('',#1388,.T.);
#221=FACE_OUTER_BOUND('',#1389,.T.);
#222=FACE_OUTER_BOUND('',#1390,.T.);
#223=FACE_OUTER_BOUND('',#1391,.T.);
#224=FACE_OUTER_BOUND('',#1392,.T.);
#225=FACE_OUTER_BOUND('',#1393,.T.);
#226=FACE_OUTER_BOUND('',#1394,.T.);
#227=FACE_OUTER_BOUND('',#1395,.T.);
#228=FACE_OUTER_BOUND('',#1398,.T.);
#229=FACE_OUTER_BOUND('',#1399,.T.);
#230=FACE_OUTER_BOUND('',#1400,.T.);
#231=FACE_OUTER_BOUND('',#1401,.T.);
#232=FACE_OUTER_BOUND('',#1402,.T.);
#233=FACE_OUTER_BOUND('',#1403,.T.);
#234=FACE_OUTER_BOUND('',#1404,.T.);
#235=FACE_OUTER_BOUND('',#1405,.T.);
#236=FACE_OUTER_BOUND('',#1406,.T.);
#237=FACE_OUTER_BOUND('',#1407,.T.);
#238=FACE_OUTER_BOUND('',#1408,.T.);
#239=FACE_OUTER_BOUND('',#1409,.T.);
#240=FACE_OUTER_BOUND('',#1410,.T.);
#241=FACE_OUTER_BOUND('',#1411,.T.);
#242=FACE_OUTER_BOUND('',#1412,.T.);
#243=FACE_OUTER_BOUND('',#1413,.T.);
#244=FACE_OUTER_BOUND('',#1414,.T.);
#245=FACE_OUTER_BOUND('',#1415,.T.);
#246=FACE_OUTER_BOUND('',#1416,.T.);
#247=FACE_OUTER_BOUND('',#1419,.T.);
#248=FACE_OUTER_BOUND('',#1420,.T.);
#249=FACE_OUTER_BOUND('',#1421,.T.);
#250=FACE_OUTER_BOUND('',#1422,.T.);
#251=FACE_OUTER_BOUND('',#1423,.T.);
#252=FACE_OUTER_BOUND('',#1424,.T.);
#253=FACE_OUTER_BOUND('',#1425,.T.);
#254=FACE_OUTER_BOUND('',#1426,.T.);
#255=FACE_OUTER_BOUND('',#1427,.T.);
#256=FACE_OUTER_BOUND('',#1428,.T.);
#257=FACE_OUTER_BOUND('',#1429,.T.);
#258=FACE_OUTER_BOUND('',#1430,.T.);
#259=FACE_OUTER_BOUND('',#1431,.T.);
#260=FACE_OUTER_BOUND('',#1432,.T.);
#261=FACE_OUTER_BOUND('',#1433,.T.);
#262=FACE_OUTER_BOUND('',#1434,.T.);
#263=FACE_OUTER_BOUND('',#1435,.T.);
#264=FACE_OUTER_BOUND('',#1436,.T.);
#265=FACE_OUTER_BOUND('',#1437,.T.);
#266=FACE_OUTER_BOUND('',#1438,.T.);
#267=FACE_OUTER_BOUND('',#1439,.T.);
#268=FACE_OUTER_BOUND('',#1440,.T.);
#269=FACE_OUTER_BOUND('',#1441,.T.);
#270=FACE_OUTER_BOUND('',#1442,.T.);
#271=FACE_OUTER_BOUND('',#1443,.T.);
#272=FACE_OUTER_BOUND('',#1444,.T.);
#273=FACE_OUTER_BOUND('',#1445,.T.);
#274=FACE_OUTER_BOUND('',#1446,.T.);
#275=FACE_OUTER_BOUND('',#1447,.T.);
#276=FACE_OUTER_BOUND('',#1448,.T.);
#277=FACE_OUTER_BOUND('',#1449,.T.);
#278=FACE_OUTER_BOUND('',#1450,.T.);
#279=FACE_OUTER_BOUND('',#1451,.T.);
#280=FACE_OUTER_BOUND('',#1452,.T.);
#281=FACE_OUTER_BOUND('',#1453,.T.);
#282=FACE_OUTER_BOUND('',#1454,.T.);
#283=FACE_OUTER_BOUND('',#1455,.T.);
#284=FACE_OUTER_BOUND('',#1456,.T.);
#285=FACE_OUTER_BOUND('',#1457,.T.);
#286=FACE_OUTER_BOUND('',#1458,.T.);
#287=FACE_OUTER_BOUND('',#1459,.T.);
#288=FACE_OUTER_BOUND('',#1460,.T.);
#289=FACE_OUTER_BOUND('',#1461,.T.);
#290=FACE_OUTER_BOUND('',#1462,.T.);
#291=FACE_OUTER_BOUND('',#1463,.T.);
#292=FACE_OUTER_BOUND('',#1464,.T.);
#293=FACE_OUTER_BOUND('',#1465,.T.);
#294=FACE_OUTER_BOUND('',#1466,.T.);
#295=FACE_OUTER_BOUND('',#1467,.T.);
#296=FACE_OUTER_BOUND('',#1468,.T.);
#297=FACE_OUTER_BOUND('',#1469,.T.);
#298=FACE_OUTER_BOUND('',#1470,.T.);
#299=FACE_OUTER_BOUND('',#1471,.T.);
#300=FACE_OUTER_BOUND('',#1472,.T.);
#301=FACE_OUTER_BOUND('',#1473,.T.);
#302=FACE_OUTER_BOUND('',#1474,.T.);
#303=FACE_OUTER_BOUND('',#1475,.T.);
#304=FACE_OUTER_BOUND('',#1476,.T.);
#305=FACE_OUTER_BOUND('',#1477,.T.);
#306=FACE_OUTER_BOUND('',#1478,.T.);
#307=FACE_OUTER_BOUND('',#1479,.T.);
#308=FACE_OUTER_BOUND('',#1480,.T.);
#309=FACE_OUTER_BOUND('',#1481,.T.);
#310=FACE_OUTER_BOUND('',#1482,.T.);
#311=FACE_OUTER_BOUND('',#1483,.T.);
#312=FACE_OUTER_BOUND('',#1484,.T.);
#313=FACE_OUTER_BOUND('',#1485,.T.);
#314=FACE_OUTER_BOUND('',#1486,.T.);
#315=FACE_OUTER_BOUND('',#1487,.T.);
#316=FACE_OUTER_BOUND('',#1488,.T.);
#317=FACE_OUTER_BOUND('',#1489,.T.);
#318=FACE_OUTER_BOUND('',#1490,.T.);
#319=FACE_OUTER_BOUND('',#1491,.T.);
#320=FACE_OUTER_BOUND('',#1492,.T.);
#321=FACE_OUTER_BOUND('',#1493,.T.);
#322=FACE_OUTER_BOUND('',#1494,.T.);
#323=FACE_OUTER_BOUND('',#1495,.T.);
#324=FACE_OUTER_BOUND('',#1496,.T.);
#325=FACE_OUTER_BOUND('',#1497,.T.);
#326=FACE_OUTER_BOUND('',#1498,.T.);
#327=FACE_OUTER_BOUND('',#1499,.T.);
#328=FACE_OUTER_BOUND('',#1500,.T.);
#329=FACE_OUTER_BOUND('',#1501,.T.);
#330=FACE_OUTER_BOUND('',#1502,.T.);
#331=FACE_OUTER_BOUND('',#1503,.T.);
#332=FACE_OUTER_BOUND('',#1504,.T.);
#333=FACE_OUTER_BOUND('',#1505,.T.);
#334=FACE_OUTER_BOUND('',#1506,.T.);
#335=FACE_OUTER_BOUND('',#1507,.T.);
#336=FACE_OUTER_BOUND('',#1508,.T.);
#337=FACE_OUTER_BOUND('',#1509,.T.);
#338=FACE_OUTER_BOUND('',#1510,.T.);
#339=FACE_OUTER_BOUND('',#1511,.T.);
#340=FACE_OUTER_BOUND('',#1512,.T.);
#341=FACE_OUTER_BOUND('',#1513,.T.);
#342=FACE_OUTER_BOUND('',#1514,.T.);
#343=FACE_OUTER_BOUND('',#1515,.T.);
#344=FACE_OUTER_BOUND('',#1516,.T.);
#345=FACE_OUTER_BOUND('',#1517,.T.);
#346=FACE_OUTER_BOUND('',#1518,.T.);
#347=FACE_OUTER_BOUND('',#1519,.T.);
#348=FACE_OUTER_BOUND('',#1520,.T.);
#349=FACE_OUTER_BOUND('',#1521,.T.);
#350=FACE_OUTER_BOUND('',#1522,.T.);
#351=FACE_OUTER_BOUND('',#1523,.T.);
#352=FACE_OUTER_BOUND('',#1524,.T.);
#353=FACE_OUTER_BOUND('',#1525,.T.);
#354=FACE_OUTER_BOUND('',#1526,.T.);
#355=FACE_OUTER_BOUND('',#1527,.T.);
#356=FACE_OUTER_BOUND('',#1528,.T.);
#357=FACE_OUTER_BOUND('',#1529,.T.);
#358=FACE_OUTER_BOUND('',#1530,.T.);
#359=FACE_OUTER_BOUND('',#1531,.T.);
#360=FACE_OUTER_BOUND('',#1532,.T.);
#361=FACE_OUTER_BOUND('',#1533,.T.);
#362=FACE_OUTER_BOUND('',#1534,.T.);
#363=FACE_OUTER_BOUND('',#1535,.T.);
#364=FACE_OUTER_BOUND('',#1536,.T.);
#365=FACE_OUTER_BOUND('',#1537,.T.);
#366=FACE_OUTER_BOUND('',#1538,.T.);
#367=FACE_OUTER_BOUND('',#1539,.T.);
#368=FACE_OUTER_BOUND('',#1540,.T.);
#369=FACE_OUTER_BOUND('',#1541,.T.);
#370=FACE_OUTER_BOUND('',#1542,.T.);
#371=FACE_OUTER_BOUND('',#1543,.T.);
#372=FACE_OUTER_BOUND('',#1544,.T.);
#373=FACE_OUTER_BOUND('',#1545,.T.);
#374=FACE_OUTER_BOUND('',#1546,.T.);
#375=FACE_OUTER_BOUND('',#1547,.T.);
#376=FACE_OUTER_BOUND('',#1548,.T.);
#377=FACE_OUTER_BOUND('',#1549,.T.);
#378=FACE_OUTER_BOUND('',#1550,.T.);
#379=FACE_OUTER_BOUND('',#1551,.T.);
#380=FACE_OUTER_BOUND('',#1552,.T.);
#381=FACE_OUTER_BOUND('',#1553,.T.);
#382=FACE_OUTER_BOUND('',#1554,.T.);
#383=FACE_OUTER_BOUND('',#1555,.T.);
#384=FACE_OUTER_BOUND('',#1556,.T.);
#385=FACE_OUTER_BOUND('',#1557,.T.);
#386=FACE_OUTER_BOUND('',#1558,.T.);
#387=FACE_OUTER_BOUND('',#1559,.T.);
#388=FACE_OUTER_BOUND('',#1560,.T.);
#389=FACE_OUTER_BOUND('',#1561,.T.);
#390=FACE_OUTER_BOUND('',#1562,.T.);
#391=FACE_OUTER_BOUND('',#1563,.T.);
#392=FACE_OUTER_BOUND('',#1564,.T.);
#393=FACE_OUTER_BOUND('',#1565,.T.);
#394=FACE_OUTER_BOUND('',#1566,.T.);
#395=FACE_OUTER_BOUND('',#1567,.T.);
#396=FACE_OUTER_BOUND('',#1568,.T.);
#397=FACE_OUTER_BOUND('',#1569,.T.);
#398=FACE_OUTER_BOUND('',#1570,.T.);
#399=FACE_OUTER_BOUND('',#1571,.T.);
#400=FACE_OUTER_BOUND('',#1572,.T.);
#401=FACE_OUTER_BOUND('',#1573,.T.);
#402=FACE_OUTER_BOUND('',#1574,.T.);
#403=FACE_OUTER_BOUND('',#1575,.T.);
#404=FACE_OUTER_BOUND('',#1576,.T.);
#405=FACE_OUTER_BOUND('',#1577,.T.);
#406=FACE_OUTER_BOUND('',#1578,.T.);
#407=FACE_OUTER_BOUND('',#1579,.T.);
#408=FACE_OUTER_BOUND('',#1580,.T.);
#409=FACE_OUTER_BOUND('',#1581,.T.);
#410=FACE_OUTER_BOUND('',#1582,.T.);
#411=FACE_OUTER_BOUND('',#1583,.T.);
#412=FACE_OUTER_BOUND('',#1584,.T.);
#413=FACE_OUTER_BOUND('',#1585,.T.);
#414=FACE_OUTER_BOUND('',#1586,.T.);
#415=FACE_OUTER_BOUND('',#1587,.T.);
#416=FACE_OUTER_BOUND('',#1588,.T.);
#417=FACE_OUTER_BOUND('',#1589,.T.);
#418=FACE_OUTER_BOUND('',#1590,.T.);
#419=FACE_OUTER_BOUND('',#1591,.T.);
#420=FACE_OUTER_BOUND('',#1592,.T.);
#421=FACE_OUTER_BOUND('',#1593,.T.);
#422=FACE_OUTER_BOUND('',#1594,.T.);
#423=FACE_OUTER_BOUND('',#1595,.T.);
#424=FACE_OUTER_BOUND('',#1596,.T.);
#425=FACE_OUTER_BOUND('',#1597,.T.);
#426=FACE_OUTER_BOUND('',#1598,.T.);
#427=FACE_OUTER_BOUND('',#1599,.T.);
#428=FACE_OUTER_BOUND('',#1600,.T.);
#429=FACE_OUTER_BOUND('',#1601,.T.);
#430=FACE_OUTER_BOUND('',#1602,.T.);
#431=FACE_OUTER_BOUND('',#1603,.T.);
#432=FACE_OUTER_BOUND('',#1604,.T.);
#433=FACE_OUTER_BOUND('',#1605,.T.);
#434=FACE_OUTER_BOUND('',#1606,.T.);
#435=FACE_OUTER_BOUND('',#1607,.T.);
#436=FACE_OUTER_BOUND('',#1608,.T.);
#437=FACE_OUTER_BOUND('',#1609,.T.);
#438=FACE_OUTER_BOUND('',#1610,.T.);
#439=FACE_OUTER_BOUND('',#1611,.T.);
#440=FACE_OUTER_BOUND('',#1612,.T.);
#441=FACE_OUTER_BOUND('',#1613,.T.);
#442=FACE_OUTER_BOUND('',#1614,.T.);
#443=FACE_OUTER_BOUND('',#1615,.T.);
#444=FACE_OUTER_BOUND('',#1616,.T.);
#445=FACE_OUTER_BOUND('',#1617,.T.);
#446=FACE_OUTER_BOUND('',#1618,.T.);
#447=FACE_OUTER_BOUND('',#1619,.T.);
#448=FACE_OUTER_BOUND('',#1620,.T.);
#449=FACE_OUTER_BOUND('',#1621,.T.);
#450=FACE_OUTER_BOUND('',#1622,.T.);
#451=FACE_OUTER_BOUND('',#1623,.T.);
#452=FACE_OUTER_BOUND('',#1624,.T.);
#453=FACE_OUTER_BOUND('',#1625,.T.);
#454=FACE_OUTER_BOUND('',#1626,.T.);
#455=FACE_OUTER_BOUND('',#1627,.T.);
#456=FACE_OUTER_BOUND('',#1628,.T.);
#457=FACE_OUTER_BOUND('',#1629,.T.);
#458=FACE_OUTER_BOUND('',#1630,.T.);
#459=FACE_OUTER_BOUND('',#1631,.T.);
#460=FACE_OUTER_BOUND('',#1632,.T.);
#461=FACE_OUTER_BOUND('',#1633,.T.);
#462=FACE_OUTER_BOUND('',#1634,.T.);
#463=FACE_OUTER_BOUND('',#1635,.T.);
#464=FACE_OUTER_BOUND('',#1636,.T.);
#465=FACE_OUTER_BOUND('',#1637,.T.);
#466=FACE_OUTER_BOUND('',#1638,.T.);
#467=FACE_OUTER_BOUND('',#1639,.T.);
#468=FACE_OUTER_BOUND('',#1640,.T.);
#469=FACE_OUTER_BOUND('',#1641,.T.);
#470=FACE_OUTER_BOUND('',#1642,.T.);
#471=FACE_OUTER_BOUND('',#1643,.T.);
#472=FACE_OUTER_BOUND('',#1644,.T.);
#473=FACE_OUTER_BOUND('',#1645,.T.);
#474=FACE_OUTER_BOUND('',#1646,.T.);
#475=FACE_OUTER_BOUND('',#1647,.T.);
#476=FACE_OUTER_BOUND('',#1648,.T.);
#477=FACE_OUTER_BOUND('',#1649,.T.);
#478=FACE_OUTER_BOUND('',#1650,.T.);
#479=FACE_OUTER_BOUND('',#1651,.T.);
#480=FACE_OUTER_BOUND('',#1652,.T.);
#481=FACE_OUTER_BOUND('',#1653,.T.);
#482=FACE_OUTER_BOUND('',#1654,.T.);
#483=FACE_OUTER_BOUND('',#1655,.T.);
#484=FACE_OUTER_BOUND('',#1656,.T.);
#485=FACE_OUTER_BOUND('',#1657,.T.);
#486=FACE_OUTER_BOUND('',#1658,.T.);
#487=FACE_OUTER_BOUND('',#1659,.T.);
#488=FACE_OUTER_BOUND('',#1660,.T.);
#489=FACE_OUTER_BOUND('',#1661,.T.);
#490=FACE_OUTER_BOUND('',#1662,.T.);
#491=FACE_OUTER_BOUND('',#1663,.T.);
#492=FACE_OUTER_BOUND('',#1664,.T.);
#493=FACE_OUTER_BOUND('',#1665,.T.);
#494=FACE_OUTER_BOUND('',#1666,.T.);
#495=FACE_OUTER_BOUND('',#1667,.T.);
#496=FACE_OUTER_BOUND('',#1668,.T.);
#497=FACE_OUTER_BOUND('',#1669,.T.);
#498=FACE_OUTER_BOUND('',#1670,.T.);
#499=FACE_OUTER_BOUND('',#1671,.T.);
#500=FACE_OUTER_BOUND('',#1672,.T.);
#501=FACE_OUTER_BOUND('',#1673,.T.);
#502=FACE_OUTER_BOUND('',#1674,.T.);
#503=FACE_OUTER_BOUND('',#1675,.T.);
#504=FACE_OUTER_BOUND('',#1676,.T.);
#505=FACE_OUTER_BOUND('',#1677,.T.);
#506=FACE_OUTER_BOUND('',#1678,.T.);
#507=FACE_OUTER_BOUND('',#1679,.T.);
#508=FACE_OUTER_BOUND('',#1680,.T.);
#509=FACE_OUTER_BOUND('',#1681,.T.);
#510=FACE_OUTER_BOUND('',#1682,.T.);
#511=FACE_OUTER_BOUND('',#1683,.T.);
#512=FACE_OUTER_BOUND('',#1684,.T.);
#513=FACE_OUTER_BOUND('',#1685,.T.);
#514=FACE_OUTER_BOUND('',#1686,.T.);
#515=FACE_OUTER_BOUND('',#1687,.T.);
#516=FACE_OUTER_BOUND('',#1688,.T.);
#517=FACE_OUTER_BOUND('',#1689,.T.);
#518=FACE_OUTER_BOUND('',#1690,.T.);
#519=FACE_OUTER_BOUND('',#1691,.T.);
#520=FACE_OUTER_BOUND('',#1692,.T.);
#521=FACE_OUTER_BOUND('',#1693,.T.);
#522=FACE_OUTER_BOUND('',#1694,.T.);
#523=FACE_OUTER_BOUND('',#1695,.T.);
#524=FACE_OUTER_BOUND('',#1696,.T.);
#525=FACE_OUTER_BOUND('',#1697,.T.);
#526=FACE_OUTER_BOUND('',#1698,.T.);
#527=FACE_OUTER_BOUND('',#1699,.T.);
#528=FACE_OUTER_BOUND('',#1700,.T.);
#529=FACE_OUTER_BOUND('',#1701,.T.);
#530=FACE_OUTER_BOUND('',#1702,.T.);
#531=FACE_OUTER_BOUND('',#1703,.T.);
#532=FACE_OUTER_BOUND('',#1704,.T.);
#533=FACE_OUTER_BOUND('',#1705,.T.);
#534=FACE_OUTER_BOUND('',#1706,.T.);
#535=FACE_OUTER_BOUND('',#1707,.T.);
#536=FACE_OUTER_BOUND('',#1708,.T.);
#537=FACE_OUTER_BOUND('',#1709,.T.);
#538=FACE_OUTER_BOUND('',#1710,.T.);
#539=FACE_OUTER_BOUND('',#1711,.T.);
#540=FACE_OUTER_BOUND('',#1712,.T.);
#541=FACE_OUTER_BOUND('',#1713,.T.);
#542=FACE_OUTER_BOUND('',#1714,.T.);
#543=FACE_OUTER_BOUND('',#1715,.T.);
#544=FACE_OUTER_BOUND('',#1716,.T.);
#545=FACE_OUTER_BOUND('',#1717,.T.);
#546=FACE_OUTER_BOUND('',#1718,.T.);
#547=FACE_OUTER_BOUND('',#1719,.T.);
#548=FACE_OUTER_BOUND('',#1720,.T.);
#549=FACE_OUTER_BOUND('',#1721,.T.);
#550=FACE_OUTER_BOUND('',#1722,.T.);
#551=FACE_OUTER_BOUND('',#1723,.T.);
#552=FACE_OUTER_BOUND('',#1724,.T.);
#553=FACE_OUTER_BOUND('',#1725,.T.);
#554=FACE_OUTER_BOUND('',#1726,.T.);
#555=FACE_OUTER_BOUND('',#1727,.T.);
#556=FACE_OUTER_BOUND('',#1728,.T.);
#557=FACE_OUTER_BOUND('',#1729,.T.);
#558=FACE_OUTER_BOUND('',#1730,.T.);
#559=FACE_OUTER_BOUND('',#1731,.T.);
#560=FACE_OUTER_BOUND('',#1732,.T.);
#561=FACE_OUTER_BOUND('',#1733,.T.);
#562=FACE_OUTER_BOUND('',#1734,.T.);
#563=FACE_OUTER_BOUND('',#1735,.T.);
#564=FACE_OUTER_BOUND('',#1736,.T.);
#565=FACE_OUTER_BOUND('',#1737,.T.);
#566=FACE_OUTER_BOUND('',#1738,.T.);
#567=FACE_OUTER_BOUND('',#1739,.T.);
#568=FACE_OUTER_BOUND('',#1740,.T.);
#569=FACE_OUTER_BOUND('',#1741,.T.);
#570=FACE_OUTER_BOUND('',#1742,.T.);
#571=FACE_OUTER_BOUND('',#1743,.T.);
#572=FACE_OUTER_BOUND('',#1744,.T.);
#573=FACE_OUTER_BOUND('',#1745,.T.);
#574=FACE_OUTER_BOUND('',#1746,.T.);
#575=FACE_OUTER_BOUND('',#1747,.T.);
#576=FACE_OUTER_BOUND('',#1748,.T.);
#577=FACE_OUTER_BOUND('',#1749,.T.);
#578=FACE_OUTER_BOUND('',#1750,.T.);
#579=FACE_OUTER_BOUND('',#1751,.T.);
#580=FACE_OUTER_BOUND('',#1752,.T.);
#581=FACE_OUTER_BOUND('',#1753,.T.);
#582=FACE_OUTER_BOUND('',#1754,.T.);
#583=FACE_OUTER_BOUND('',#1755,.T.);
#584=FACE_OUTER_BOUND('',#1756,.T.);
#585=FACE_OUTER_BOUND('',#1757,.T.);
#586=FACE_OUTER_BOUND('',#1758,.T.);
#587=FACE_OUTER_BOUND('',#1759,.T.);
#588=FACE_OUTER_BOUND('',#1760,.T.);
#589=FACE_OUTER_BOUND('',#1761,.T.);
#590=FACE_OUTER_BOUND('',#1762,.T.);
#591=FACE_OUTER_BOUND('',#1763,.T.);
#592=FACE_OUTER_BOUND('',#1764,.T.);
#593=FACE_OUTER_BOUND('',#1765,.T.);
#594=FACE_OUTER_BOUND('',#1766,.T.);
#595=FACE_OUTER_BOUND('',#1767,.T.);
#596=FACE_OUTER_BOUND('',#1768,.T.);
#597=FACE_OUTER_BOUND('',#1769,.T.);
#598=FACE_OUTER_BOUND('',#1770,.T.);
#599=FACE_OUTER_BOUND('',#1771,.T.);
#600=FACE_OUTER_BOUND('',#1772,.T.);
#601=FACE_OUTER_BOUND('',#1773,.T.);
#602=FACE_OUTER_BOUND('',#1774,.T.);
#603=FACE_OUTER_BOUND('',#1775,.T.);
#604=FACE_OUTER_BOUND('',#1776,.T.);
#605=FACE_OUTER_BOUND('',#1777,.T.);
#606=FACE_OUTER_BOUND('',#1778,.T.);
#607=FACE_OUTER_BOUND('',#1779,.T.);
#608=FACE_OUTER_BOUND('',#1780,.T.);
#609=FACE_OUTER_BOUND('',#1781,.T.);
#610=FACE_OUTER_BOUND('',#1782,.T.);
#611=FACE_OUTER_BOUND('',#1783,.T.);
#612=FACE_OUTER_BOUND('',#1784,.T.);
#613=FACE_OUTER_BOUND('',#1785,.T.);
#614=FACE_OUTER_BOUND('',#1786,.T.);
#615=FACE_OUTER_BOUND('',#1787,.T.);
#616=FACE_OUTER_BOUND('',#1788,.T.);
#617=FACE_OUTER_BOUND('',#1789,.T.);
#618=FACE_OUTER_BOUND('',#1790,.T.);
#619=FACE_OUTER_BOUND('',#1791,.T.);
#620=FACE_OUTER_BOUND('',#1792,.T.);
#621=FACE_OUTER_BOUND('',#1793,.T.);
#622=ADVANCED_FACE('',(#1377,#1378),#1030,.F.);
#623=ADVANCED_FACE('',(#217),#1031,.F.);
#624=ADVANCED_FACE('',(#218),#1032,.T.);
#625=ADVANCED_FACE('',(#219),#1033,.T.);
#626=ADVANCED_FACE('',(#220),#1034,.T.);
#627=ADVANCED_FACE('',(#221),#1035,.F.);
#628=ADVANCED_FACE('',(#222),#1036,.F.);
#629=ADVANCED_FACE('',(#223),#1037,.F.);
#630=ADVANCED_FACE('',(#224),#1038,.F.);
#631=ADVANCED_FACE('',(#225),#1039,.T.);
#632=ADVANCED_FACE('',(#226),#1040,.T.);
#633=ADVANCED_FACE('',(#227),#1041,.T.);
#634=ADVANCED_FACE('',(#1379,#1380),#1042,.F.);
#635=ADVANCED_FACE('',(#228),#1043,.F.);
#636=ADVANCED_FACE('',(#229),#1044,.T.);
#637=ADVANCED_FACE('',(#230),#1045,.T.);
#638=ADVANCED_FACE('',(#231),#1046,.T.);
#639=ADVANCED_FACE('',(#232),#1047,.T.);
#640=ADVANCED_FACE('',(#233),#1048,.T.);
#641=ADVANCED_FACE('',(#234),#1049,.T.);
#642=ADVANCED_FACE('',(#235),#1050,.T.);
#643=ADVANCED_FACE('',(#236),#1051,.T.);
#644=ADVANCED_FACE('',(#237),#1052,.T.);
#645=ADVANCED_FACE('',(#238),#1053,.T.);
#646=ADVANCED_FACE('',(#239),#1054,.F.);
#647=ADVANCED_FACE('',(#240),#1055,.T.);
#648=ADVANCED_FACE('',(#241),#1056,.F.);
#649=ADVANCED_FACE('',(#242),#1057,.F.);
#650=ADVANCED_FACE('',(#243),#1058,.F.);
#651=ADVANCED_FACE('',(#244),#1059,.F.);
#652=ADVANCED_FACE('',(#245),#1060,.F.);
#653=ADVANCED_FACE('',(#246),#1061,.F.);
#654=ADVANCED_FACE('',(#1381,#1382),#1062,.T.);
#655=ADVANCED_FACE('',(#247),#1063,.T.);
#656=ADVANCED_FACE('',(#248),#1064,.T.);
#657=ADVANCED_FACE('',(#249),#1065,.T.);
#658=ADVANCED_FACE('',(#250),#1066,.F.);
#659=ADVANCED_FACE('',(#251),#1067,.T.);
#660=ADVANCED_FACE('',(#252),#1068,.T.);
#661=ADVANCED_FACE('',(#253),#1069,.T.);
#662=ADVANCED_FACE('',(#254),#1070,.F.);
#663=ADVANCED_FACE('',(#255),#1071,.F.);
#664=ADVANCED_FACE('',(#256),#1072,.T.);
#665=ADVANCED_FACE('',(#257),#1073,.F.);
#666=ADVANCED_FACE('',(#258),#1074,.F.);
#667=ADVANCED_FACE('',(#259),#1075,.F.);
#668=ADVANCED_FACE('',(#260),#1076,.T.);
#669=ADVANCED_FACE('',(#261),#1077,.T.);
#670=ADVANCED_FACE('',(#262),#1078,.T.);
#671=ADVANCED_FACE('',(#263),#1079,.T.);
#672=ADVANCED_FACE('',(#264),#1080,.T.);
#673=ADVANCED_FACE('',(#265),#1081,.F.);
#674=ADVANCED_FACE('',(#266),#1082,.F.);
#675=ADVANCED_FACE('',(#267),#1083,.F.);
#676=ADVANCED_FACE('',(#268),#1084,.T.);
#677=ADVANCED_FACE('',(#269),#1085,.F.);
#678=ADVANCED_FACE('',(#270),#1086,.F.);
#679=ADVANCED_FACE('',(#271),#1087,.F.);
#680=ADVANCED_FACE('',(#272),#1088,.F.);
#681=ADVANCED_FACE('',(#273),#1089,.T.);
#682=ADVANCED_FACE('',(#274),#1090,.T.);
#683=ADVANCED_FACE('',(#275),#1091,.F.);
#684=ADVANCED_FACE('',(#276),#1092,.F.);
#685=ADVANCED_FACE('',(#277),#1093,.T.);
#686=ADVANCED_FACE('',(#278),#1094,.T.);
#687=ADVANCED_FACE('',(#279),#1095,.F.);
#688=ADVANCED_FACE('',(#280),#1096,.F.);
#689=ADVANCED_FACE('',(#281),#1097,.F.);
#690=ADVANCED_FACE('',(#282),#1098,.F.);
#691=ADVANCED_FACE('',(#283),#1099,.F.);
#692=ADVANCED_FACE('',(#284),#1100,.F.);
#693=ADVANCED_FACE('',(#285),#1101,.F.);
#694=ADVANCED_FACE('',(#286),#1102,.F.);
#695=ADVANCED_FACE('',(#287),#1103,.F.);
#696=ADVANCED_FACE('',(#288),#1104,.F.);
#697=ADVANCED_FACE('',(#289),#1105,.F.);
#698=ADVANCED_FACE('',(#290),#1106,.F.);
#699=ADVANCED_FACE('',(#291),#1107,.F.);
#700=ADVANCED_FACE('',(#292),#1108,.F.);
#701=ADVANCED_FACE('',(#293),#1109,.F.);
#702=ADVANCED_FACE('',(#294),#1110,.F.);
#703=ADVANCED_FACE('',(#295),#1111,.T.);
#704=ADVANCED_FACE('',(#296),#1112,.T.);
#705=ADVANCED_FACE('',(#297),#1113,.F.);
#706=ADVANCED_FACE('',(#298),#1114,.T.);
#707=ADVANCED_FACE('',(#299),#1115,.F.);
#708=ADVANCED_FACE('',(#300),#1116,.T.);
#709=ADVANCED_FACE('',(#301),#1117,.F.);
#710=ADVANCED_FACE('',(#302),#1118,.T.);
#711=ADVANCED_FACE('',(#303),#1119,.T.);
#712=ADVANCED_FACE('',(#304),#1120,.F.);
#713=ADVANCED_FACE('',(#305),#1121,.T.);
#714=ADVANCED_FACE('',(#306),#1122,.F.);
#715=ADVANCED_FACE('',(#307),#1123,.F.);
#716=ADVANCED_FACE('',(#308),#1124,.F.);
#717=ADVANCED_FACE('',(#309),#34,.F.);
#718=ADVANCED_FACE('',(#310),#35,.F.);
#719=ADVANCED_FACE('',(#311),#1125,.F.);
#720=ADVANCED_FACE('',(#312),#1126,.F.);
#721=ADVANCED_FACE('',(#313),#36,.F.);
#722=ADVANCED_FACE('',(#314),#1127,.T.);
#723=ADVANCED_FACE('',(#315),#1128,.T.);
#724=ADVANCED_FACE('',(#316),#1129,.F.);
#725=ADVANCED_FACE('',(#317),#1130,.F.);
#726=ADVANCED_FACE('',(#318),#1131,.F.);
#727=ADVANCED_FACE('',(#319),#1132,.F.);
#728=ADVANCED_FACE('',(#320),#1133,.F.);
#729=ADVANCED_FACE('',(#321),#1134,.F.);
#730=ADVANCED_FACE('',(#322),#37,.F.);
#731=ADVANCED_FACE('',(#323),#1135,.T.);
#732=ADVANCED_FACE('',(#324),#1136,.T.);
#733=ADVANCED_FACE('',(#325),#1137,.T.);
#734=ADVANCED_FACE('',(#326),#1138,.F.);
#735=ADVANCED_FACE('',(#327),#1139,.F.);
#736=ADVANCED_FACE('',(#328),#1140,.F.);
#737=ADVANCED_FACE('',(#329),#1141,.F.);
#738=ADVANCED_FACE('',(#330),#1142,.T.);
#739=ADVANCED_FACE('',(#331),#1143,.F.);
#740=ADVANCED_FACE('',(#332),#1144,.F.);
#741=ADVANCED_FACE('',(#333),#1145,.F.);
#742=ADVANCED_FACE('',(#334),#1146,.F.);
#743=ADVANCED_FACE('',(#335),#38,.F.);
#744=ADVANCED_FACE('',(#336),#39,.F.);
#745=ADVANCED_FACE('',(#337),#40,.F.);
#746=ADVANCED_FACE('',(#338),#41,.F.);
#747=ADVANCED_FACE('',(#339),#1147,.F.);
#748=ADVANCED_FACE('',(#340),#1148,.T.);
#749=ADVANCED_FACE('',(#341),#1149,.F.);
#750=ADVANCED_FACE('',(#342),#1150,.T.);
#751=ADVANCED_FACE('',(#343),#1151,.F.);
#752=ADVANCED_FACE('',(#344),#42,.T.);
#753=ADVANCED_FACE('',(#345),#1152,.T.);
#754=ADVANCED_FACE('',(#346),#1153,.F.);
#755=ADVANCED_FACE('',(#347),#1154,.F.);
#756=ADVANCED_FACE('',(#348),#1155,.F.);
#757=ADVANCED_FACE('',(#349),#1156,.F.);
#758=ADVANCED_FACE('',(#350),#1157,.F.);
#759=ADVANCED_FACE('',(#351),#1158,.T.);
#760=ADVANCED_FACE('',(#352),#1159,.T.);
#761=ADVANCED_FACE('',(#353),#1160,.T.);
#762=ADVANCED_FACE('',(#354),#1161,.F.);
#763=ADVANCED_FACE('',(#355),#1162,.T.);
#764=ADVANCED_FACE('',(#356),#1163,.T.);
#765=ADVANCED_FACE('',(#357),#1164,.F.);
#766=ADVANCED_FACE('',(#358),#1165,.T.);
#767=ADVANCED_FACE('',(#359),#1166,.F.);
#768=ADVANCED_FACE('',(#360),#1167,.F.);
#769=ADVANCED_FACE('',(#361),#1168,.T.);
#770=ADVANCED_FACE('',(#362),#1169,.F.);
#771=ADVANCED_FACE('',(#363),#43,.T.);
#772=ADVANCED_FACE('',(#364),#1170,.F.);
#773=ADVANCED_FACE('',(#365),#44,.T.);
#774=ADVANCED_FACE('',(#366),#1171,.F.);
#775=ADVANCED_FACE('',(#367),#45,.T.);
#776=ADVANCED_FACE('',(#368),#1172,.F.);
#777=ADVANCED_FACE('',(#369),#1173,.F.);
#778=ADVANCED_FACE('',(#370),#1174,.F.);
#779=ADVANCED_FACE('',(#371),#1175,.T.);
#780=ADVANCED_FACE('',(#372),#1176,.F.);
#781=ADVANCED_FACE('',(#373),#46,.T.);
#782=ADVANCED_FACE('',(#374),#1177,.T.);
#783=ADVANCED_FACE('',(#375),#1178,.T.);
#784=ADVANCED_FACE('',(#376),#1179,.T.);
#785=ADVANCED_FACE('',(#377),#1180,.F.);
#786=ADVANCED_FACE('',(#378),#1181,.T.);
#787=ADVANCED_FACE('',(#379),#1182,.T.);
#788=ADVANCED_FACE('',(#380),#1183,.F.);
#789=ADVANCED_FACE('',(#381),#1184,.F.);
#790=ADVANCED_FACE('',(#382),#1185,.T.);
#791=ADVANCED_FACE('',(#383),#1186,.F.);
#792=ADVANCED_FACE('',(#384),#47,.T.);
#793=ADVANCED_FACE('',(#385),#1187,.F.);
#794=ADVANCED_FACE('',(#386),#48,.T.);
#795=ADVANCED_FACE('',(#387),#1188,.F.);
#796=ADVANCED_FACE('',(#388),#1189,.T.);
#797=ADVANCED_FACE('',(#389),#1190,.F.);
#798=ADVANCED_FACE('',(#390),#1191,.F.);
#799=ADVANCED_FACE('',(#391),#1192,.T.);
#800=ADVANCED_FACE('',(#392),#1193,.F.);
#801=ADVANCED_FACE('',(#393),#49,.T.);
#802=ADVANCED_FACE('',(#394),#1194,.F.);
#803=ADVANCED_FACE('',(#395),#50,.T.);
#804=ADVANCED_FACE('',(#396),#1195,.F.);
#805=ADVANCED_FACE('',(#397),#1196,.T.);
#806=ADVANCED_FACE('',(#398),#1197,.F.);
#807=ADVANCED_FACE('',(#399),#1198,.F.);
#808=ADVANCED_FACE('',(#400),#1199,.T.);
#809=ADVANCED_FACE('',(#401),#1200,.F.);
#810=ADVANCED_FACE('',(#402),#51,.T.);
#811=ADVANCED_FACE('',(#403),#1201,.F.);
#812=ADVANCED_FACE('',(#404),#52,.T.);
#813=ADVANCED_FACE('',(#405),#1202,.F.);
#814=ADVANCED_FACE('',(#406),#1203,.T.);
#815=ADVANCED_FACE('',(#407),#1204,.F.);
#816=ADVANCED_FACE('',(#408),#1205,.F.);
#817=ADVANCED_FACE('',(#409),#1206,.T.);
#818=ADVANCED_FACE('',(#410),#1207,.F.);
#819=ADVANCED_FACE('',(#411),#53,.T.);
#820=ADVANCED_FACE('',(#412),#1208,.F.);
#821=ADVANCED_FACE('',(#413),#54,.T.);
#822=ADVANCED_FACE('',(#414),#1209,.F.);
#823=ADVANCED_FACE('',(#415),#1210,.T.);
#824=ADVANCED_FACE('',(#416),#1211,.F.);
#825=ADVANCED_FACE('',(#417),#1212,.F.);
#826=ADVANCED_FACE('',(#418),#1213,.T.);
#827=ADVANCED_FACE('',(#419),#1214,.F.);
#828=ADVANCED_FACE('',(#420),#55,.T.);
#829=ADVANCED_FACE('',(#421),#1215,.F.);
#830=ADVANCED_FACE('',(#422),#56,.T.);
#831=ADVANCED_FACE('',(#423),#1216,.F.);
#832=ADVANCED_FACE('',(#424),#1217,.T.);
#833=ADVANCED_FACE('',(#425),#1218,.F.);
#834=ADVANCED_FACE('',(#426),#1219,.F.);
#835=ADVANCED_FACE('',(#427),#1220,.T.);
#836=ADVANCED_FACE('',(#428),#1221,.F.);
#837=ADVANCED_FACE('',(#429),#57,.T.);
#838=ADVANCED_FACE('',(#430),#1222,.F.);
#839=ADVANCED_FACE('',(#431),#58,.T.);
#840=ADVANCED_FACE('',(#432),#1223,.F.);
#841=ADVANCED_FACE('',(#433),#1224,.T.);
#842=ADVANCED_FACE('',(#434),#1225,.F.);
#843=ADVANCED_FACE('',(#435),#1226,.F.);
#844=ADVANCED_FACE('',(#436),#1227,.T.);
#845=ADVANCED_FACE('',(#437),#1228,.F.);
#846=ADVANCED_FACE('',(#438),#59,.T.);
#847=ADVANCED_FACE('',(#439),#1229,.F.);
#848=ADVANCED_FACE('',(#440),#60,.T.);
#849=ADVANCED_FACE('',(#441),#1230,.F.);
#850=ADVANCED_FACE('',(#442),#1231,.T.);
#851=ADVANCED_FACE('',(#443),#1232,.F.);
#852=ADVANCED_FACE('',(#444),#1233,.F.);
#853=ADVANCED_FACE('',(#445),#1234,.T.);
#854=ADVANCED_FACE('',(#446),#1235,.F.);
#855=ADVANCED_FACE('',(#447),#61,.T.);
#856=ADVANCED_FACE('',(#448),#1236,.F.);
#857=ADVANCED_FACE('',(#449),#62,.T.);
#858=ADVANCED_FACE('',(#450),#1237,.F.);
#859=ADVANCED_FACE('',(#451),#1238,.T.);
#860=ADVANCED_FACE('',(#452),#1239,.F.);
#861=ADVANCED_FACE('',(#453),#1240,.F.);
#862=ADVANCED_FACE('',(#454),#1241,.T.);
#863=ADVANCED_FACE('',(#455),#1242,.F.);
#864=ADVANCED_FACE('',(#456),#63,.T.);
#865=ADVANCED_FACE('',(#457),#1243,.F.);
#866=ADVANCED_FACE('',(#458),#64,.T.);
#867=ADVANCED_FACE('',(#459),#1244,.F.);
#868=ADVANCED_FACE('',(#460),#1245,.T.);
#869=ADVANCED_FACE('',(#461),#1246,.F.);
#870=ADVANCED_FACE('',(#462),#1247,.F.);
#871=ADVANCED_FACE('',(#463),#1248,.T.);
#872=ADVANCED_FACE('',(#464),#1249,.F.);
#873=ADVANCED_FACE('',(#465),#65,.T.);
#874=ADVANCED_FACE('',(#466),#1250,.F.);
#875=ADVANCED_FACE('',(#467),#66,.T.);
#876=ADVANCED_FACE('',(#468),#1251,.F.);
#877=ADVANCED_FACE('',(#469),#1252,.T.);
#878=ADVANCED_FACE('',(#470),#1253,.F.);
#879=ADVANCED_FACE('',(#471),#1254,.F.);
#880=ADVANCED_FACE('',(#472),#1255,.T.);
#881=ADVANCED_FACE('',(#473),#1256,.F.);
#882=ADVANCED_FACE('',(#474),#67,.T.);
#883=ADVANCED_FACE('',(#475),#1257,.F.);
#884=ADVANCED_FACE('',(#476),#68,.T.);
#885=ADVANCED_FACE('',(#477),#1258,.F.);
#886=ADVANCED_FACE('',(#478),#1259,.T.);
#887=ADVANCED_FACE('',(#479),#1260,.F.);
#888=ADVANCED_FACE('',(#480),#1261,.F.);
#889=ADVANCED_FACE('',(#481),#1262,.T.);
#890=ADVANCED_FACE('',(#482),#1263,.F.);
#891=ADVANCED_FACE('',(#483),#69,.T.);
#892=ADVANCED_FACE('',(#484),#1264,.F.);
#893=ADVANCED_FACE('',(#485),#70,.T.);
#894=ADVANCED_FACE('',(#486),#1265,.F.);
#895=ADVANCED_FACE('',(#487),#1266,.T.);
#896=ADVANCED_FACE('',(#488),#1267,.F.);
#897=ADVANCED_FACE('',(#489),#1268,.F.);
#898=ADVANCED_FACE('',(#490),#1269,.T.);
#899=ADVANCED_FACE('',(#491),#1270,.F.);
#900=ADVANCED_FACE('',(#492),#71,.T.);
#901=ADVANCED_FACE('',(#493),#1271,.F.);
#902=ADVANCED_FACE('',(#494),#72,.T.);
#903=ADVANCED_FACE('',(#495),#1272,.F.);
#904=ADVANCED_FACE('',(#496),#1273,.T.);
#905=ADVANCED_FACE('',(#497),#1274,.F.);
#906=ADVANCED_FACE('',(#498),#1275,.F.);
#907=ADVANCED_FACE('',(#499),#1276,.T.);
#908=ADVANCED_FACE('',(#500),#1277,.F.);
#909=ADVANCED_FACE('',(#501),#73,.T.);
#910=ADVANCED_FACE('',(#502),#1278,.F.);
#911=ADVANCED_FACE('',(#503),#74,.T.);
#912=ADVANCED_FACE('',(#504),#1279,.F.);
#913=ADVANCED_FACE('',(#505),#1280,.T.);
#914=ADVANCED_FACE('',(#506),#1281,.F.);
#915=ADVANCED_FACE('',(#507),#1282,.F.);
#916=ADVANCED_FACE('',(#508),#1283,.T.);
#917=ADVANCED_FACE('',(#509),#1284,.F.);
#918=ADVANCED_FACE('',(#510),#75,.T.);
#919=ADVANCED_FACE('',(#511),#1285,.F.);
#920=ADVANCED_FACE('',(#512),#76,.T.);
#921=ADVANCED_FACE('',(#513),#1286,.F.);
#922=ADVANCED_FACE('',(#514),#77,.T.);
#923=ADVANCED_FACE('',(#515),#1287,.T.);
#924=ADVANCED_FACE('',(#516),#1288,.F.);
#925=ADVANCED_FACE('',(#517),#1289,.F.);
#926=ADVANCED_FACE('',(#518),#1290,.F.);
#927=ADVANCED_FACE('',(#519),#1291,.F.);
#928=ADVANCED_FACE('',(#520),#78,.T.);
#929=ADVANCED_FACE('',(#521),#1292,.T.);
#930=ADVANCED_FACE('',(#522),#1293,.F.);
#931=ADVANCED_FACE('',(#523),#1294,.F.);
#932=ADVANCED_FACE('',(#524),#1295,.F.);
#933=ADVANCED_FACE('',(#525),#1296,.F.);
#934=ADVANCED_FACE('',(#526),#79,.T.);
#935=ADVANCED_FACE('',(#527),#1297,.T.);
#936=ADVANCED_FACE('',(#528),#1298,.F.);
#937=ADVANCED_FACE('',(#529),#1299,.F.);
#938=ADVANCED_FACE('',(#530),#1300,.F.);
#939=ADVANCED_FACE('',(#531),#1301,.F.);
#940=ADVANCED_FACE('',(#532),#80,.T.);
#941=ADVANCED_FACE('',(#533),#1302,.T.);
#942=ADVANCED_FACE('',(#534),#1303,.F.);
#943=ADVANCED_FACE('',(#535),#1304,.F.);
#944=ADVANCED_FACE('',(#536),#1305,.F.);
#945=ADVANCED_FACE('',(#537),#1306,.F.);
#946=ADVANCED_FACE('',(#538),#81,.T.);
#947=ADVANCED_FACE('',(#539),#1307,.T.);
#948=ADVANCED_FACE('',(#540),#1308,.F.);
#949=ADVANCED_FACE('',(#541),#1309,.F.);
#950=ADVANCED_FACE('',(#542),#1310,.F.);
#951=ADVANCED_FACE('',(#543),#1311,.F.);
#952=ADVANCED_FACE('',(#544),#82,.T.);
#953=ADVANCED_FACE('',(#545),#1312,.T.);
#954=ADVANCED_FACE('',(#546),#1313,.F.);
#955=ADVANCED_FACE('',(#547),#1314,.F.);
#956=ADVANCED_FACE('',(#548),#1315,.F.);
#957=ADVANCED_FACE('',(#549),#1316,.F.);
#958=ADVANCED_FACE('',(#550),#83,.T.);
#959=ADVANCED_FACE('',(#551),#1317,.T.);
#960=ADVANCED_FACE('',(#552),#1318,.F.);
#961=ADVANCED_FACE('',(#553),#1319,.F.);
#962=ADVANCED_FACE('',(#554),#1320,.F.);
#963=ADVANCED_FACE('',(#555),#1321,.F.);
#964=ADVANCED_FACE('',(#556),#84,.T.);
#965=ADVANCED_FACE('',(#557),#1322,.T.);
#966=ADVANCED_FACE('',(#558),#1323,.T.);
#967=ADVANCED_FACE('',(#559),#1324,.T.);
#968=ADVANCED_FACE('',(#560),#1325,.F.);
#969=ADVANCED_FACE('',(#561),#1326,.T.);
#970=ADVANCED_FACE('',(#562),#85,.T.);
#971=ADVANCED_FACE('',(#563),#1327,.T.);
#972=ADVANCED_FACE('',(#564),#1328,.T.);
#973=ADVANCED_FACE('',(#565),#1329,.T.);
#974=ADVANCED_FACE('',(#566),#1330,.F.);
#975=ADVANCED_FACE('',(#567),#1331,.T.);
#976=ADVANCED_FACE('',(#568),#86,.T.);
#977=ADVANCED_FACE('',(#569),#1332,.T.);
#978=ADVANCED_FACE('',(#570),#1333,.T.);
#979=ADVANCED_FACE('',(#571),#1334,.T.);
#980=ADVANCED_FACE('',(#572),#1335,.F.);
#981=ADVANCED_FACE('',(#573),#1336,.T.);
#982=ADVANCED_FACE('',(#574),#87,.T.);
#983=ADVANCED_FACE('',(#575),#1337,.T.);
#984=ADVANCED_FACE('',(#576),#1338,.T.);
#985=ADVANCED_FACE('',(#577),#1339,.T.);
#986=ADVANCED_FACE('',(#578),#1340,.F.);
#987=ADVANCED_FACE('',(#579),#1341,.T.);
#988=ADVANCED_FACE('',(#580),#88,.T.);
#989=ADVANCED_FACE('',(#581),#1342,.T.);
#990=ADVANCED_FACE('',(#582),#1343,.T.);
#991=ADVANCED_FACE('',(#583),#1344,.T.);
#992=ADVANCED_FACE('',(#584),#1345,.F.);
#993=ADVANCED_FACE('',(#585),#1346,.T.);
#994=ADVANCED_FACE('',(#586),#89,.T.);
#995=ADVANCED_FACE('',(#587),#1347,.T.);
#996=ADVANCED_FACE('',(#588),#1348,.T.);
#997=ADVANCED_FACE('',(#589),#1349,.T.);
#998=ADVANCED_FACE('',(#590),#1350,.F.);
#999=ADVANCED_FACE('',(#591),#1351,.T.);
#1000=ADVANCED_FACE('',(#592),#90,.T.);
#1001=ADVANCED_FACE('',(#593),#1352,.T.);
#1002=ADVANCED_FACE('',(#594),#1353,.T.);
#1003=ADVANCED_FACE('',(#595),#1354,.T.);
#1004=ADVANCED_FACE('',(#596),#1355,.F.);
#1005=ADVANCED_FACE('',(#597),#1356,.T.);
#1006=ADVANCED_FACE('',(#598),#91,.T.);
#1007=ADVANCED_FACE('',(#599),#1357,.F.);
#1008=ADVANCED_FACE('',(#600),#1358,.T.);
#1009=ADVANCED_FACE('',(#601),#1359,.T.);
#1010=ADVANCED_FACE('',(#602),#1360,.T.);
#1011=ADVANCED_FACE('',(#603),#1361,.T.);
#1012=ADVANCED_FACE('',(#604),#92,.T.);
#1013=ADVANCED_FACE('',(#605),#1362,.F.);
#1014=ADVANCED_FACE('',(#606),#1363,.T.);
#1015=ADVANCED_FACE('',(#607),#1364,.T.);
#1016=ADVANCED_FACE('',(#608),#1365,.T.);
#1017=ADVANCED_FACE('',(#609),#1366,.T.);
#1018=ADVANCED_FACE('',(#610),#93,.T.);
#1019=ADVANCED_FACE('',(#611),#1367,.T.);
#1020=ADVANCED_FACE('',(#612),#1368,.F.);
#1021=ADVANCED_FACE('',(#613),#1369,.F.);
#1022=ADVANCED_FACE('',(#614),#1370,.F.);
#1023=ADVANCED_FACE('',(#615),#1371,.F.);
#1024=ADVANCED_FACE('',(#616),#94,.T.);
#1025=ADVANCED_FACE('',(#617),#1372,.T.);
#1026=ADVANCED_FACE('',(#618),#1373,.F.);
#1027=ADVANCED_FACE('',(#619),#1374,.F.);
#1028=ADVANCED_FACE('',(#620),#1375,.F.);
#1029=ADVANCED_FACE('',(#621),#1376,.F.);
#1030=PLANE('',#8978);
#1031=PLANE('',#8979);
#1032=PLANE('',#8980);
#1033=PLANE('',#8981);
#1034=PLANE('',#8982);
#1035=PLANE('',#8983);
#1036=PLANE('',#8984);
#1037=PLANE('',#8985);
#1038=PLANE('',#8986);
#1039=PLANE('',#8987);
#1040=PLANE('',#8988);
#1041=PLANE('',#8989);
#1042=PLANE('',#8990);
#1043=PLANE('',#8991);
#1044=PLANE('',#8992);
#1045=PLANE('',#8993);
#1046=PLANE('',#8994);
#1047=PLANE('',#8995);
#1048=PLANE('',#8998);
#1049=PLANE('',#8999);
#1050=PLANE('',#9000);
#1051=PLANE('',#9001);
#1052=PLANE('',#9002);
#1053=PLANE('',#9003);
#1054=PLANE('',#9004);
#1055=PLANE('',#9005);
#1056=PLANE('',#9006);
#1057=PLANE('',#9007);
#1058=PLANE('',#9008);
#1059=PLANE('',#9009);
#1060=PLANE('',#9010);
#1061=PLANE('',#9011);
#1062=PLANE('',#9012);
#1063=PLANE('',#9013);
#1064=PLANE('',#9014);
#1065=PLANE('',#9015);
#1066=PLANE('',#9016);
#1067=PLANE('',#9017);
#1068=PLANE('',#9018);
#1069=PLANE('',#9019);
#1070=PLANE('',#9020);
#1071=PLANE('',#9021);
#1072=PLANE('',#9022);
#1073=PLANE('',#9023);
#1074=PLANE('',#9024);
#1075=PLANE('',#9025);
#1076=PLANE('',#9026);
#1077=PLANE('',#9027);
#1078=PLANE('',#9028);
#1079=PLANE('',#9029);
#1080=PLANE('',#9030);
#1081=PLANE('',#9031);
#1082=PLANE('',#9032);
#1083=PLANE('',#9033);
#1084=PLANE('',#9034);
#1085=PLANE('',#9035);
#1086=PLANE('',#9036);
#1087=PLANE('',#9037);
#1088=PLANE('',#9038);
#1089=PLANE('',#9039);
#1090=PLANE('',#9040);
#1091=PLANE('',#9041);
#1092=PLANE('',#9042);
#1093=PLANE('',#9043);
#1094=PLANE('',#9044);
#1095=PLANE('',#9045);
#1096=PLANE('',#9046);
#1097=PLANE('',#9047);
#1098=PLANE('',#9048);
#1099=PLANE('',#9049);
#1100=PLANE('',#9050);
#1101=PLANE('',#9051);
#1102=PLANE('',#9052);
#1103=PLANE('',#9053);
#1104=PLANE('',#9054);
#1105=PLANE('',#9055);
#1106=PLANE('',#9056);
#1107=PLANE('',#9057);
#1108=PLANE('',#9058);
#1109=PLANE('',#9059);
#1110=PLANE('',#9060);
#1111=PLANE('',#9061);
#1112=PLANE('',#9062);
#1113=PLANE('',#9063);
#1114=PLANE('',#9064);
#1115=PLANE('',#9067);
#1116=PLANE('',#9068);
#1117=PLANE('',#9069);
#1118=PLANE('',#9072);
#1119=PLANE('',#9074);
#1120=PLANE('',#9075);
#1121=PLANE('',#9076);
#1122=PLANE('',#9077);
#1123=PLANE('',#9078);
#1124=PLANE('',#9079);
#1125=PLANE('',#9083);
#1126=PLANE('',#9084);
#1127=PLANE('',#9089);
#1128=PLANE('',#9092);
#1129=PLANE('',#9093);
#1130=PLANE('',#9094);
#1131=PLANE('',#9095);
#1132=PLANE('',#9096);
#1133=PLANE('',#9097);
#1134=PLANE('',#9098);
#1135=PLANE('',#9101);
#1136=PLANE('',#9102);
#1137=PLANE('',#9103);
#1138=PLANE('',#9106);
#1139=PLANE('',#9107);
#1140=PLANE('',#9108);
#1141=PLANE('',#9109);
#1142=PLANE('',#9110);
#1143=PLANE('',#9111);
#1144=PLANE('',#9112);
#1145=PLANE('',#9113);
#1146=PLANE('',#9114);
#1147=PLANE('',#9119);
#1148=PLANE('',#9120);
#1149=PLANE('',#9121);
#1150=PLANE('',#9122);
#1151=PLANE('',#9123);
#1152=PLANE('',#9127);
#1153=PLANE('',#9128);
#1154=PLANE('',#9129);
#1155=PLANE('',#9130);
#1156=PLANE('',#9131);
#1157=PLANE('',#9132);
#1158=PLANE('',#9133);
#1159=PLANE('',#9134);
#1160=PLANE('',#9135);
#1161=PLANE('',#9136);
#1162=PLANE('',#9137);
#1163=PLANE('',#9138);
#1164=PLANE('',#9139);
#1165=PLANE('',#9140);
#1166=PLANE('',#9141);
#1167=PLANE('',#9142);
#1168=PLANE('',#9145);
#1169=PLANE('',#9148);
#1170=PLANE('',#9150);
#1171=PLANE('',#9152);
#1172=PLANE('',#9156);
#1173=PLANE('',#9157);
#1174=PLANE('',#9158);
#1175=PLANE('',#9159);
#1176=PLANE('',#9160);
#1177=PLANE('',#9164);
#1178=PLANE('',#9165);
#1179=PLANE('',#9166);
#1180=PLANE('',#9167);
#1181=PLANE('',#9168);
#1182=PLANE('',#9169);
#1183=PLANE('',#9170);
#1184=PLANE('',#9171);
#1185=PLANE('',#9174);
#1186=PLANE('',#9177);
#1187=PLANE('',#9179);
#1188=PLANE('',#9181);
#1189=PLANE('',#9182);
#1190=PLANE('',#9183);
#1191=PLANE('',#9184);
#1192=PLANE('',#9187);
#1193=PLANE('',#9190);
#1194=PLANE('',#9192);
#1195=PLANE('',#9194);
#1196=PLANE('',#9195);
#1197=PLANE('',#9196);
#1198=PLANE('',#9197);
#1199=PLANE('',#9200);
#1200=PLANE('',#9203);
#1201=PLANE('',#9205);
#1202=PLANE('',#9207);
#1203=PLANE('',#9208);
#1204=PLANE('',#9209);
#1205=PLANE('',#9210);
#1206=PLANE('',#9213);
#1207=PLANE('',#9216);
#1208=PLANE('',#9218);
#1209=PLANE('',#9220);
#1210=PLANE('',#9221);
#1211=PLANE('',#9222);
#1212=PLANE('',#9223);
#1213=PLANE('',#9226);
#1214=PLANE('',#9229);
#1215=PLANE('',#9231);
#1216=PLANE('',#9233);
#1217=PLANE('',#9234);
#1218=PLANE('',#9235);
#1219=PLANE('',#9236);
#1220=PLANE('',#9239);
#1221=PLANE('',#9242);
#1222=PLANE('',#9244);
#1223=PLANE('',#9246);
#1224=PLANE('',#9247);
#1225=PLANE('',#9248);
#1226=PLANE('',#9249);
#1227=PLANE('',#9252);
#1228=PLANE('',#9255);
#1229=PLANE('',#9257);
#1230=PLANE('',#9259);
#1231=PLANE('',#9260);
#1232=PLANE('',#9261);
#1233=PLANE('',#9262);
#1234=PLANE('',#9265);
#1235=PLANE('',#9268);
#1236=PLANE('',#9270);
#1237=PLANE('',#9272);
#1238=PLANE('',#9273);
#1239=PLANE('',#9274);
#1240=PLANE('',#9275);
#1241=PLANE('',#9278);
#1242=PLANE('',#9281);
#1243=PLANE('',#9283);
#1244=PLANE('',#9285);
#1245=PLANE('',#9286);
#1246=PLANE('',#9287);
#1247=PLANE('',#9288);
#1248=PLANE('',#9291);
#1249=PLANE('',#9294);
#1250=PLANE('',#9296);
#1251=PLANE('',#9298);
#1252=PLANE('',#9299);
#1253=PLANE('',#9300);
#1254=PLANE('',#9301);
#1255=PLANE('',#9304);
#1256=PLANE('',#9307);
#1257=PLANE('',#9309);
#1258=PLANE('',#9311);
#1259=PLANE('',#9312);
#1260=PLANE('',#9313);
#1261=PLANE('',#9314);
#1262=PLANE('',#9317);
#1263=PLANE('',#9320);
#1264=PLANE('',#9322);
#1265=PLANE('',#9324);
#1266=PLANE('',#9325);
#1267=PLANE('',#9326);
#1268=PLANE('',#9327);
#1269=PLANE('',#9330);
#1270=PLANE('',#9333);
#1271=PLANE('',#9335);
#1272=PLANE('',#9337);
#1273=PLANE('',#9338);
#1274=PLANE('',#9339);
#1275=PLANE('',#9340);
#1276=PLANE('',#9343);
#1277=PLANE('',#9346);
#1278=PLANE('',#9348);
#1279=PLANE('',#9350);
#1280=PLANE('',#9351);
#1281=PLANE('',#9352);
#1282=PLANE('',#9353);
#1283=PLANE('',#9356);
#1284=PLANE('',#9359);
#1285=PLANE('',#9361);
#1286=PLANE('',#9363);
#1287=PLANE('',#9367);
#1288=PLANE('',#9368);
#1289=PLANE('',#9369);
#1290=PLANE('',#9370);
#1291=PLANE('',#9371);
#1292=PLANE('',#9375);
#1293=PLANE('',#9376);
#1294=PLANE('',#9377);
#1295=PLANE('',#9378);
#1296=PLANE('',#9379);
#1297=PLANE('',#9383);
#1298=PLANE('',#9384);
#1299=PLANE('',#9385);
#1300=PLANE('',#9386);
#1301=PLANE('',#9387);
#1302=PLANE('',#9391);
#1303=PLANE('',#9392);
#1304=PLANE('',#9393);
#1305=PLANE('',#9394);
#1306=PLANE('',#9395);
#1307=PLANE('',#9399);
#1308=PLANE('',#9400);
#1309=PLANE('',#9401);
#1310=PLANE('',#9402);
#1311=PLANE('',#9403);
#1312=PLANE('',#9407);
#1313=PLANE('',#9408);
#1314=PLANE('',#9409);
#1315=PLANE('',#9410);
#1316=PLANE('',#9411);
#1317=PLANE('',#9415);
#1318=PLANE('',#9416);
#1319=PLANE('',#9417);
#1320=PLANE('',#9418);
#1321=PLANE('',#9419);
#1322=PLANE('',#9423);
#1323=PLANE('',#9424);
#1324=PLANE('',#9425);
#1325=PLANE('',#9426);
#1326=PLANE('',#9427);
#1327=PLANE('',#9431);
#1328=PLANE('',#9432);
#1329=PLANE('',#9433);
#1330=PLANE('',#9434);
#1331=PLANE('',#9435);
#1332=PLANE('',#9439);
#1333=PLANE('',#9440);
#1334=PLANE('',#9441);
#1335=PLANE('',#9442);
#1336=PLANE('',#9443);
#1337=PLANE('',#9447);
#1338=PLANE('',#9448);
#1339=PLANE('',#9449);
#1340=PLANE('',#9450);
#1341=PLANE('',#9451);
#1342=PLANE('',#9455);
#1343=PLANE('',#9456);
#1344=PLANE('',#9457);
#1345=PLANE('',#9458);
#1346=PLANE('',#9459);
#1347=PLANE('',#9463);
#1348=PLANE('',#9464);
#1349=PLANE('',#9465);
#1350=PLANE('',#9466);
#1351=PLANE('',#9467);
#1352=PLANE('',#9471);
#1353=PLANE('',#9472);
#1354=PLANE('',#9473);
#1355=PLANE('',#9474);
#1356=PLANE('',#9475);
#1357=PLANE('',#9479);
#1358=PLANE('',#9480);
#1359=PLANE('',#9481);
#1360=PLANE('',#9482);
#1361=PLANE('',#9483);
#1362=PLANE('',#9487);
#1363=PLANE('',#9488);
#1364=PLANE('',#9489);
#1365=PLANE('',#9490);
#1366=PLANE('',#9491);
#1367=PLANE('',#9495);
#1368=PLANE('',#9496);
#1369=PLANE('',#9497);
#1370=PLANE('',#9498);
#1371=PLANE('',#9499);
#1372=PLANE('',#9503);
#1373=PLANE('',#9504);
#1374=PLANE('',#9505);
#1375=PLANE('',#9506);
#1376=PLANE('',#9507);
#1377=FACE_BOUND('',#1383,.T.);
#1378=FACE_BOUND('',#1384,.T.);
#1379=FACE_BOUND('',#1396,.T.);
#1380=FACE_BOUND('',#1397,.T.);
#1381=FACE_BOUND('',#1417,.T.);
#1382=FACE_BOUND('',#1418,.T.);
#1383=EDGE_LOOP('',(#1794,#1795,#1796,#1797,#1798,#1799,#1800,#1801));
#1384=EDGE_LOOP('',(#1802,#1803,#1804,#1805,#1806,#1807,#1808,#1809,#1810,
#1811,#1812,#1813,#1814,#1815,#1816,#1817,#1818,#1819,#1820,#1821,#1822,
#1823,#1824,#1825,#1826,#1827,#1828,#1829,#1830,#1831,#1832,#1833,#1834,
#1835,#1836,#1837,#1838,#1839,#1840,#1841,#1842,#1843,#1844,#1845,#1846,
#1847,#1848,#1849,#1850,#1851));
#1385=EDGE_LOOP('',(#1852,#1853,#1854,#1855,#1856,#1857,#1858,#1859,#1860,
#1861,#1862,#1863,#1864,#1865,#1866,#1867,#1868,#1869,#1870,#1871,#1872,
#1873,#1874,#1875,#1876,#1877,#1878,#1879,#1880,#1881,#1882,#1883,#1884,
#1885,#1886,#1887,#1888,#1889,#1890,#1891,#1892,#1893,#1894,#1895,#1896,
#1897,#1898,#1899,#1900,#1901,#1902,#1903,#1904,#1905,#1906,#1907,#1908,
#1909,#1910,#1911,#1912,#1913,#1914,#1915,#1916,#1917,#1918,#1919,#1920,
#1921));
#1386=EDGE_LOOP('',(#1922,#1923,#1924,#1925));
#1387=EDGE_LOOP('',(#1926,#1927,#1928,#1929));
#1388=EDGE_LOOP('',(#1930,#1931,#1932,#1933,#1934,#1935,#1936));
#1389=EDGE_LOOP('',(#1937,#1938,#1939,#1940,#1941,#1942,#1943));
#1390=EDGE_LOOP('',(#1944,#1945,#1946,#1947));
#1391=EDGE_LOOP('',(#1948,#1949,#1950,#1951));
#1392=EDGE_LOOP('',(#1952,#1953,#1954,#1955,#1956,#1957,#1958));
#1393=EDGE_LOOP('',(#1959,#1960,#1961,#1962,#1963,#1964,#1965));
#1394=EDGE_LOOP('',(#1966,#1967,#1968,#1969));
#1395=EDGE_LOOP('',(#1970,#1971,#1972,#1973,#1974,#1975,#1976,#1977,#1978,
#1979));
#1396=EDGE_LOOP('',(#1980,#1981,#1982,#1983,#1984,#1985,#1986,#1987,#1988,
#1989));
#1397=EDGE_LOOP('',(#1990,#1991,#1992,#1993));
#1398=EDGE_LOOP('',(#1994,#1995,#1996,#1997,#1998,#1999,#2000,#2001,#2002,
#2003));
#1399=EDGE_LOOP('',(#2004,#2005,#2006,#2007));
#1400=EDGE_LOOP('',(#2008,#2009,#2010,#2011));
#1401=EDGE_LOOP('',(#2012,#2013,#2014,#2015,#2016,#2017,#2018,#2019,#2020,
#2021));
#1402=EDGE_LOOP('',(#2022,#2023,#2024,#2025));
#1403=EDGE_LOOP('',(#2026,#2027,#2028,#2029,#2030,#2031,#2032,#2033,#2034,
#2035,#2036,#2037,#2038,#2039,#2040,#2041,#2042,#2043,#2044,#2045,#2046,
#2047,#2048,#2049,#2050,#2051,#2052,#2053,#2054,#2055,#2056,#2057,#2058,
#2059,#2060,#2061,#2062,#2063,#2064,#2065,#2066,#2067,#2068,#2069,#2070,
#2071,#2072,#2073,#2074,#2075,#2076,#2077,#2078,#2079,#2080,#2081,#2082,
#2083,#2084,#2085,#2086,#2087,#2088,#2089,#2090,#2091,#2092,#2093));
#1404=EDGE_LOOP('',(#2094,#2095,#2096,#2097));
#1405=EDGE_LOOP('',(#2098,#2099,#2100,#2101));
#1406=EDGE_LOOP('',(#2102,#2103,#2104,#2105));
#1407=EDGE_LOOP('',(#2106,#2107,#2108,#2109));
#1408=EDGE_LOOP('',(#2110,#2111,#2112,#2113,#2114,#2115,#2116,#2117,#2118,
#2119));
#1409=EDGE_LOOP('',(#2120,#2121,#2122,#2123,#2124,#2125,#2126,#2127,#2128,
#2129,#2130,#2131,#2132,#2133,#2134,#2135,#2136,#2137,#2138,#2139,#2140,
#2141,#2142,#2143,#2144,#2145,#2146,#2147,#2148,#2149,#2150,#2151,#2152,
#2153,#2154,#2155));
#1410=EDGE_LOOP('',(#2156,#2157,#2158,#2159,#2160,#2161));
#1411=EDGE_LOOP('',(#2162,#2163,#2164,#2165,#2166,#2167));
#1412=EDGE_LOOP('',(#2168,#2169,#2170,#2171));
#1413=EDGE_LOOP('',(#2172,#2173,#2174,#2175));
#1414=EDGE_LOOP('',(#2176,#2177,#2178,#2179,#2180,#2181));
#1415=EDGE_LOOP('',(#2182,#2183,#2184,#2185));
#1416=EDGE_LOOP('',(#2186,#2187,#2188,#2189));
#1417=EDGE_LOOP('',(#2190,#2191,#2192,#2193));
#1418=EDGE_LOOP('',(#2194,#2195,#2196,#2197,#2198,#2199,#2200,#2201,#2202,
#2203));
#1419=EDGE_LOOP('',(#2204,#2205,#2206,#2207));
#1420=EDGE_LOOP('',(#2208,#2209,#2210,#2211));
#1421=EDGE_LOOP('',(#2212,#2213,#2214,#2215));
#1422=EDGE_LOOP('',(#2216,#2217,#2218,#2219));
#1423=EDGE_LOOP('',(#2220,#2221,#2222,#2223));
#1424=EDGE_LOOP('',(#2224,#2225,#2226,#2227));
#1425=EDGE_LOOP('',(#2228,#2229,#2230,#2231));
#1426=EDGE_LOOP('',(#2232,#2233,#2234,#2235,#2236,#2237,#2238,#2239));
#1427=EDGE_LOOP('',(#2240,#2241,#2242,#2243,#2244,#2245));
#1428=EDGE_LOOP('',(#2246,#2247,#2248,#2249,#2250,#2251));
#1429=EDGE_LOOP('',(#2252,#2253,#2254,#2255));
#1430=EDGE_LOOP('',(#2256,#2257,#2258,#2259,#2260));
#1431=EDGE_LOOP('',(#2261,#2262,#2263,#2264));
#1432=EDGE_LOOP('',(#2265,#2266,#2267,#2268));
#1433=EDGE_LOOP('',(#2269,#2270,#2271,#2272));
#1434=EDGE_LOOP('',(#2273,#2274,#2275,#2276,#2277,#2278));
#1435=EDGE_LOOP('',(#2279,#2280,#2281,#2282));
#1436=EDGE_LOOP('',(#2283,#2284,#2285,#2286));
#1437=EDGE_LOOP('',(#2287,#2288,#2289,#2290));
#1438=EDGE_LOOP('',(#2291,#2292,#2293,#2294));
#1439=EDGE_LOOP('',(#2295,#2296,#2297,#2298));
#1440=EDGE_LOOP('',(#2299,#2300,#2301,#2302));
#1441=EDGE_LOOP('',(#2303,#2304,#2305,#2306));
#1442=EDGE_LOOP('',(#2307,#2308,#2309,#2310));
#1443=EDGE_LOOP('',(#2311,#2312,#2313,#2314));
#1444=EDGE_LOOP('',(#2315,#2316,#2317,#2318));
#1445=EDGE_LOOP('',(#2319,#2320,#2321,#2322,#2323,#2324,#2325,#2326));
#1446=EDGE_LOOP('',(#2327,#2328,#2329,#2330,#2331,#2332));
#1447=EDGE_LOOP('',(#2333,#2334,#2335,#2336,#2337,#2338));
#1448=EDGE_LOOP('',(#2339,#2340,#2341,#2342));
#1449=EDGE_LOOP('',(#2343,#2344,#2345,#2346,#2347));
#1450=EDGE_LOOP('',(#2348,#2349,#2350,#2351));
#1451=EDGE_LOOP('',(#2352,#2353,#2354,#2355));
#1452=EDGE_LOOP('',(#2356,#2357,#2358,#2359));
#1453=EDGE_LOOP('',(#2360,#2361,#2362,#2363));
#1454=EDGE_LOOP('',(#2364,#2365,#2366,#2367));
#1455=EDGE_LOOP('',(#2368,#2369,#2370,#2371));
#1456=EDGE_LOOP('',(#2372,#2373,#2374,#2375));
#1457=EDGE_LOOP('',(#2376,#2377,#2378,#2379));
#1458=EDGE_LOOP('',(#2380,#2381,#2382,#2383));
#1459=EDGE_LOOP('',(#2384,#2385,#2386,#2387));
#1460=EDGE_LOOP('',(#2388,#2389,#2390,#2391));
#1461=EDGE_LOOP('',(#2392,#2393,#2394,#2395));
#1462=EDGE_LOOP('',(#2396,#2397,#2398,#2399));
#1463=EDGE_LOOP('',(#2400,#2401,#2402,#2403));
#1464=EDGE_LOOP('',(#2404,#2405,#2406,#2407));
#1465=EDGE_LOOP('',(#2408,#2409,#2410,#2411));
#1466=EDGE_LOOP('',(#2412,#2413,#2414,#2415));
#1467=EDGE_LOOP('',(#2416,#2417,#2418,#2419,#2420,#2421));
#1468=EDGE_LOOP('',(#2422,#2423,#2424,#2425,#2426,#2427));
#1469=EDGE_LOOP('',(#2428,#2429,#2430,#2431,#2432,#2433,#2434,#2435,#2436,
#2437));
#1470=EDGE_LOOP('',(#2438,#2439,#2440,#2441,#2442,#2443,#2444,#2445));
#1471=EDGE_LOOP('',(#2446,#2447,#2448,#2449,#2450,#2451,#2452,#2453,#2454,
#2455));
#1472=EDGE_LOOP('',(#2456,#2457,#2458,#2459,#2460,#2461,#2462,#2463));
#1473=EDGE_LOOP('',(#2464,#2465,#2466,#2467,#2468,#2469,#2470,#2471,#2472,
#2473,#2474,#2475,#2476,#2477,#2478,#2479,#2480,#2481,#2482,#2483,#2484,
#2485,#2486,#2487,#2488,#2489,#2490,#2491,#2492,#2493,#2494,#2495,#2496,
#2497,#2498,#2499,#2500,#2501,#2502,#2503,#2504,#2505,#2506,#2507,#2508,
#2509,#2510,#2511,#2512,#2513,#2514,#2515,#2516,#2517,#2518,#2519,#2520,
#2521,#2522,#2523,#2524,#2525,#2526,#2527,#2528,#2529,#2530,#2531,#2532,
#2533,#2534,#2535,#2536,#2537,#2538,#2539,#2540,#2541,#2542,#2543,#2544,
#2545,#2546,#2547,#2548,#2549,#2550,#2551,#2552,#2553,#2554,#2555));
#1474=EDGE_LOOP('',(#2556,#2557,#2558,#2559,#2560,#2561,#2562,#2563,#2564,
#2565,#2566,#2567,#2568,#2569,#2570,#2571,#2572,#2573,#2574,#2575,#2576,
#2577,#2578,#2579,#2580,#2581,#2582,#2583,#2584,#2585,#2586,#2587,#2588,
#2589,#2590,#2591,#2592,#2593,#2594,#2595,#2596,#2597,#2598,#2599,#2600,
#2601,#2602,#2603,#2604,#2605,#2606,#2607));
#1475=EDGE_LOOP('',(#2608,#2609,#2610,#2611,#2612,#2613,#2614,#2615,#2616,
#2617,#2618,#2619,#2620,#2621,#2622,#2623));
#1476=EDGE_LOOP('',(#2624,#2625,#2626,#2627,#2628,#2629,#2630,#2631,#2632));
#1477=EDGE_LOOP('',(#2633,#2634,#2635,#2636,#2637,#2638,#2639,#2640,#2641));
#1478=EDGE_LOOP('',(#2642,#2643,#2644,#2645,#2646,#2647));
#1479=EDGE_LOOP('',(#2648,#2649,#2650,#2651));
#1480=EDGE_LOOP('',(#2652,#2653,#2654,#2655,#2656,#2657));
#1481=EDGE_LOOP('',(#2658,#2659,#2660,#2661));
#1482=EDGE_LOOP('',(#2662,#2663,#2664,#2665));
#1483=EDGE_LOOP('',(#2666,#2667,#2668,#2669,#2670,#2671));
#1484=EDGE_LOOP('',(#2672,#2673,#2674,#2675));
#1485=EDGE_LOOP('',(#2676,#2677,#2678,#2679));
#1486=EDGE_LOOP('',(#2680,#2681,#2682,#2683,#2684,#2685,#2686,#2687,#2688,
#2689));
#1487=EDGE_LOOP('',(#2690,#2691,#2692,#2693,#2694,#2695,#2696,#2697,#2698,
#2699));
#1488=EDGE_LOOP('',(#2700,#2701,#2702,#2703));
#1489=EDGE_LOOP('',(#2704,#2705,#2706,#2707,#2708,#2709,#2710,#2711));
#1490=EDGE_LOOP('',(#2712,#2713,#2714,#2715));
#1491=EDGE_LOOP('',(#2716,#2717,#2718,#2719));
#1492=EDGE_LOOP('',(#2720,#2721,#2722,#2723,#2724,#2725,#2726,#2727));
#1493=EDGE_LOOP('',(#2728,#2729,#2730,#2731));
#1494=EDGE_LOOP('',(#2732,#2733,#2734,#2735));
#1495=EDGE_LOOP('',(#2736,#2737,#2738,#2739,#2740,#2741,#2742,#2743,#2744,
#2745,#2746,#2747,#2748,#2749,#2750,#2751,#2752,#2753,#2754,#2755,#2756,
#2757,#2758,#2759,#2760,#2761,#2762,#2763,#2764,#2765,#2766,#2767,#2768,
#2769,#2770,#2771,#2772,#2773,#2774,#2775,#2776,#2777,#2778,#2779,#2780,
#2781,#2782,#2783,#2784,#2785,#2786,#2787,#2788,#2789,#2790,#2791,#2792,
#2793,#2794,#2795,#2796,#2797,#2798,#2799,#2800,#2801,#2802,#2803,#2804,
#2805,#2806,#2807));
#1496=EDGE_LOOP('',(#2808,#2809,#2810,#2811,#2812,#2813,#2814,#2815,#2816,
#2817,#2818,#2819,#2820,#2821,#2822,#2823,#2824,#2825,#2826,#2827,#2828,
#2829,#2830,#2831,#2832,#2833,#2834,#2835,#2836,#2837,#2838,#2839,#2840,
#2841,#2842,#2843,#2844,#2845,#2846,#2847,#2848,#2849,#2850,#2851,#2852,
#2853,#2854,#2855,#2856,#2857,#2858,#2859,#2860,#2861,#2862,#2863,#2864,
#2865,#2866,#2867,#2868,#2869,#2870,#2871,#2872,#2873,#2874,#2875,#2876,
#2877,#2878,#2879,#2880,#2881,#2882,#2883,#2884,#2885,#2886,#2887,#2888,
#2889,#2890,#2891,#2892,#2893,#2894,#2895,#2896,#2897,#2898,#2899,#2900,
#2901,#2902,#2903,#2904,#2905,#2906,#2907,#2908,#2909,#2910,#2911,#2912,
#2913,#2914,#2915,#2916,#2917,#2918,#2919,#2920,#2921,#2922,#2923,#2924,
#2925,#2926,#2927,#2928,#2929,#2930,#2931,#2932,#2933,#2934,#2935,#2936,
#2937,#2938,#2939));
#1497=EDGE_LOOP('',(#2940,#2941,#2942,#2943,#2944,#2945,#2946,#2947,#2948,
#2949,#2950,#2951,#2952,#2953,#2954,#2955));
#1498=EDGE_LOOP('',(#2956,#2957,#2958,#2959,#2960,#2961,#2962,#2963,#2964,
#2965));
#1499=EDGE_LOOP('',(#2966,#2967,#2968,#2969,#2970,#2971,#2972,#2973,#2974,
#2975));
#1500=EDGE_LOOP('',(#2976,#2977,#2978,#2979,#2980,#2981));
#1501=EDGE_LOOP('',(#2982,#2983,#2984,#2985));
#1502=EDGE_LOOP('',(#2986,#2987,#2988,#2989,#2990,#2991,#2992,#2993));
#1503=EDGE_LOOP('',(#2994,#2995,#2996,#2997));
#1504=EDGE_LOOP('',(#2998,#2999,#3000,#3001,#3002,#3003,#3004,#3005,#3006,
#3007));
#1505=EDGE_LOOP('',(#3008,#3009,#3010,#3011,#3012,#3013,#3014,#3015,#3016,
#3017));
#1506=EDGE_LOOP('',(#3018,#3019,#3020,#3021,#3022,#3023,#3024,#3025));
#1507=EDGE_LOOP('',(#3026,#3027,#3028,#3029));
#1508=EDGE_LOOP('',(#3030,#3031,#3032,#3033));
#1509=EDGE_LOOP('',(#3034,#3035,#3036,#3037));
#1510=EDGE_LOOP('',(#3038,#3039,#3040,#3041));
#1511=EDGE_LOOP('',(#3042,#3043,#3044,#3045));
#1512=EDGE_LOOP('',(#3046,#3047,#3048,#3049));
#1513=EDGE_LOOP('',(#3050,#3051,#3052,#3053));
#1514=EDGE_LOOP('',(#3054,#3055,#3056,#3057));
#1515=EDGE_LOOP('',(#3058,#3059,#3060,#3061));
#1516=EDGE_LOOP('',(#3062,#3063,#3064,#3065));
#1517=EDGE_LOOP('',(#3066,#3067,#3068,#3069,#3070));
#1518=EDGE_LOOP('',(#3071,#3072,#3073,#3074,#3075));
#1519=EDGE_LOOP('',(#3076,#3077,#3078,#3079));
#1520=EDGE_LOOP('',(#3080,#3081,#3082,#3083));
#1521=EDGE_LOOP('',(#3084,#3085,#3086,#3087));
#1522=EDGE_LOOP('',(#3088,#3089,#3090,#3091));
#1523=EDGE_LOOP('',(#3092,#3093,#3094,#3095,#3096,#3097,#3098,#3099,#3100,
#3101,#3102,#3103,#3104,#3105,#3106,#3107,#3108,#3109,#3110,#3111,#3112,
#3113,#3114,#3115,#3116,#3117,#3118,#3119,#3120,#3121,#3122,#3123,#3124,
#3125,#3126,#3127,#3128,#3129,#3130,#3131,#3132,#3133,#3134,#3135,#3136,
#3137,#3138,#3139,#3140,#3141,#3142,#3143,#3144,#3145,#3146,#3147,#3148,
#3149,#3150,#3151,#3152,#3153,#3154,#3155,#3156,#3157,#3158,#3159,#3160,
#3161,#3162,#3163));
#1524=EDGE_LOOP('',(#3164,#3165,#3166,#3167));
#1525=EDGE_LOOP('',(#3168,#3169,#3170,#3171));
#1526=EDGE_LOOP('',(#3172,#3173,#3174,#3175));
#1527=EDGE_LOOP('',(#3176,#3177,#3178,#3179));
#1528=EDGE_LOOP('',(#3180,#3181,#3182,#3183));
#1529=EDGE_LOOP('',(#3184,#3185,#3186,#3187));
#1530=EDGE_LOOP('',(#3188,#3189,#3190,#3191,#3192));
#1531=EDGE_LOOP('',(#3193,#3194,#3195,#3196,#3197));
#1532=EDGE_LOOP('',(#3198,#3199,#3200,#3201));
#1533=EDGE_LOOP('',(#3202,#3203,#3204,#3205,#3206,#3207));
#1534=EDGE_LOOP('',(#3208,#3209,#3210,#3211,#3212,#3213));
#1535=EDGE_LOOP('',(#3214,#3215,#3216,#3217));
#1536=EDGE_LOOP('',(#3218,#3219,#3220,#3221));
#1537=EDGE_LOOP('',(#3222,#3223,#3224,#3225));
#1538=EDGE_LOOP('',(#3226,#3227,#3228,#3229));
#1539=EDGE_LOOP('',(#3230,#3231,#3232,#3233));
#1540=EDGE_LOOP('',(#3234,#3235,#3236,#3237));
#1541=EDGE_LOOP('',(#3238,#3239,#3240,#3241));
#1542=EDGE_LOOP('',(#3242,#3243,#3244,#3245));
#1543=EDGE_LOOP('',(#3246,#3247,#3248,#3249,#3250,#3251));
#1544=EDGE_LOOP('',(#3252,#3253,#3254,#3255,#3256,#3257));
#1545=EDGE_LOOP('',(#3258,#3259,#3260,#3261));
#1546=EDGE_LOOP('',(#3262,#3263,#3264,#3265));
#1547=EDGE_LOOP('',(#3266,#3267,#3268,#3269));
#1548=EDGE_LOOP('',(#3270,#3271,#3272,#3273));
#1549=EDGE_LOOP('',(#3274,#3275,#3276,#3277,#3278,#3279));
#1550=EDGE_LOOP('',(#3280,#3281,#3282,#3283,#3284,#3285));
#1551=EDGE_LOOP('',(#3286,#3287,#3288,#3289,#3290));
#1552=EDGE_LOOP('',(#3291,#3292,#3293,#3294,#3295));
#1553=EDGE_LOOP('',(#3296,#3297,#3298,#3299));
#1554=EDGE_LOOP('',(#3300,#3301,#3302,#3303,#3304,#3305));
#1555=EDGE_LOOP('',(#3306,#3307,#3308,#3309,#3310,#3311));
#1556=EDGE_LOOP('',(#3312,#3313,#3314,#3315));
#1557=EDGE_LOOP('',(#3316,#3317,#3318,#3319));
#1558=EDGE_LOOP('',(#3320,#3321,#3322,#3323));
#1559=EDGE_LOOP('',(#3324,#3325,#3326,#3327));
#1560=EDGE_LOOP('',(#3328,#3329,#3330,#3331,#3332));
#1561=EDGE_LOOP('',(#3333,#3334,#3335,#3336,#3337));
#1562=EDGE_LOOP('',(#3338,#3339,#3340,#3341));
#1563=EDGE_LOOP('',(#3342,#3343,#3344,#3345,#3346,#3347));
#1564=EDGE_LOOP('',(#3348,#3349,#3350,#3351,#3352,#3353));
#1565=EDGE_LOOP('',(#3354,#3355,#3356,#3357));
#1566=EDGE_LOOP('',(#3358,#3359,#3360,#3361));
#1567=EDGE_LOOP('',(#3362,#3363,#3364,#3365));
#1568=EDGE_LOOP('',(#3366,#3367,#3368,#3369));
#1569=EDGE_LOOP('',(#3370,#3371,#3372,#3373,#3374));
#1570=EDGE_LOOP('',(#3375,#3376,#3377,#3378,#3379));
#1571=EDGE_LOOP('',(#3380,#3381,#3382,#3383));
#1572=EDGE_LOOP('',(#3384,#3385,#3386,#3387,#3388,#3389));
#1573=EDGE_LOOP('',(#3390,#3391,#3392,#3393,#3394,#3395));
#1574=EDGE_LOOP('',(#3396,#3397,#3398,#3399));
#1575=EDGE_LOOP('',(#3400,#3401,#3402,#3403));
#1576=EDGE_LOOP('',(#3404,#3405,#3406,#3407));
#1577=EDGE_LOOP('',(#3408,#3409,#3410,#3411));
#1578=EDGE_LOOP('',(#3412,#3413,#3414,#3415,#3416));
#1579=EDGE_LOOP('',(#3417,#3418,#3419,#3420,#3421));
#1580=EDGE_LOOP('',(#3422,#3423,#3424,#3425));
#1581=EDGE_LOOP('',(#3426,#3427,#3428,#3429,#3430,#3431));
#1582=EDGE_LOOP('',(#3432,#3433,#3434,#3435,#3436,#3437));
#1583=EDGE_LOOP('',(#3438,#3439,#3440,#3441));
#1584=EDGE_LOOP('',(#3442,#3443,#3444,#3445));
#1585=EDGE_LOOP('',(#3446,#3447,#3448,#3449));
#1586=EDGE_LOOP('',(#3450,#3451,#3452,#3453));
#1587=EDGE_LOOP('',(#3454,#3455,#3456,#3457,#3458));
#1588=EDGE_LOOP('',(#3459,#3460,#3461,#3462,#3463));
#1589=EDGE_LOOP('',(#3464,#3465,#3466,#3467));
#1590=EDGE_LOOP('',(#3468,#3469,#3470,#3471,#3472,#3473));
#1591=EDGE_LOOP('',(#3474,#3475,#3476,#3477,#3478,#3479));
#1592=EDGE_LOOP('',(#3480,#3481,#3482,#3483));
#1593=EDGE_LOOP('',(#3484,#3485,#3486,#3487));
#1594=EDGE_LOOP('',(#3488,#3489,#3490,#3491));
#1595=EDGE_LOOP('',(#3492,#3493,#3494,#3495));
#1596=EDGE_LOOP('',(#3496,#3497,#3498,#3499,#3500));
#1597=EDGE_LOOP('',(#3501,#3502,#3503,#3504,#3505));
#1598=EDGE_LOOP('',(#3506,#3507,#3508,#3509));
#1599=EDGE_LOOP('',(#3510,#3511,#3512,#3513,#3514,#3515));
#1600=EDGE_LOOP('',(#3516,#3517,#3518,#3519,#3520,#3521));
#1601=EDGE_LOOP('',(#3522,#3523,#3524,#3525));
#1602=EDGE_LOOP('',(#3526,#3527,#3528,#3529));
#1603=EDGE_LOOP('',(#3530,#3531,#3532,#3533));
#1604=EDGE_LOOP('',(#3534,#3535,#3536,#3537));
#1605=EDGE_LOOP('',(#3538,#3539,#3540,#3541,#3542));
#1606=EDGE_LOOP('',(#3543,#3544,#3545,#3546,#3547));
#1607=EDGE_LOOP('',(#3548,#3549,#3550,#3551));
#1608=EDGE_LOOP('',(#3552,#3553,#3554,#3555,#3556,#3557));
#1609=EDGE_LOOP('',(#3558,#3559,#3560,#3561,#3562,#3563));
#1610=EDGE_LOOP('',(#3564,#3565,#3566,#3567));
#1611=EDGE_LOOP('',(#3568,#3569,#3570,#3571));
#1612=EDGE_LOOP('',(#3572,#3573,#3574,#3575));
#1613=EDGE_LOOP('',(#3576,#3577,#3578,#3579));
#1614=EDGE_LOOP('',(#3580,#3581,#3582,#3583,#3584));
#1615=EDGE_LOOP('',(#3585,#3586,#3587,#3588,#3589));
#1616=EDGE_LOOP('',(#3590,#3591,#3592,#3593));
#1617=EDGE_LOOP('',(#3594,#3595,#3596,#3597,#3598,#3599));
#1618=EDGE_LOOP('',(#3600,#3601,#3602,#3603,#3604,#3605));
#1619=EDGE_LOOP('',(#3606,#3607,#3608,#3609));
#1620=EDGE_LOOP('',(#3610,#3611,#3612,#3613));
#1621=EDGE_LOOP('',(#3614,#3615,#3616,#3617));
#1622=EDGE_LOOP('',(#3618,#3619,#3620,#3621));
#1623=EDGE_LOOP('',(#3622,#3623,#3624,#3625,#3626));
#1624=EDGE_LOOP('',(#3627,#3628,#3629,#3630,#3631));
#1625=EDGE_LOOP('',(#3632,#3633,#3634,#3635));
#1626=EDGE_LOOP('',(#3636,#3637,#3638,#3639,#3640,#3641));
#1627=EDGE_LOOP('',(#3642,#3643,#3644,#3645,#3646,#3647));
#1628=EDGE_LOOP('',(#3648,#3649,#3650,#3651));
#1629=EDGE_LOOP('',(#3652,#3653,#3654,#3655));
#1630=EDGE_LOOP('',(#3656,#3657,#3658,#3659));
#1631=EDGE_LOOP('',(#3660,#3661,#3662,#3663));
#1632=EDGE_LOOP('',(#3664,#3665,#3666,#3667,#3668));
#1633=EDGE_LOOP('',(#3669,#3670,#3671,#3672,#3673));
#1634=EDGE_LOOP('',(#3674,#3675,#3676,#3677));
#1635=EDGE_LOOP('',(#3678,#3679,#3680,#3681,#3682,#3683));
#1636=EDGE_LOOP('',(#3684,#3685,#3686,#3687,#3688,#3689));
#1637=EDGE_LOOP('',(#3690,#3691,#3692,#3693));
#1638=EDGE_LOOP('',(#3694,#3695,#3696,#3697));
#1639=EDGE_LOOP('',(#3698,#3699,#3700,#3701));
#1640=EDGE_LOOP('',(#3702,#3703,#3704,#3705));
#1641=EDGE_LOOP('',(#3706,#3707,#3708,#3709,#3710));
#1642=EDGE_LOOP('',(#3711,#3712,#3713,#3714,#3715));
#1643=EDGE_LOOP('',(#3716,#3717,#3718,#3719));
#1644=EDGE_LOOP('',(#3720,#3721,#3722,#3723,#3724,#3725));
#1645=EDGE_LOOP('',(#3726,#3727,#3728,#3729,#3730,#3731));
#1646=EDGE_LOOP('',(#3732,#3733,#3734,#3735));
#1647=EDGE_LOOP('',(#3736,#3737,#3738,#3739));
#1648=EDGE_LOOP('',(#3740,#3741,#3742,#3743));
#1649=EDGE_LOOP('',(#3744,#3745,#3746,#3747));
#1650=EDGE_LOOP('',(#3748,#3749,#3750,#3751,#3752));
#1651=EDGE_LOOP('',(#3753,#3754,#3755,#3756,#3757));
#1652=EDGE_LOOP('',(#3758,#3759,#3760,#3761));
#1653=EDGE_LOOP('',(#3762,#3763,#3764,#3765,#3766,#3767));
#1654=EDGE_LOOP('',(#3768,#3769,#3770,#3771,#3772,#3773));
#1655=EDGE_LOOP('',(#3774,#3775,#3776,#3777));
#1656=EDGE_LOOP('',(#3778,#3779,#3780,#3781));
#1657=EDGE_LOOP('',(#3782,#3783,#3784,#3785));
#1658=EDGE_LOOP('',(#3786,#3787,#3788,#3789));
#1659=EDGE_LOOP('',(#3790,#3791,#3792,#3793,#3794));
#1660=EDGE_LOOP('',(#3795,#3796,#3797,#3798,#3799));
#1661=EDGE_LOOP('',(#3800,#3801,#3802,#3803));
#1662=EDGE_LOOP('',(#3804,#3805,#3806,#3807,#3808,#3809));
#1663=EDGE_LOOP('',(#3810,#3811,#3812,#3813,#3814,#3815));
#1664=EDGE_LOOP('',(#3816,#3817,#3818,#3819));
#1665=EDGE_LOOP('',(#3820,#3821,#3822,#3823));
#1666=EDGE_LOOP('',(#3824,#3825,#3826,#3827));
#1667=EDGE_LOOP('',(#3828,#3829,#3830,#3831));
#1668=EDGE_LOOP('',(#3832,#3833,#3834,#3835,#3836));
#1669=EDGE_LOOP('',(#3837,#3838,#3839,#3840,#3841));
#1670=EDGE_LOOP('',(#3842,#3843,#3844,#3845));
#1671=EDGE_LOOP('',(#3846,#3847,#3848,#3849,#3850,#3851));
#1672=EDGE_LOOP('',(#3852,#3853,#3854,#3855,#3856,#3857));
#1673=EDGE_LOOP('',(#3858,#3859,#3860,#3861));
#1674=EDGE_LOOP('',(#3862,#3863,#3864,#3865));
#1675=EDGE_LOOP('',(#3866,#3867,#3868,#3869));
#1676=EDGE_LOOP('',(#3870,#3871,#3872,#3873));
#1677=EDGE_LOOP('',(#3874,#3875,#3876,#3877,#3878));
#1678=EDGE_LOOP('',(#3879,#3880,#3881,#3882,#3883));
#1679=EDGE_LOOP('',(#3884,#3885,#3886,#3887));
#1680=EDGE_LOOP('',(#3888,#3889,#3890,#3891,#3892,#3893));
#1681=EDGE_LOOP('',(#3894,#3895,#3896,#3897,#3898,#3899));
#1682=EDGE_LOOP('',(#3900,#3901,#3902,#3903));
#1683=EDGE_LOOP('',(#3904,#3905,#3906,#3907));
#1684=EDGE_LOOP('',(#3908,#3909,#3910,#3911));
#1685=EDGE_LOOP('',(#3912,#3913,#3914,#3915));
#1686=EDGE_LOOP('',(#3916,#3917,#3918,#3919));
#1687=EDGE_LOOP('',(#3920,#3921,#3922,#3923,#3924,#3925));
#1688=EDGE_LOOP('',(#3926,#3927,#3928,#3929,#3930,#3931));
#1689=EDGE_LOOP('',(#3932,#3933,#3934,#3935));
#1690=EDGE_LOOP('',(#3936,#3937,#3938,#3939));
#1691=EDGE_LOOP('',(#3940,#3941,#3942,#3943));
#1692=EDGE_LOOP('',(#3944,#3945,#3946,#3947));
#1693=EDGE_LOOP('',(#3948,#3949,#3950,#3951,#3952,#3953));
#1694=EDGE_LOOP('',(#3954,#3955,#3956,#3957,#3958,#3959));
#1695=EDGE_LOOP('',(#3960,#3961,#3962,#3963));
#1696=EDGE_LOOP('',(#3964,#3965,#3966,#3967));
#1697=EDGE_LOOP('',(#3968,#3969,#3970,#3971));
#1698=EDGE_LOOP('',(#3972,#3973,#3974,#3975));
#1699=EDGE_LOOP('',(#3976,#3977,#3978,#3979,#3980,#3981));
#1700=EDGE_LOOP('',(#3982,#3983,#3984,#3985,#3986,#3987));
#1701=EDGE_LOOP('',(#3988,#3989,#3990,#3991));
#1702=EDGE_LOOP('',(#3992,#3993,#3994,#3995));
#1703=EDGE_LOOP('',(#3996,#3997,#3998,#3999));
#1704=EDGE_LOOP('',(#4000,#4001,#4002,#4003));
#1705=EDGE_LOOP('',(#4004,#4005,#4006,#4007,#4008,#4009));
#1706=EDGE_LOOP('',(#4010,#4011,#4012,#4013,#4014,#4015));
#1707=EDGE_LOOP('',(#4016,#4017,#4018,#4019));
#1708=EDGE_LOOP('',(#4020,#4021,#4022,#4023));
#1709=EDGE_LOOP('',(#4024,#4025,#4026,#4027));
#1710=EDGE_LOOP('',(#4028,#4029,#4030,#4031));
#1711=EDGE_LOOP('',(#4032,#4033,#4034,#4035,#4036,#4037));
#1712=EDGE_LOOP('',(#4038,#4039,#4040,#4041,#4042,#4043));
#1713=EDGE_LOOP('',(#4044,#4045,#4046,#4047));
#1714=EDGE_LOOP('',(#4048,#4049,#4050,#4051));
#1715=EDGE_LOOP('',(#4052,#4053,#4054,#4055));
#1716=EDGE_LOOP('',(#4056,#4057,#4058,#4059));
#1717=EDGE_LOOP('',(#4060,#4061,#4062,#4063,#4064,#4065));
#1718=EDGE_LOOP('',(#4066,#4067,#4068,#4069,#4070,#4071));
#1719=EDGE_LOOP('',(#4072,#4073,#4074,#4075));
#1720=EDGE_LOOP('',(#4076,#4077,#4078,#4079));
#1721=EDGE_LOOP('',(#4080,#4081,#4082,#4083));
#1722=EDGE_LOOP('',(#4084,#4085,#4086,#4087));
#1723=EDGE_LOOP('',(#4088,#4089,#4090,#4091,#4092,#4093));
#1724=EDGE_LOOP('',(#4094,#4095,#4096,#4097,#4098,#4099));
#1725=EDGE_LOOP('',(#4100,#4101,#4102,#4103));
#1726=EDGE_LOOP('',(#4104,#4105,#4106,#4107));
#1727=EDGE_LOOP('',(#4108,#4109,#4110,#4111));
#1728=EDGE_LOOP('',(#4112,#4113,#4114,#4115));
#1729=EDGE_LOOP('',(#4116,#4117,#4118,#4119));
#1730=EDGE_LOOP('',(#4120,#4121,#4122,#4123));
#1731=EDGE_LOOP('',(#4124,#4125,#4126,#4127));
#1732=EDGE_LOOP('',(#4128,#4129,#4130,#4131,#4132,#4133));
#1733=EDGE_LOOP('',(#4134,#4135,#4136,#4137,#4138,#4139));
#1734=EDGE_LOOP('',(#4140,#4141,#4142,#4143));
#1735=EDGE_LOOP('',(#4144,#4145,#4146,#4147));
#1736=EDGE_LOOP('',(#4148,#4149,#4150,#4151));
#1737=EDGE_LOOP('',(#4152,#4153,#4154,#4155));
#1738=EDGE_LOOP('',(#4156,#4157,#4158,#4159,#4160,#4161));
#1739=EDGE_LOOP('',(#4162,#4163,#4164,#4165,#4166,#4167));
#1740=EDGE_LOOP('',(#4168,#4169,#4170,#4171));
#1741=EDGE_LOOP('',(#4172,#4173,#4174,#4175));
#1742=EDGE_LOOP('',(#4176,#4177,#4178,#4179));
#1743=EDGE_LOOP('',(#4180,#4181,#4182,#4183));
#1744=EDGE_LOOP('',(#4184,#4185,#4186,#4187,#4188,#4189));
#1745=EDGE_LOOP('',(#4190,#4191,#4192,#4193,#4194,#4195));
#1746=EDGE_LOOP('',(#4196,#4197,#4198,#4199));
#1747=EDGE_LOOP('',(#4200,#4201,#4202,#4203));
#1748=EDGE_LOOP('',(#4204,#4205,#4206,#4207));
#1749=EDGE_LOOP('',(#4208,#4209,#4210,#4211));
#1750=EDGE_LOOP('',(#4212,#4213,#4214,#4215,#4216,#4217));
#1751=EDGE_LOOP('',(#4218,#4219,#4220,#4221,#4222,#4223));
#1752=EDGE_LOOP('',(#4224,#4225,#4226,#4227));
#1753=EDGE_LOOP('',(#4228,#4229,#4230,#4231));
#1754=EDGE_LOOP('',(#4232,#4233,#4234,#4235));
#1755=EDGE_LOOP('',(#4236,#4237,#4238,#4239));
#1756=EDGE_LOOP('',(#4240,#4241,#4242,#4243,#4244,#4245));
#1757=EDGE_LOOP('',(#4246,#4247,#4248,#4249,#4250,#4251));
#1758=EDGE_LOOP('',(#4252,#4253,#4254,#4255));
#1759=EDGE_LOOP('',(#4256,#4257,#4258,#4259));
#1760=EDGE_LOOP('',(#4260,#4261,#4262,#4263));
#1761=EDGE_LOOP('',(#4264,#4265,#4266,#4267));
#1762=EDGE_LOOP('',(#4268,#4269,#4270,#4271,#4272,#4273));
#1763=EDGE_LOOP('',(#4274,#4275,#4276,#4277,#4278,#4279));
#1764=EDGE_LOOP('',(#4280,#4281,#4282,#4283));
#1765=EDGE_LOOP('',(#4284,#4285,#4286,#4287));
#1766=EDGE_LOOP('',(#4288,#4289,#4290,#4291));
#1767=EDGE_LOOP('',(#4292,#4293,#4294,#4295));
#1768=EDGE_LOOP('',(#4296,#4297,#4298,#4299,#4300,#4301));
#1769=EDGE_LOOP('',(#4302,#4303,#4304,#4305,#4306,#4307));
#1770=EDGE_LOOP('',(#4308,#4309,#4310,#4311));
#1771=EDGE_LOOP('',(#4312,#4313,#4314,#4315,#4316,#4317));
#1772=EDGE_LOOP('',(#4318,#4319,#4320,#4321,#4322,#4323));
#1773=EDGE_LOOP('',(#4324,#4325,#4326,#4327));
#1774=EDGE_LOOP('',(#4328,#4329,#4330,#4331));
#1775=EDGE_LOOP('',(#4332,#4333,#4334,#4335));
#1776=EDGE_LOOP('',(#4336,#4337,#4338,#4339));
#1777=EDGE_LOOP('',(#4340,#4341,#4342,#4343,#4344,#4345));
#1778=EDGE_LOOP('',(#4346,#4347,#4348,#4349,#4350,#4351));
#1779=EDGE_LOOP('',(#4352,#4353,#4354,#4355));
#1780=EDGE_LOOP('',(#4356,#4357,#4358,#4359));
#1781=EDGE_LOOP('',(#4360,#4361,#4362,#4363));
#1782=EDGE_LOOP('',(#4364,#4365,#4366,#4367));
#1783=EDGE_LOOP('',(#4368,#4369,#4370,#4371,#4372,#4373));
#1784=EDGE_LOOP('',(#4374,#4375,#4376,#4377,#4378,#4379));
#1785=EDGE_LOOP('',(#4380,#4381,#4382,#4383));
#1786=EDGE_LOOP('',(#4384,#4385,#4386,#4387));
#1787=EDGE_LOOP('',(#4388,#4389,#4390,#4391));
#1788=EDGE_LOOP('',(#4392,#4393,#4394,#4395));
#1789=EDGE_LOOP('',(#4396,#4397,#4398,#4399,#4400,#4401));
#1790=EDGE_LOOP('',(#4402,#4403,#4404,#4405,#4406,#4407));
#1791=EDGE_LOOP('',(#4408,#4409,#4410,#4411));
#1792=EDGE_LOOP('',(#4412,#4413,#4414,#4415));
#1793=EDGE_LOOP('',(#4416,#4417,#4418,#4419));
#1794=ORIENTED_EDGE('',*,*,#5282,.F.);
#1795=ORIENTED_EDGE('',*,*,#5283,.F.);
#1796=ORIENTED_EDGE('',*,*,#5284,.F.);
#1797=ORIENTED_EDGE('',*,*,#5285,.F.);
#1798=ORIENTED_EDGE('',*,*,#5286,.T.);
#1799=ORIENTED_EDGE('',*,*,#5287,.F.);
#1800=ORIENTED_EDGE('',*,*,#5288,.T.);
#1801=ORIENTED_EDGE('',*,*,#5289,.T.);
#1802=ORIENTED_EDGE('',*,*,#5290,.F.);
#1803=ORIENTED_EDGE('',*,*,#5291,.F.);
#1804=ORIENTED_EDGE('',*,*,#5292,.F.);
#1805=ORIENTED_EDGE('',*,*,#5293,.F.);
#1806=ORIENTED_EDGE('',*,*,#5294,.F.);
#1807=ORIENTED_EDGE('',*,*,#5295,.F.);
#1808=ORIENTED_EDGE('',*,*,#5296,.F.);
#1809=ORIENTED_EDGE('',*,*,#5297,.T.);
#1810=ORIENTED_EDGE('',*,*,#5298,.T.);
#1811=ORIENTED_EDGE('',*,*,#5299,.F.);
#1812=ORIENTED_EDGE('',*,*,#5300,.F.);
#1813=ORIENTED_EDGE('',*,*,#5301,.F.);
#1814=ORIENTED_EDGE('',*,*,#5302,.F.);
#1815=ORIENTED_EDGE('',*,*,#5303,.F.);
#1816=ORIENTED_EDGE('',*,*,#5304,.F.);
#1817=ORIENTED_EDGE('',*,*,#5305,.F.);
#1818=ORIENTED_EDGE('',*,*,#5306,.F.);
#1819=ORIENTED_EDGE('',*,*,#5307,.T.);
#1820=ORIENTED_EDGE('',*,*,#5308,.T.);
#1821=ORIENTED_EDGE('',*,*,#5309,.F.);
#1822=ORIENTED_EDGE('',*,*,#5310,.F.);
#1823=ORIENTED_EDGE('',*,*,#5311,.F.);
#1824=ORIENTED_EDGE('',*,*,#5312,.F.);
#1825=ORIENTED_EDGE('',*,*,#5313,.F.);
#1826=ORIENTED_EDGE('',*,*,#5314,.T.);
#1827=ORIENTED_EDGE('',*,*,#5315,.F.);
#1828=ORIENTED_EDGE('',*,*,#5316,.F.);
#1829=ORIENTED_EDGE('',*,*,#5317,.T.);
#1830=ORIENTED_EDGE('',*,*,#5318,.F.);
#1831=ORIENTED_EDGE('',*,*,#5319,.T.);
#1832=ORIENTED_EDGE('',*,*,#5320,.T.);
#1833=ORIENTED_EDGE('',*,*,#5321,.F.);
#1834=ORIENTED_EDGE('',*,*,#5322,.F.);
#1835=ORIENTED_EDGE('',*,*,#5323,.T.);
#1836=ORIENTED_EDGE('',*,*,#5324,.T.);
#1837=ORIENTED_EDGE('',*,*,#5325,.F.);
#1838=ORIENTED_EDGE('',*,*,#5326,.T.);
#1839=ORIENTED_EDGE('',*,*,#5327,.T.);
#1840=ORIENTED_EDGE('',*,*,#5328,.F.);
#1841=ORIENTED_EDGE('',*,*,#5329,.T.);
#1842=ORIENTED_EDGE('',*,*,#5330,.F.);
#1843=ORIENTED_EDGE('',*,*,#5331,.F.);
#1844=ORIENTED_EDGE('',*,*,#5332,.T.);
#1845=ORIENTED_EDGE('',*,*,#5333,.T.);
#1846=ORIENTED_EDGE('',*,*,#5334,.F.);
#1847=ORIENTED_EDGE('',*,*,#5335,.F.);
#1848=ORIENTED_EDGE('',*,*,#5336,.T.);
#1849=ORIENTED_EDGE('',*,*,#5337,.F.);
#1850=ORIENTED_EDGE('',*,*,#5338,.T.);
#1851=ORIENTED_EDGE('',*,*,#5339,.F.);
#1852=ORIENTED_EDGE('',*,*,#5340,.F.);
#1853=ORIENTED_EDGE('',*,*,#5341,.T.);
#1854=ORIENTED_EDGE('',*,*,#5342,.T.);
#1855=ORIENTED_EDGE('',*,*,#5343,.T.);
#1856=ORIENTED_EDGE('',*,*,#5344,.T.);
#1857=ORIENTED_EDGE('',*,*,#5345,.T.);
#1858=ORIENTED_EDGE('',*,*,#5327,.F.);
#1859=ORIENTED_EDGE('',*,*,#5346,.F.);
#1860=ORIENTED_EDGE('',*,*,#5347,.F.);
#1861=ORIENTED_EDGE('',*,*,#5348,.T.);
#1862=ORIENTED_EDGE('',*,*,#5349,.F.);
#1863=ORIENTED_EDGE('',*,*,#5350,.T.);
#1864=ORIENTED_EDGE('',*,*,#5351,.T.);
#1865=ORIENTED_EDGE('',*,*,#5352,.T.);
#1866=ORIENTED_EDGE('',*,*,#5353,.F.);
#1867=ORIENTED_EDGE('',*,*,#5354,.T.);
#1868=ORIENTED_EDGE('',*,*,#5355,.T.);
#1869=ORIENTED_EDGE('',*,*,#5356,.T.);
#1870=ORIENTED_EDGE('',*,*,#5357,.F.);
#1871=ORIENTED_EDGE('',*,*,#5358,.T.);
#1872=ORIENTED_EDGE('',*,*,#5359,.T.);
#1873=ORIENTED_EDGE('',*,*,#5360,.T.);
#1874=ORIENTED_EDGE('',*,*,#5361,.F.);
#1875=ORIENTED_EDGE('',*,*,#5362,.T.);
#1876=ORIENTED_EDGE('',*,*,#5363,.T.);
#1877=ORIENTED_EDGE('',*,*,#5364,.T.);
#1878=ORIENTED_EDGE('',*,*,#5365,.F.);
#1879=ORIENTED_EDGE('',*,*,#5366,.T.);
#1880=ORIENTED_EDGE('',*,*,#5367,.T.);
#1881=ORIENTED_EDGE('',*,*,#5368,.T.);
#1882=ORIENTED_EDGE('',*,*,#5369,.F.);
#1883=ORIENTED_EDGE('',*,*,#5370,.T.);
#1884=ORIENTED_EDGE('',*,*,#5371,.T.);
#1885=ORIENTED_EDGE('',*,*,#5372,.T.);
#1886=ORIENTED_EDGE('',*,*,#5373,.F.);
#1887=ORIENTED_EDGE('',*,*,#5374,.T.);
#1888=ORIENTED_EDGE('',*,*,#5375,.T.);
#1889=ORIENTED_EDGE('',*,*,#5376,.T.);
#1890=ORIENTED_EDGE('',*,*,#5377,.F.);
#1891=ORIENTED_EDGE('',*,*,#5378,.T.);
#1892=ORIENTED_EDGE('',*,*,#5379,.T.);
#1893=ORIENTED_EDGE('',*,*,#5380,.T.);
#1894=ORIENTED_EDGE('',*,*,#5381,.F.);
#1895=ORIENTED_EDGE('',*,*,#5382,.T.);
#1896=ORIENTED_EDGE('',*,*,#5383,.T.);
#1897=ORIENTED_EDGE('',*,*,#5384,.T.);
#1898=ORIENTED_EDGE('',*,*,#5385,.F.);
#1899=ORIENTED_EDGE('',*,*,#5386,.T.);
#1900=ORIENTED_EDGE('',*,*,#5387,.T.);
#1901=ORIENTED_EDGE('',*,*,#5388,.T.);
#1902=ORIENTED_EDGE('',*,*,#5389,.F.);
#1903=ORIENTED_EDGE('',*,*,#5390,.T.);
#1904=ORIENTED_EDGE('',*,*,#5391,.T.);
#1905=ORIENTED_EDGE('',*,*,#5392,.T.);
#1906=ORIENTED_EDGE('',*,*,#5393,.F.);
#1907=ORIENTED_EDGE('',*,*,#5394,.T.);
#1908=ORIENTED_EDGE('',*,*,#5395,.T.);
#1909=ORIENTED_EDGE('',*,*,#5396,.T.);
#1910=ORIENTED_EDGE('',*,*,#5397,.F.);
#1911=ORIENTED_EDGE('',*,*,#5398,.T.);
#1912=ORIENTED_EDGE('',*,*,#5399,.T.);
#1913=ORIENTED_EDGE('',*,*,#5400,.T.);
#1914=ORIENTED_EDGE('',*,*,#5401,.F.);
#1915=ORIENTED_EDGE('',*,*,#5402,.T.);
#1916=ORIENTED_EDGE('',*,*,#5403,.T.);
#1917=ORIENTED_EDGE('',*,*,#5404,.T.);
#1918=ORIENTED_EDGE('',*,*,#5405,.F.);
#1919=ORIENTED_EDGE('',*,*,#5406,.T.);
#1920=ORIENTED_EDGE('',*,*,#5407,.T.);
#1921=ORIENTED_EDGE('',*,*,#5408,.T.);
#1922=ORIENTED_EDGE('',*,*,#5409,.T.);
#1923=ORIENTED_EDGE('',*,*,#5410,.T.);
#1924=ORIENTED_EDGE('',*,*,#5411,.F.);
#1925=ORIENTED_EDGE('',*,*,#5412,.F.);
#1926=ORIENTED_EDGE('',*,*,#5413,.F.);
#1927=ORIENTED_EDGE('',*,*,#5414,.T.);
#1928=ORIENTED_EDGE('',*,*,#5415,.T.);
#1929=ORIENTED_EDGE('',*,*,#5416,.T.);
#1930=ORIENTED_EDGE('',*,*,#5417,.T.);
#1931=ORIENTED_EDGE('',*,*,#5418,.T.);
#1932=ORIENTED_EDGE('',*,*,#5409,.F.);
#1933=ORIENTED_EDGE('',*,*,#5419,.F.);
#1934=ORIENTED_EDGE('',*,*,#5420,.F.);
#1935=ORIENTED_EDGE('',*,*,#5421,.F.);
#1936=ORIENTED_EDGE('',*,*,#5415,.F.);
#1937=ORIENTED_EDGE('',*,*,#5422,.F.);
#1938=ORIENTED_EDGE('',*,*,#5423,.F.);
#1939=ORIENTED_EDGE('',*,*,#5413,.T.);
#1940=ORIENTED_EDGE('',*,*,#5424,.T.);
#1941=ORIENTED_EDGE('',*,*,#5425,.T.);
#1942=ORIENTED_EDGE('',*,*,#5426,.T.);
#1943=ORIENTED_EDGE('',*,*,#5411,.T.);
#1944=ORIENTED_EDGE('',*,*,#5427,.F.);
#1945=ORIENTED_EDGE('',*,*,#5428,.T.);
#1946=ORIENTED_EDGE('',*,*,#5429,.T.);
#1947=ORIENTED_EDGE('',*,*,#5430,.F.);
#1948=ORIENTED_EDGE('',*,*,#5431,.F.);
#1949=ORIENTED_EDGE('',*,*,#5432,.F.);
#1950=ORIENTED_EDGE('',*,*,#5433,.T.);
#1951=ORIENTED_EDGE('',*,*,#5434,.T.);
#1952=ORIENTED_EDGE('',*,*,#5435,.F.);
#1953=ORIENTED_EDGE('',*,*,#5436,.T.);
#1954=ORIENTED_EDGE('',*,*,#5437,.T.);
#1955=ORIENTED_EDGE('',*,*,#5438,.T.);
#1956=ORIENTED_EDGE('',*,*,#5439,.T.);
#1957=ORIENTED_EDGE('',*,*,#5440,.T.);
#1958=ORIENTED_EDGE('',*,*,#5432,.T.);
#1959=ORIENTED_EDGE('',*,*,#5441,.F.);
#1960=ORIENTED_EDGE('',*,*,#5442,.T.);
#1961=ORIENTED_EDGE('',*,*,#5434,.F.);
#1962=ORIENTED_EDGE('',*,*,#5443,.F.);
#1963=ORIENTED_EDGE('',*,*,#5444,.F.);
#1964=ORIENTED_EDGE('',*,*,#5445,.F.);
#1965=ORIENTED_EDGE('',*,*,#5446,.F.);
#1966=ORIENTED_EDGE('',*,*,#5447,.F.);
#1967=ORIENTED_EDGE('',*,*,#5448,.T.);
#1968=ORIENTED_EDGE('',*,*,#5449,.T.);
#1969=ORIENTED_EDGE('',*,*,#5450,.F.);
#1970=ORIENTED_EDGE('',*,*,#5330,.T.);
#1971=ORIENTED_EDGE('',*,*,#5451,.T.);
#1972=ORIENTED_EDGE('',*,*,#5450,.T.);
#1973=ORIENTED_EDGE('',*,*,#5452,.T.);
#1974=ORIENTED_EDGE('',*,*,#5334,.T.);
#1975=ORIENTED_EDGE('',*,*,#5453,.T.);
#1976=ORIENTED_EDGE('',*,*,#5454,.T.);
#1977=ORIENTED_EDGE('',*,*,#5455,.T.);
#1978=ORIENTED_EDGE('',*,*,#5456,.T.);
#1979=ORIENTED_EDGE('',*,*,#5457,.T.);
#1980=ORIENTED_EDGE('',*,*,#5458,.F.);
#1981=ORIENTED_EDGE('',*,*,#5459,.T.);
#1982=ORIENTED_EDGE('',*,*,#5460,.F.);
#1983=ORIENTED_EDGE('',*,*,#5461,.F.);
#1984=ORIENTED_EDGE('',*,*,#5462,.F.);
#1985=ORIENTED_EDGE('',*,*,#5463,.F.);
#1986=ORIENTED_EDGE('',*,*,#5464,.F.);
#1987=ORIENTED_EDGE('',*,*,#5332,.F.);
#1988=ORIENTED_EDGE('',*,*,#5465,.F.);
#1989=ORIENTED_EDGE('',*,*,#5466,.F.);
#1990=ORIENTED_EDGE('',*,*,#5433,.F.);
#1991=ORIENTED_EDGE('',*,*,#5440,.F.);
#1992=ORIENTED_EDGE('',*,*,#5467,.T.);
#1993=ORIENTED_EDGE('',*,*,#5443,.T.);
#1994=ORIENTED_EDGE('',*,*,#5468,.F.);
#1995=ORIENTED_EDGE('',*,*,#5429,.F.);
#1996=ORIENTED_EDGE('',*,*,#5469,.F.);
#1997=ORIENTED_EDGE('',*,*,#5324,.F.);
#1998=ORIENTED_EDGE('',*,*,#5470,.F.);
#1999=ORIENTED_EDGE('',*,*,#5471,.F.);
#2000=ORIENTED_EDGE('',*,*,#5472,.F.);
#2001=ORIENTED_EDGE('',*,*,#5473,.F.);
#2002=ORIENTED_EDGE('',*,*,#5474,.F.);
#2003=ORIENTED_EDGE('',*,*,#5320,.F.);
#2004=ORIENTED_EDGE('',*,*,#5475,.F.);
#2005=ORIENTED_EDGE('',*,*,#5476,.F.);
#2006=ORIENTED_EDGE('',*,*,#5300,.T.);
#2007=ORIENTED_EDGE('',*,*,#5477,.T.);
#2008=ORIENTED_EDGE('',*,*,#5478,.F.);
#2009=ORIENTED_EDGE('',*,*,#5479,.F.);
#2010=ORIENTED_EDGE('',*,*,#5480,.T.);
#2011=ORIENTED_EDGE('',*,*,#5481,.T.);
#2012=ORIENTED_EDGE('',*,*,#5482,.F.);
#2013=ORIENTED_EDGE('',*,*,#5481,.F.);
#2014=ORIENTED_EDGE('',*,*,#5483,.T.);
#2015=ORIENTED_EDGE('',*,*,#5339,.T.);
#2016=ORIENTED_EDGE('',*,*,#5484,.T.);
#2017=ORIENTED_EDGE('',*,*,#5485,.F.);
#2018=ORIENTED_EDGE('',*,*,#5486,.F.);
#2019=ORIENTED_EDGE('',*,*,#5315,.T.);
#2020=ORIENTED_EDGE('',*,*,#5487,.T.);
#2021=ORIENTED_EDGE('',*,*,#5488,.T.);
#2022=ORIENTED_EDGE('',*,*,#5489,.F.);
#2023=ORIENTED_EDGE('',*,*,#5488,.F.);
#2024=ORIENTED_EDGE('',*,*,#5490,.T.);
#2025=ORIENTED_EDGE('',*,*,#5491,.T.);
#2026=ORIENTED_EDGE('',*,*,#5492,.F.);
#2027=ORIENTED_EDGE('',*,*,#5491,.F.);
#2028=ORIENTED_EDGE('',*,*,#5493,.F.);
#2029=ORIENTED_EDGE('',*,*,#5494,.F.);
#2030=ORIENTED_EDGE('',*,*,#5495,.T.);
#2031=ORIENTED_EDGE('',*,*,#5496,.T.);
#2032=ORIENTED_EDGE('',*,*,#5497,.F.);
#2033=ORIENTED_EDGE('',*,*,#5479,.T.);
#2034=ORIENTED_EDGE('',*,*,#5498,.F.);
#2035=ORIENTED_EDGE('',*,*,#5477,.F.);
#2036=ORIENTED_EDGE('',*,*,#5299,.T.);
#2037=ORIENTED_EDGE('',*,*,#5499,.T.);
#2038=ORIENTED_EDGE('',*,*,#5500,.T.);
#2039=ORIENTED_EDGE('',*,*,#5501,.T.);
#2040=ORIENTED_EDGE('',*,*,#5502,.T.);
#2041=ORIENTED_EDGE('',*,*,#5503,.T.);
#2042=ORIENTED_EDGE('',*,*,#5504,.T.);
#2043=ORIENTED_EDGE('',*,*,#5505,.F.);
#2044=ORIENTED_EDGE('',*,*,#5506,.T.);
#2045=ORIENTED_EDGE('',*,*,#5507,.F.);
#2046=ORIENTED_EDGE('',*,*,#5508,.T.);
#2047=ORIENTED_EDGE('',*,*,#5509,.T.);
#2048=ORIENTED_EDGE('',*,*,#5510,.T.);
#2049=ORIENTED_EDGE('',*,*,#5511,.T.);
#2050=ORIENTED_EDGE('',*,*,#5512,.F.);
#2051=ORIENTED_EDGE('',*,*,#5513,.F.);
#2052=ORIENTED_EDGE('',*,*,#5514,.T.);
#2053=ORIENTED_EDGE('',*,*,#5515,.T.);
#2054=ORIENTED_EDGE('',*,*,#5516,.F.);
#2055=ORIENTED_EDGE('',*,*,#5517,.F.);
#2056=ORIENTED_EDGE('',*,*,#5518,.T.);
#2057=ORIENTED_EDGE('',*,*,#5519,.T.);
#2058=ORIENTED_EDGE('',*,*,#5520,.F.);
#2059=ORIENTED_EDGE('',*,*,#5521,.F.);
#2060=ORIENTED_EDGE('',*,*,#5522,.T.);
#2061=ORIENTED_EDGE('',*,*,#5523,.T.);
#2062=ORIENTED_EDGE('',*,*,#5524,.F.);
#2063=ORIENTED_EDGE('',*,*,#5525,.F.);
#2064=ORIENTED_EDGE('',*,*,#5526,.T.);
#2065=ORIENTED_EDGE('',*,*,#5527,.T.);
#2066=ORIENTED_EDGE('',*,*,#5528,.F.);
#2067=ORIENTED_EDGE('',*,*,#5529,.F.);
#2068=ORIENTED_EDGE('',*,*,#5530,.T.);
#2069=ORIENTED_EDGE('',*,*,#5531,.T.);
#2070=ORIENTED_EDGE('',*,*,#5532,.F.);
#2071=ORIENTED_EDGE('',*,*,#5533,.F.);
#2072=ORIENTED_EDGE('',*,*,#5534,.T.);
#2073=ORIENTED_EDGE('',*,*,#5535,.T.);
#2074=ORIENTED_EDGE('',*,*,#5536,.F.);
#2075=ORIENTED_EDGE('',*,*,#5537,.F.);
#2076=ORIENTED_EDGE('',*,*,#5538,.T.);
#2077=ORIENTED_EDGE('',*,*,#5539,.T.);
#2078=ORIENTED_EDGE('',*,*,#5540,.F.);
#2079=ORIENTED_EDGE('',*,*,#5541,.F.);
#2080=ORIENTED_EDGE('',*,*,#5542,.T.);
#2081=ORIENTED_EDGE('',*,*,#5543,.F.);
#2082=ORIENTED_EDGE('',*,*,#5544,.F.);
#2083=ORIENTED_EDGE('',*,*,#5545,.T.);
#2084=ORIENTED_EDGE('',*,*,#5546,.T.);
#2085=ORIENTED_EDGE('',*,*,#5547,.T.);
#2086=ORIENTED_EDGE('',*,*,#5548,.T.);
#2087=ORIENTED_EDGE('',*,*,#5549,.T.);
#2088=ORIENTED_EDGE('',*,*,#5550,.T.);
#2089=ORIENTED_EDGE('',*,*,#5551,.T.);
#2090=ORIENTED_EDGE('',*,*,#5552,.T.);
#2091=ORIENTED_EDGE('',*,*,#5553,.T.);
#2092=ORIENTED_EDGE('',*,*,#5305,.T.);
#2093=ORIENTED_EDGE('',*,*,#5554,.T.);
#2094=ORIENTED_EDGE('',*,*,#5555,.F.);
#2095=ORIENTED_EDGE('',*,*,#5554,.F.);
#2096=ORIENTED_EDGE('',*,*,#5304,.T.);
#2097=ORIENTED_EDGE('',*,*,#5556,.T.);
#2098=ORIENTED_EDGE('',*,*,#5557,.F.);
#2099=ORIENTED_EDGE('',*,*,#5556,.F.);
#2100=ORIENTED_EDGE('',*,*,#5303,.T.);
#2101=ORIENTED_EDGE('',*,*,#5558,.T.);
#2102=ORIENTED_EDGE('',*,*,#5559,.F.);
#2103=ORIENTED_EDGE('',*,*,#5558,.F.);
#2104=ORIENTED_EDGE('',*,*,#5302,.T.);
#2105=ORIENTED_EDGE('',*,*,#5560,.T.);
#2106=ORIENTED_EDGE('',*,*,#5561,.F.);
#2107=ORIENTED_EDGE('',*,*,#5560,.F.);
#2108=ORIENTED_EDGE('',*,*,#5301,.T.);
#2109=ORIENTED_EDGE('',*,*,#5476,.T.);
#2110=ORIENTED_EDGE('',*,*,#5475,.T.);
#2111=ORIENTED_EDGE('',*,*,#5498,.T.);
#2112=ORIENTED_EDGE('',*,*,#5478,.T.);
#2113=ORIENTED_EDGE('',*,*,#5482,.T.);
#2114=ORIENTED_EDGE('',*,*,#5489,.T.);
#2115=ORIENTED_EDGE('',*,*,#5492,.T.);
#2116=ORIENTED_EDGE('',*,*,#5555,.T.);
#2117=ORIENTED_EDGE('',*,*,#5557,.T.);
#2118=ORIENTED_EDGE('',*,*,#5559,.T.);
#2119=ORIENTED_EDGE('',*,*,#5561,.T.);
#2120=ORIENTED_EDGE('',*,*,#5562,.T.);
#2121=ORIENTED_EDGE('',*,*,#5343,.F.);
#2122=ORIENTED_EDGE('',*,*,#5563,.F.);
#2123=ORIENTED_EDGE('',*,*,#5408,.F.);
#2124=ORIENTED_EDGE('',*,*,#5564,.F.);
#2125=ORIENTED_EDGE('',*,*,#5404,.F.);
#2126=ORIENTED_EDGE('',*,*,#5565,.F.);
#2127=ORIENTED_EDGE('',*,*,#5400,.F.);
#2128=ORIENTED_EDGE('',*,*,#5566,.F.);
#2129=ORIENTED_EDGE('',*,*,#5396,.F.);
#2130=ORIENTED_EDGE('',*,*,#5567,.F.);
#2131=ORIENTED_EDGE('',*,*,#5392,.F.);
#2132=ORIENTED_EDGE('',*,*,#5568,.F.);
#2133=ORIENTED_EDGE('',*,*,#5388,.F.);
#2134=ORIENTED_EDGE('',*,*,#5569,.F.);
#2135=ORIENTED_EDGE('',*,*,#5384,.F.);
#2136=ORIENTED_EDGE('',*,*,#5570,.F.);
#2137=ORIENTED_EDGE('',*,*,#5380,.F.);
#2138=ORIENTED_EDGE('',*,*,#5571,.F.);
#2139=ORIENTED_EDGE('',*,*,#5376,.F.);
#2140=ORIENTED_EDGE('',*,*,#5572,.F.);
#2141=ORIENTED_EDGE('',*,*,#5372,.F.);
#2142=ORIENTED_EDGE('',*,*,#5573,.F.);
#2143=ORIENTED_EDGE('',*,*,#5368,.F.);
#2144=ORIENTED_EDGE('',*,*,#5574,.F.);
#2145=ORIENTED_EDGE('',*,*,#5364,.F.);
#2146=ORIENTED_EDGE('',*,*,#5575,.F.);
#2147=ORIENTED_EDGE('',*,*,#5360,.F.);
#2148=ORIENTED_EDGE('',*,*,#5576,.F.);
#2149=ORIENTED_EDGE('',*,*,#5356,.F.);
#2150=ORIENTED_EDGE('',*,*,#5577,.F.);
#2151=ORIENTED_EDGE('',*,*,#5352,.F.);
#2152=ORIENTED_EDGE('',*,*,#5578,.F.);
#2153=ORIENTED_EDGE('',*,*,#5348,.F.);
#2154=ORIENTED_EDGE('',*,*,#5579,.F.);
#2155=ORIENTED_EDGE('',*,*,#5485,.T.);
#2156=ORIENTED_EDGE('',*,*,#5580,.F.);
#2157=ORIENTED_EDGE('',*,*,#5581,.F.);
#2158=ORIENTED_EDGE('',*,*,#5316,.T.);
#2159=ORIENTED_EDGE('',*,*,#5486,.T.);
#2160=ORIENTED_EDGE('',*,*,#5579,.T.);
#2161=ORIENTED_EDGE('',*,*,#5347,.T.);
#2162=ORIENTED_EDGE('',*,*,#5338,.F.);
#2163=ORIENTED_EDGE('',*,*,#5582,.T.);
#2164=ORIENTED_EDGE('',*,*,#5583,.T.);
#2165=ORIENTED_EDGE('',*,*,#5344,.F.);
#2166=ORIENTED_EDGE('',*,*,#5562,.F.);
#2167=ORIENTED_EDGE('',*,*,#5484,.F.);
#2168=ORIENTED_EDGE('',*,*,#5474,.T.);
#2169=ORIENTED_EDGE('',*,*,#5584,.F.);
#2170=ORIENTED_EDGE('',*,*,#5585,.F.);
#2171=ORIENTED_EDGE('',*,*,#5321,.T.);
#2172=ORIENTED_EDGE('',*,*,#5473,.T.);
#2173=ORIENTED_EDGE('',*,*,#5586,.F.);
#2174=ORIENTED_EDGE('',*,*,#5587,.F.);
#2175=ORIENTED_EDGE('',*,*,#5584,.T.);
#2176=ORIENTED_EDGE('',*,*,#5472,.T.);
#2177=ORIENTED_EDGE('',*,*,#5588,.F.);
#2178=ORIENTED_EDGE('',*,*,#5589,.F.);
#2179=ORIENTED_EDGE('',*,*,#5590,.F.);
#2180=ORIENTED_EDGE('',*,*,#5591,.F.);
#2181=ORIENTED_EDGE('',*,*,#5586,.T.);
#2182=ORIENTED_EDGE('',*,*,#5471,.T.);
#2183=ORIENTED_EDGE('',*,*,#5592,.F.);
#2184=ORIENTED_EDGE('',*,*,#5593,.F.);
#2185=ORIENTED_EDGE('',*,*,#5588,.T.);
#2186=ORIENTED_EDGE('',*,*,#5470,.T.);
#2187=ORIENTED_EDGE('',*,*,#5323,.F.);
#2188=ORIENTED_EDGE('',*,*,#5594,.F.);
#2189=ORIENTED_EDGE('',*,*,#5592,.T.);
#2190=ORIENTED_EDGE('',*,*,#5595,.F.);
#2191=ORIENTED_EDGE('',*,*,#5419,.T.);
#2192=ORIENTED_EDGE('',*,*,#5412,.T.);
#2193=ORIENTED_EDGE('',*,*,#5426,.F.);
#2194=ORIENTED_EDGE('',*,*,#5596,.F.);
#2195=ORIENTED_EDGE('',*,*,#5589,.T.);
#2196=ORIENTED_EDGE('',*,*,#5593,.T.);
#2197=ORIENTED_EDGE('',*,*,#5594,.T.);
#2198=ORIENTED_EDGE('',*,*,#5322,.T.);
#2199=ORIENTED_EDGE('',*,*,#5585,.T.);
#2200=ORIENTED_EDGE('',*,*,#5587,.T.);
#2201=ORIENTED_EDGE('',*,*,#5591,.T.);
#2202=ORIENTED_EDGE('',*,*,#5597,.T.);
#2203=ORIENTED_EDGE('',*,*,#5598,.T.);
#2204=ORIENTED_EDGE('',*,*,#5599,.F.);
#2205=ORIENTED_EDGE('',*,*,#5598,.F.);
#2206=ORIENTED_EDGE('',*,*,#5600,.T.);
#2207=ORIENTED_EDGE('',*,*,#5601,.T.);
#2208=ORIENTED_EDGE('',*,*,#5602,.F.);
#2209=ORIENTED_EDGE('',*,*,#5601,.F.);
#2210=ORIENTED_EDGE('',*,*,#5603,.T.);
#2211=ORIENTED_EDGE('',*,*,#5604,.T.);
#2212=ORIENTED_EDGE('',*,*,#5605,.F.);
#2213=ORIENTED_EDGE('',*,*,#5604,.F.);
#2214=ORIENTED_EDGE('',*,*,#5606,.T.);
#2215=ORIENTED_EDGE('',*,*,#5590,.T.);
#2216=ORIENTED_EDGE('',*,*,#5597,.F.);
#2217=ORIENTED_EDGE('',*,*,#5606,.F.);
#2218=ORIENTED_EDGE('',*,*,#5603,.F.);
#2219=ORIENTED_EDGE('',*,*,#5600,.F.);
#2220=ORIENTED_EDGE('',*,*,#5605,.T.);
#2221=ORIENTED_EDGE('',*,*,#5596,.T.);
#2222=ORIENTED_EDGE('',*,*,#5599,.T.);
#2223=ORIENTED_EDGE('',*,*,#5602,.T.);
#2224=ORIENTED_EDGE('',*,*,#5424,.F.);
#2225=ORIENTED_EDGE('',*,*,#5416,.F.);
#2226=ORIENTED_EDGE('',*,*,#5421,.T.);
#2227=ORIENTED_EDGE('',*,*,#5607,.T.);
#2228=ORIENTED_EDGE('',*,*,#5425,.F.);
#2229=ORIENTED_EDGE('',*,*,#5607,.F.);
#2230=ORIENTED_EDGE('',*,*,#5420,.T.);
#2231=ORIENTED_EDGE('',*,*,#5595,.T.);
#2232=ORIENTED_EDGE('',*,*,#5608,.F.);
#2233=ORIENTED_EDGE('',*,*,#5609,.T.);
#2234=ORIENTED_EDGE('',*,*,#5610,.F.);
#2235=ORIENTED_EDGE('',*,*,#5611,.F.);
#2236=ORIENTED_EDGE('',*,*,#5612,.T.);
#2237=ORIENTED_EDGE('',*,*,#5325,.T.);
#2238=ORIENTED_EDGE('',*,*,#5469,.T.);
#2239=ORIENTED_EDGE('',*,*,#5428,.F.);
#2240=ORIENTED_EDGE('',*,*,#5613,.F.);
#2241=ORIENTED_EDGE('',*,*,#5614,.T.);
#2242=ORIENTED_EDGE('',*,*,#5615,.F.);
#2243=ORIENTED_EDGE('',*,*,#5430,.T.);
#2244=ORIENTED_EDGE('',*,*,#5468,.T.);
#2245=ORIENTED_EDGE('',*,*,#5319,.F.);
#2246=ORIENTED_EDGE('',*,*,#5616,.F.);
#2247=ORIENTED_EDGE('',*,*,#5613,.T.);
#2248=ORIENTED_EDGE('',*,*,#5318,.T.);
#2249=ORIENTED_EDGE('',*,*,#5617,.F.);
#2250=ORIENTED_EDGE('',*,*,#5618,.F.);
#2251=ORIENTED_EDGE('',*,*,#5610,.T.);
#2252=ORIENTED_EDGE('',*,*,#5619,.F.);
#2253=ORIENTED_EDGE('',*,*,#5346,.T.);
#2254=ORIENTED_EDGE('',*,*,#5326,.F.);
#2255=ORIENTED_EDGE('',*,*,#5612,.F.);
#2256=ORIENTED_EDGE('',*,*,#5620,.F.);
#2257=ORIENTED_EDGE('',*,*,#5580,.T.);
#2258=ORIENTED_EDGE('',*,*,#5619,.T.);
#2259=ORIENTED_EDGE('',*,*,#5611,.T.);
#2260=ORIENTED_EDGE('',*,*,#5618,.T.);
#2261=ORIENTED_EDGE('',*,*,#5317,.F.);
#2262=ORIENTED_EDGE('',*,*,#5581,.T.);
#2263=ORIENTED_EDGE('',*,*,#5620,.T.);
#2264=ORIENTED_EDGE('',*,*,#5617,.T.);
#2265=ORIENTED_EDGE('',*,*,#5453,.F.);
#2266=ORIENTED_EDGE('',*,*,#5333,.F.);
#2267=ORIENTED_EDGE('',*,*,#5464,.T.);
#2268=ORIENTED_EDGE('',*,*,#5621,.T.);
#2269=ORIENTED_EDGE('',*,*,#5454,.F.);
#2270=ORIENTED_EDGE('',*,*,#5621,.F.);
#2271=ORIENTED_EDGE('',*,*,#5463,.T.);
#2272=ORIENTED_EDGE('',*,*,#5622,.T.);
#2273=ORIENTED_EDGE('',*,*,#5455,.F.);
#2274=ORIENTED_EDGE('',*,*,#5622,.F.);
#2275=ORIENTED_EDGE('',*,*,#5462,.T.);
#2276=ORIENTED_EDGE('',*,*,#5623,.T.);
#2277=ORIENTED_EDGE('',*,*,#5458,.T.);
#2278=ORIENTED_EDGE('',*,*,#5624,.T.);
#2279=ORIENTED_EDGE('',*,*,#5456,.F.);
#2280=ORIENTED_EDGE('',*,*,#5624,.F.);
#2281=ORIENTED_EDGE('',*,*,#5466,.T.);
#2282=ORIENTED_EDGE('',*,*,#5625,.T.);
#2283=ORIENTED_EDGE('',*,*,#5457,.F.);
#2284=ORIENTED_EDGE('',*,*,#5625,.F.);
#2285=ORIENTED_EDGE('',*,*,#5465,.T.);
#2286=ORIENTED_EDGE('',*,*,#5331,.T.);
#2287=ORIENTED_EDGE('',*,*,#5626,.T.);
#2288=ORIENTED_EDGE('',*,*,#5627,.F.);
#2289=ORIENTED_EDGE('',*,*,#5628,.F.);
#2290=ORIENTED_EDGE('',*,*,#5460,.T.);
#2291=ORIENTED_EDGE('',*,*,#5629,.T.);
#2292=ORIENTED_EDGE('',*,*,#5630,.F.);
#2293=ORIENTED_EDGE('',*,*,#5631,.F.);
#2294=ORIENTED_EDGE('',*,*,#5627,.T.);
#2295=ORIENTED_EDGE('',*,*,#5632,.T.);
#2296=ORIENTED_EDGE('',*,*,#5623,.F.);
#2297=ORIENTED_EDGE('',*,*,#5633,.F.);
#2298=ORIENTED_EDGE('',*,*,#5630,.T.);
#2299=ORIENTED_EDGE('',*,*,#5461,.T.);
#2300=ORIENTED_EDGE('',*,*,#5628,.T.);
#2301=ORIENTED_EDGE('',*,*,#5631,.T.);
#2302=ORIENTED_EDGE('',*,*,#5633,.T.);
#2303=ORIENTED_EDGE('',*,*,#5459,.F.);
#2304=ORIENTED_EDGE('',*,*,#5632,.F.);
#2305=ORIENTED_EDGE('',*,*,#5629,.F.);
#2306=ORIENTED_EDGE('',*,*,#5626,.F.);
#2307=ORIENTED_EDGE('',*,*,#5437,.F.);
#2308=ORIENTED_EDGE('',*,*,#5634,.T.);
#2309=ORIENTED_EDGE('',*,*,#5446,.T.);
#2310=ORIENTED_EDGE('',*,*,#5635,.F.);
#2311=ORIENTED_EDGE('',*,*,#5445,.T.);
#2312=ORIENTED_EDGE('',*,*,#5636,.F.);
#2313=ORIENTED_EDGE('',*,*,#5438,.F.);
#2314=ORIENTED_EDGE('',*,*,#5635,.T.);
#2315=ORIENTED_EDGE('',*,*,#5444,.T.);
#2316=ORIENTED_EDGE('',*,*,#5467,.F.);
#2317=ORIENTED_EDGE('',*,*,#5439,.F.);
#2318=ORIENTED_EDGE('',*,*,#5636,.T.);
#2319=ORIENTED_EDGE('',*,*,#5637,.F.);
#2320=ORIENTED_EDGE('',*,*,#5638,.T.);
#2321=ORIENTED_EDGE('',*,*,#5447,.T.);
#2322=ORIENTED_EDGE('',*,*,#5451,.F.);
#2323=ORIENTED_EDGE('',*,*,#5329,.F.);
#2324=ORIENTED_EDGE('',*,*,#5639,.F.);
#2325=ORIENTED_EDGE('',*,*,#5640,.T.);
#2326=ORIENTED_EDGE('',*,*,#5641,.T.);
#2327=ORIENTED_EDGE('',*,*,#5642,.F.);
#2328=ORIENTED_EDGE('',*,*,#5643,.T.);
#2329=ORIENTED_EDGE('',*,*,#5335,.T.);
#2330=ORIENTED_EDGE('',*,*,#5452,.F.);
#2331=ORIENTED_EDGE('',*,*,#5449,.F.);
#2332=ORIENTED_EDGE('',*,*,#5644,.T.);
#2333=ORIENTED_EDGE('',*,*,#5643,.F.);
#2334=ORIENTED_EDGE('',*,*,#5645,.T.);
#2335=ORIENTED_EDGE('',*,*,#5641,.F.);
#2336=ORIENTED_EDGE('',*,*,#5646,.T.);
#2337=ORIENTED_EDGE('',*,*,#5647,.T.);
#2338=ORIENTED_EDGE('',*,*,#5336,.F.);
#2339=ORIENTED_EDGE('',*,*,#5345,.F.);
#2340=ORIENTED_EDGE('',*,*,#5648,.T.);
#2341=ORIENTED_EDGE('',*,*,#5639,.T.);
#2342=ORIENTED_EDGE('',*,*,#5328,.T.);
#2343=ORIENTED_EDGE('',*,*,#5583,.F.);
#2344=ORIENTED_EDGE('',*,*,#5649,.T.);
#2345=ORIENTED_EDGE('',*,*,#5646,.F.);
#2346=ORIENTED_EDGE('',*,*,#5640,.F.);
#2347=ORIENTED_EDGE('',*,*,#5648,.F.);
#2348=ORIENTED_EDGE('',*,*,#5582,.F.);
#2349=ORIENTED_EDGE('',*,*,#5337,.T.);
#2350=ORIENTED_EDGE('',*,*,#5647,.F.);
#2351=ORIENTED_EDGE('',*,*,#5649,.F.);
#2352=ORIENTED_EDGE('',*,*,#5650,.F.);
#2353=ORIENTED_EDGE('',*,*,#5563,.T.);
#2354=ORIENTED_EDGE('',*,*,#5651,.T.);
#2355=ORIENTED_EDGE('',*,*,#5652,.F.);
#2356=ORIENTED_EDGE('',*,*,#5653,.F.);
#2357=ORIENTED_EDGE('',*,*,#5564,.T.);
#2358=ORIENTED_EDGE('',*,*,#5654,.T.);
#2359=ORIENTED_EDGE('',*,*,#5655,.F.);
#2360=ORIENTED_EDGE('',*,*,#5656,.F.);
#2361=ORIENTED_EDGE('',*,*,#5565,.T.);
#2362=ORIENTED_EDGE('',*,*,#5657,.T.);
#2363=ORIENTED_EDGE('',*,*,#5658,.F.);
#2364=ORIENTED_EDGE('',*,*,#5659,.F.);
#2365=ORIENTED_EDGE('',*,*,#5566,.T.);
#2366=ORIENTED_EDGE('',*,*,#5660,.T.);
#2367=ORIENTED_EDGE('',*,*,#5661,.F.);
#2368=ORIENTED_EDGE('',*,*,#5662,.F.);
#2369=ORIENTED_EDGE('',*,*,#5567,.T.);
#2370=ORIENTED_EDGE('',*,*,#5663,.T.);
#2371=ORIENTED_EDGE('',*,*,#5664,.F.);
#2372=ORIENTED_EDGE('',*,*,#5665,.F.);
#2373=ORIENTED_EDGE('',*,*,#5568,.T.);
#2374=ORIENTED_EDGE('',*,*,#5666,.T.);
#2375=ORIENTED_EDGE('',*,*,#5667,.F.);
#2376=ORIENTED_EDGE('',*,*,#5668,.F.);
#2377=ORIENTED_EDGE('',*,*,#5569,.T.);
#2378=ORIENTED_EDGE('',*,*,#5669,.T.);
#2379=ORIENTED_EDGE('',*,*,#5670,.F.);
#2380=ORIENTED_EDGE('',*,*,#5671,.F.);
#2381=ORIENTED_EDGE('',*,*,#5570,.T.);
#2382=ORIENTED_EDGE('',*,*,#5672,.T.);
#2383=ORIENTED_EDGE('',*,*,#5673,.F.);
#2384=ORIENTED_EDGE('',*,*,#5674,.F.);
#2385=ORIENTED_EDGE('',*,*,#5571,.T.);
#2386=ORIENTED_EDGE('',*,*,#5675,.T.);
#2387=ORIENTED_EDGE('',*,*,#5676,.F.);
#2388=ORIENTED_EDGE('',*,*,#5677,.F.);
#2389=ORIENTED_EDGE('',*,*,#5572,.T.);
#2390=ORIENTED_EDGE('',*,*,#5678,.T.);
#2391=ORIENTED_EDGE('',*,*,#5679,.F.);
#2392=ORIENTED_EDGE('',*,*,#5680,.F.);
#2393=ORIENTED_EDGE('',*,*,#5573,.T.);
#2394=ORIENTED_EDGE('',*,*,#5681,.T.);
#2395=ORIENTED_EDGE('',*,*,#5682,.F.);
#2396=ORIENTED_EDGE('',*,*,#5683,.F.);
#2397=ORIENTED_EDGE('',*,*,#5574,.T.);
#2398=ORIENTED_EDGE('',*,*,#5684,.T.);
#2399=ORIENTED_EDGE('',*,*,#5685,.F.);
#2400=ORIENTED_EDGE('',*,*,#5686,.F.);
#2401=ORIENTED_EDGE('',*,*,#5575,.T.);
#2402=ORIENTED_EDGE('',*,*,#5687,.T.);
#2403=ORIENTED_EDGE('',*,*,#5688,.F.);
#2404=ORIENTED_EDGE('',*,*,#5689,.F.);
#2405=ORIENTED_EDGE('',*,*,#5576,.T.);
#2406=ORIENTED_EDGE('',*,*,#5690,.T.);
#2407=ORIENTED_EDGE('',*,*,#5691,.F.);
#2408=ORIENTED_EDGE('',*,*,#5692,.F.);
#2409=ORIENTED_EDGE('',*,*,#5577,.T.);
#2410=ORIENTED_EDGE('',*,*,#5693,.T.);
#2411=ORIENTED_EDGE('',*,*,#5694,.F.);
#2412=ORIENTED_EDGE('',*,*,#5695,.F.);
#2413=ORIENTED_EDGE('',*,*,#5578,.T.);
#2414=ORIENTED_EDGE('',*,*,#5696,.T.);
#2415=ORIENTED_EDGE('',*,*,#5697,.F.);
#2416=ORIENTED_EDGE('',*,*,#5480,.F.);
#2417=ORIENTED_EDGE('',*,*,#5497,.T.);
#2418=ORIENTED_EDGE('',*,*,#5698,.T.);
#2419=ORIENTED_EDGE('',*,*,#5699,.T.);
#2420=ORIENTED_EDGE('',*,*,#5700,.F.);
#2421=ORIENTED_EDGE('',*,*,#5483,.F.);
#2422=ORIENTED_EDGE('',*,*,#5490,.F.);
#2423=ORIENTED_EDGE('',*,*,#5487,.F.);
#2424=ORIENTED_EDGE('',*,*,#5701,.T.);
#2425=ORIENTED_EDGE('',*,*,#5702,.T.);
#2426=ORIENTED_EDGE('',*,*,#5703,.F.);
#2427=ORIENTED_EDGE('',*,*,#5493,.T.);
#2428=ORIENTED_EDGE('',*,*,#5704,.T.);
#2429=ORIENTED_EDGE('',*,*,#5608,.T.);
#2430=ORIENTED_EDGE('',*,*,#5427,.T.);
#2431=ORIENTED_EDGE('',*,*,#5615,.T.);
#2432=ORIENTED_EDGE('',*,*,#5705,.T.);
#2433=ORIENTED_EDGE('',*,*,#5706,.F.);
#2434=ORIENTED_EDGE('',*,*,#5310,.T.);
#2435=ORIENTED_EDGE('',*,*,#5707,.T.);
#2436=ORIENTED_EDGE('',*,*,#5708,.T.);
#2437=ORIENTED_EDGE('',*,*,#5709,.T.);
#2438=ORIENTED_EDGE('',*,*,#5609,.F.);
#2439=ORIENTED_EDGE('',*,*,#5704,.F.);
#2440=ORIENTED_EDGE('',*,*,#5710,.F.);
#2441=ORIENTED_EDGE('',*,*,#5711,.F.);
#2442=ORIENTED_EDGE('',*,*,#5712,.F.);
#2443=ORIENTED_EDGE('',*,*,#5705,.F.);
#2444=ORIENTED_EDGE('',*,*,#5614,.F.);
#2445=ORIENTED_EDGE('',*,*,#5616,.T.);
#2446=ORIENTED_EDGE('',*,*,#5713,.F.);
#2447=ORIENTED_EDGE('',*,*,#5435,.T.);
#2448=ORIENTED_EDGE('',*,*,#5431,.T.);
#2449=ORIENTED_EDGE('',*,*,#5442,.F.);
#2450=ORIENTED_EDGE('',*,*,#5714,.F.);
#2451=ORIENTED_EDGE('',*,*,#5715,.F.);
#2452=ORIENTED_EDGE('',*,*,#5716,.F.);
#2453=ORIENTED_EDGE('',*,*,#5717,.F.);
#2454=ORIENTED_EDGE('',*,*,#5718,.T.);
#2455=ORIENTED_EDGE('',*,*,#5719,.F.);
#2456=ORIENTED_EDGE('',*,*,#5436,.F.);
#2457=ORIENTED_EDGE('',*,*,#5713,.T.);
#2458=ORIENTED_EDGE('',*,*,#5720,.F.);
#2459=ORIENTED_EDGE('',*,*,#5721,.F.);
#2460=ORIENTED_EDGE('',*,*,#5722,.T.);
#2461=ORIENTED_EDGE('',*,*,#5714,.T.);
#2462=ORIENTED_EDGE('',*,*,#5441,.T.);
#2463=ORIENTED_EDGE('',*,*,#5634,.F.);
#2464=ORIENTED_EDGE('',*,*,#5546,.F.);
#2465=ORIENTED_EDGE('',*,*,#5723,.F.);
#2466=ORIENTED_EDGE('',*,*,#5724,.T.);
#2467=ORIENTED_EDGE('',*,*,#5725,.T.);
#2468=ORIENTED_EDGE('',*,*,#5542,.F.);
#2469=ORIENTED_EDGE('',*,*,#5726,.T.);
#2470=ORIENTED_EDGE('',*,*,#5727,.T.);
#2471=ORIENTED_EDGE('',*,*,#5728,.F.);
#2472=ORIENTED_EDGE('',*,*,#5538,.F.);
#2473=ORIENTED_EDGE('',*,*,#5729,.T.);
#2474=ORIENTED_EDGE('',*,*,#5730,.T.);
#2475=ORIENTED_EDGE('',*,*,#5731,.F.);
#2476=ORIENTED_EDGE('',*,*,#5534,.F.);
#2477=ORIENTED_EDGE('',*,*,#5732,.T.);
#2478=ORIENTED_EDGE('',*,*,#5733,.T.);
#2479=ORIENTED_EDGE('',*,*,#5734,.F.);
#2480=ORIENTED_EDGE('',*,*,#5530,.F.);
#2481=ORIENTED_EDGE('',*,*,#5735,.T.);
#2482=ORIENTED_EDGE('',*,*,#5736,.T.);
#2483=ORIENTED_EDGE('',*,*,#5737,.F.);
#2484=ORIENTED_EDGE('',*,*,#5526,.F.);
#2485=ORIENTED_EDGE('',*,*,#5738,.T.);
#2486=ORIENTED_EDGE('',*,*,#5739,.T.);
#2487=ORIENTED_EDGE('',*,*,#5740,.F.);
#2488=ORIENTED_EDGE('',*,*,#5522,.F.);
#2489=ORIENTED_EDGE('',*,*,#5741,.T.);
#2490=ORIENTED_EDGE('',*,*,#5742,.T.);
#2491=ORIENTED_EDGE('',*,*,#5743,.F.);
#2492=ORIENTED_EDGE('',*,*,#5518,.F.);
#2493=ORIENTED_EDGE('',*,*,#5744,.T.);
#2494=ORIENTED_EDGE('',*,*,#5745,.T.);
#2495=ORIENTED_EDGE('',*,*,#5746,.F.);
#2496=ORIENTED_EDGE('',*,*,#5514,.F.);
#2497=ORIENTED_EDGE('',*,*,#5747,.T.);
#2498=ORIENTED_EDGE('',*,*,#5748,.T.);
#2499=ORIENTED_EDGE('',*,*,#5749,.F.);
#2500=ORIENTED_EDGE('',*,*,#5510,.F.);
#2501=ORIENTED_EDGE('',*,*,#5750,.F.);
#2502=ORIENTED_EDGE('',*,*,#5751,.F.);
#2503=ORIENTED_EDGE('',*,*,#5752,.T.);
#2504=ORIENTED_EDGE('',*,*,#5506,.F.);
#2505=ORIENTED_EDGE('',*,*,#5753,.F.);
#2506=ORIENTED_EDGE('',*,*,#5754,.F.);
#2507=ORIENTED_EDGE('',*,*,#5755,.T.);
#2508=ORIENTED_EDGE('',*,*,#5756,.T.);
#2509=ORIENTED_EDGE('',*,*,#5757,.F.);
#2510=ORIENTED_EDGE('',*,*,#5758,.F.);
#2511=ORIENTED_EDGE('',*,*,#5759,.T.);
#2512=ORIENTED_EDGE('',*,*,#5760,.F.);
#2513=ORIENTED_EDGE('',*,*,#5761,.F.);
#2514=ORIENTED_EDGE('',*,*,#5762,.F.);
#2515=ORIENTED_EDGE('',*,*,#5763,.F.);
#2516=ORIENTED_EDGE('',*,*,#5764,.F.);
#2517=ORIENTED_EDGE('',*,*,#5765,.T.);
#2518=ORIENTED_EDGE('',*,*,#5766,.F.);
#2519=ORIENTED_EDGE('',*,*,#5767,.F.);
#2520=ORIENTED_EDGE('',*,*,#5768,.F.);
#2521=ORIENTED_EDGE('',*,*,#5769,.T.);
#2522=ORIENTED_EDGE('',*,*,#5770,.F.);
#2523=ORIENTED_EDGE('',*,*,#5771,.F.);
#2524=ORIENTED_EDGE('',*,*,#5772,.F.);
#2525=ORIENTED_EDGE('',*,*,#5773,.T.);
#2526=ORIENTED_EDGE('',*,*,#5774,.F.);
#2527=ORIENTED_EDGE('',*,*,#5775,.F.);
#2528=ORIENTED_EDGE('',*,*,#5776,.F.);
#2529=ORIENTED_EDGE('',*,*,#5777,.T.);
#2530=ORIENTED_EDGE('',*,*,#5778,.F.);
#2531=ORIENTED_EDGE('',*,*,#5779,.F.);
#2532=ORIENTED_EDGE('',*,*,#5780,.F.);
#2533=ORIENTED_EDGE('',*,*,#5781,.T.);
#2534=ORIENTED_EDGE('',*,*,#5782,.F.);
#2535=ORIENTED_EDGE('',*,*,#5783,.F.);
#2536=ORIENTED_EDGE('',*,*,#5784,.F.);
#2537=ORIENTED_EDGE('',*,*,#5785,.T.);
#2538=ORIENTED_EDGE('',*,*,#5786,.F.);
#2539=ORIENTED_EDGE('',*,*,#5787,.F.);
#2540=ORIENTED_EDGE('',*,*,#5788,.F.);
#2541=ORIENTED_EDGE('',*,*,#5789,.T.);
#2542=ORIENTED_EDGE('',*,*,#5790,.F.);
#2543=ORIENTED_EDGE('',*,*,#5791,.F.);
#2544=ORIENTED_EDGE('',*,*,#5792,.F.);
#2545=ORIENTED_EDGE('',*,*,#5793,.T.);
#2546=ORIENTED_EDGE('',*,*,#5794,.F.);
#2547=ORIENTED_EDGE('',*,*,#5795,.T.);
#2548=ORIENTED_EDGE('',*,*,#5796,.T.);
#2549=ORIENTED_EDGE('',*,*,#5797,.F.);
#2550=ORIENTED_EDGE('',*,*,#5798,.F.);
#2551=ORIENTED_EDGE('',*,*,#5799,.F.);
#2552=ORIENTED_EDGE('',*,*,#5800,.T.);
#2553=ORIENTED_EDGE('',*,*,#5708,.F.);
#2554=ORIENTED_EDGE('',*,*,#5801,.T.);
#2555=ORIENTED_EDGE('',*,*,#5802,.F.);
#2556=ORIENTED_EDGE('',*,*,#5803,.T.);
#2557=ORIENTED_EDGE('',*,*,#5804,.F.);
#2558=ORIENTED_EDGE('',*,*,#5805,.F.);
#2559=ORIENTED_EDGE('',*,*,#5794,.T.);
#2560=ORIENTED_EDGE('',*,*,#5806,.F.);
#2561=ORIENTED_EDGE('',*,*,#5807,.T.);
#2562=ORIENTED_EDGE('',*,*,#5808,.T.);
#2563=ORIENTED_EDGE('',*,*,#5790,.T.);
#2564=ORIENTED_EDGE('',*,*,#5809,.F.);
#2565=ORIENTED_EDGE('',*,*,#5810,.T.);
#2566=ORIENTED_EDGE('',*,*,#5811,.T.);
#2567=ORIENTED_EDGE('',*,*,#5786,.T.);
#2568=ORIENTED_EDGE('',*,*,#5812,.F.);
#2569=ORIENTED_EDGE('',*,*,#5813,.T.);
#2570=ORIENTED_EDGE('',*,*,#5814,.T.);
#2571=ORIENTED_EDGE('',*,*,#5782,.T.);
#2572=ORIENTED_EDGE('',*,*,#5815,.F.);
#2573=ORIENTED_EDGE('',*,*,#5816,.T.);
#2574=ORIENTED_EDGE('',*,*,#5817,.T.);
#2575=ORIENTED_EDGE('',*,*,#5778,.T.);
#2576=ORIENTED_EDGE('',*,*,#5818,.F.);
#2577=ORIENTED_EDGE('',*,*,#5819,.T.);
#2578=ORIENTED_EDGE('',*,*,#5820,.T.);
#2579=ORIENTED_EDGE('',*,*,#5774,.T.);
#2580=ORIENTED_EDGE('',*,*,#5821,.F.);
#2581=ORIENTED_EDGE('',*,*,#5822,.T.);
#2582=ORIENTED_EDGE('',*,*,#5823,.T.);
#2583=ORIENTED_EDGE('',*,*,#5770,.T.);
#2584=ORIENTED_EDGE('',*,*,#5824,.F.);
#2585=ORIENTED_EDGE('',*,*,#5825,.T.);
#2586=ORIENTED_EDGE('',*,*,#5826,.T.);
#2587=ORIENTED_EDGE('',*,*,#5766,.T.);
#2588=ORIENTED_EDGE('',*,*,#5827,.F.);
#2589=ORIENTED_EDGE('',*,*,#5828,.T.);
#2590=ORIENTED_EDGE('',*,*,#5829,.T.);
#2591=ORIENTED_EDGE('',*,*,#5762,.T.);
#2592=ORIENTED_EDGE('',*,*,#5830,.T.);
#2593=ORIENTED_EDGE('',*,*,#5831,.F.);
#2594=ORIENTED_EDGE('',*,*,#5832,.F.);
#2595=ORIENTED_EDGE('',*,*,#5758,.T.);
#2596=ORIENTED_EDGE('',*,*,#5833,.T.);
#2597=ORIENTED_EDGE('',*,*,#5834,.F.);
#2598=ORIENTED_EDGE('',*,*,#5835,.F.);
#2599=ORIENTED_EDGE('',*,*,#5836,.F.);
#2600=ORIENTED_EDGE('',*,*,#5837,.F.);
#2601=ORIENTED_EDGE('',*,*,#5289,.F.);
#2602=ORIENTED_EDGE('',*,*,#5838,.F.);
#2603=ORIENTED_EDGE('',*,*,#5839,.F.);
#2604=ORIENTED_EDGE('',*,*,#5840,.F.);
#2605=ORIENTED_EDGE('',*,*,#5841,.F.);
#2606=ORIENTED_EDGE('',*,*,#5842,.F.);
#2607=ORIENTED_EDGE('',*,*,#5798,.T.);
#2608=ORIENTED_EDGE('',*,*,#5843,.F.);
#2609=ORIENTED_EDGE('',*,*,#5844,.F.);
#2610=ORIENTED_EDGE('',*,*,#5283,.T.);
#2611=ORIENTED_EDGE('',*,*,#5845,.F.);
#2612=ORIENTED_EDGE('',*,*,#5846,.T.);
#2613=ORIENTED_EDGE('',*,*,#5847,.F.);
#2614=ORIENTED_EDGE('',*,*,#5848,.F.);
#2615=ORIENTED_EDGE('',*,*,#5716,.T.);
#2616=ORIENTED_EDGE('',*,*,#5849,.T.);
#2617=ORIENTED_EDGE('',*,*,#5850,.F.);
#2618=ORIENTED_EDGE('',*,*,#5756,.F.);
#2619=ORIENTED_EDGE('',*,*,#5851,.T.);
#2620=ORIENTED_EDGE('',*,*,#5852,.T.);
#2621=ORIENTED_EDGE('',*,*,#5853,.F.);
#2622=ORIENTED_EDGE('',*,*,#5854,.F.);
#2623=ORIENTED_EDGE('',*,*,#5855,.T.);
#2624=ORIENTED_EDGE('',*,*,#5856,.F.);
#2625=ORIENTED_EDGE('',*,*,#5857,.F.);
#2626=ORIENTED_EDGE('',*,*,#5858,.T.);
#2627=ORIENTED_EDGE('',*,*,#5859,.T.);
#2628=ORIENTED_EDGE('',*,*,#5701,.F.);
#2629=ORIENTED_EDGE('',*,*,#5314,.F.);
#2630=ORIENTED_EDGE('',*,*,#5860,.F.);
#2631=ORIENTED_EDGE('',*,*,#5861,.F.);
#2632=ORIENTED_EDGE('',*,*,#5862,.T.);
#2633=ORIENTED_EDGE('',*,*,#5863,.F.);
#2634=ORIENTED_EDGE('',*,*,#5864,.T.);
#2635=ORIENTED_EDGE('',*,*,#5855,.F.);
#2636=ORIENTED_EDGE('',*,*,#5865,.F.);
#2637=ORIENTED_EDGE('',*,*,#5866,.T.);
#2638=ORIENTED_EDGE('',*,*,#5290,.T.);
#2639=ORIENTED_EDGE('',*,*,#5700,.T.);
#2640=ORIENTED_EDGE('',*,*,#5867,.F.);
#2641=ORIENTED_EDGE('',*,*,#5868,.F.);
#2642=ORIENTED_EDGE('',*,*,#5869,.F.);
#2643=ORIENTED_EDGE('',*,*,#5853,.T.);
#2644=ORIENTED_EDGE('',*,*,#5870,.T.);
#2645=ORIENTED_EDGE('',*,*,#5871,.F.);
#2646=ORIENTED_EDGE('',*,*,#5292,.T.);
#2647=ORIENTED_EDGE('',*,*,#5872,.F.);
#2648=ORIENTED_EDGE('',*,*,#5873,.F.);
#2649=ORIENTED_EDGE('',*,*,#5874,.T.);
#2650=ORIENTED_EDGE('',*,*,#5875,.T.);
#2651=ORIENTED_EDGE('',*,*,#5503,.F.);
#2652=ORIENTED_EDGE('',*,*,#5876,.F.);
#2653=ORIENTED_EDGE('',*,*,#5877,.T.);
#2654=ORIENTED_EDGE('',*,*,#5296,.T.);
#2655=ORIENTED_EDGE('',*,*,#5878,.T.);
#2656=ORIENTED_EDGE('',*,*,#5879,.T.);
#2657=ORIENTED_EDGE('',*,*,#5501,.F.);
#2658=ORIENTED_EDGE('',*,*,#5880,.F.);
#2659=ORIENTED_EDGE('',*,*,#5873,.T.);
#2660=ORIENTED_EDGE('',*,*,#5502,.F.);
#2661=ORIENTED_EDGE('',*,*,#5879,.F.);
#2662=ORIENTED_EDGE('',*,*,#5846,.F.);
#2663=ORIENTED_EDGE('',*,*,#5881,.F.);
#2664=ORIENTED_EDGE('',*,*,#5836,.T.);
#2665=ORIENTED_EDGE('',*,*,#5882,.T.);
#2666=ORIENTED_EDGE('',*,*,#5883,.T.);
#2667=ORIENTED_EDGE('',*,*,#5884,.T.);
#2668=ORIENTED_EDGE('',*,*,#5551,.F.);
#2669=ORIENTED_EDGE('',*,*,#5885,.F.);
#2670=ORIENTED_EDGE('',*,*,#5886,.T.);
#2671=ORIENTED_EDGE('',*,*,#5308,.F.);
#2672=ORIENTED_EDGE('',*,*,#5887,.T.);
#2673=ORIENTED_EDGE('',*,*,#5888,.T.);
#2674=ORIENTED_EDGE('',*,*,#5549,.F.);
#2675=ORIENTED_EDGE('',*,*,#5889,.F.);
#2676=ORIENTED_EDGE('',*,*,#5888,.F.);
#2677=ORIENTED_EDGE('',*,*,#5890,.T.);
#2678=ORIENTED_EDGE('',*,*,#5885,.T.);
#2679=ORIENTED_EDGE('',*,*,#5550,.F.);
#2680=ORIENTED_EDGE('',*,*,#5757,.T.);
#2681=ORIENTED_EDGE('',*,*,#5850,.T.);
#2682=ORIENTED_EDGE('',*,*,#5891,.T.);
#2683=ORIENTED_EDGE('',*,*,#5721,.T.);
#2684=ORIENTED_EDGE('',*,*,#5892,.T.);
#2685=ORIENTED_EDGE('',*,*,#5893,.T.);
#2686=ORIENTED_EDGE('',*,*,#5753,.T.);
#2687=ORIENTED_EDGE('',*,*,#5505,.T.);
#2688=ORIENTED_EDGE('',*,*,#5894,.T.);
#2689=ORIENTED_EDGE('',*,*,#5833,.F.);
#2690=ORIENTED_EDGE('',*,*,#5895,.F.);
#2691=ORIENTED_EDGE('',*,*,#5799,.T.);
#2692=ORIENTED_EDGE('',*,*,#5842,.T.);
#2693=ORIENTED_EDGE('',*,*,#5896,.F.);
#2694=ORIENTED_EDGE('',*,*,#5547,.F.);
#2695=ORIENTED_EDGE('',*,*,#5802,.T.);
#2696=ORIENTED_EDGE('',*,*,#5897,.F.);
#2697=ORIENTED_EDGE('',*,*,#5898,.F.);
#2698=ORIENTED_EDGE('',*,*,#5899,.F.);
#2699=ORIENTED_EDGE('',*,*,#5900,.F.);
#2700=ORIENTED_EDGE('',*,*,#5847,.T.);
#2701=ORIENTED_EDGE('',*,*,#5882,.F.);
#2702=ORIENTED_EDGE('',*,*,#5835,.T.);
#2703=ORIENTED_EDGE('',*,*,#5901,.T.);
#2704=ORIENTED_EDGE('',*,*,#5875,.F.);
#2705=ORIENTED_EDGE('',*,*,#5902,.T.);
#2706=ORIENTED_EDGE('',*,*,#5717,.T.);
#2707=ORIENTED_EDGE('',*,*,#5848,.T.);
#2708=ORIENTED_EDGE('',*,*,#5901,.F.);
#2709=ORIENTED_EDGE('',*,*,#5834,.T.);
#2710=ORIENTED_EDGE('',*,*,#5894,.F.);
#2711=ORIENTED_EDGE('',*,*,#5504,.F.);
#2712=ORIENTED_EDGE('',*,*,#5881,.T.);
#2713=ORIENTED_EDGE('',*,*,#5845,.T.);
#2714=ORIENTED_EDGE('',*,*,#5282,.T.);
#2715=ORIENTED_EDGE('',*,*,#5837,.T.);
#2716=ORIENTED_EDGE('',*,*,#5903,.T.);
#2717=ORIENTED_EDGE('',*,*,#5904,.F.);
#2718=ORIENTED_EDGE('',*,*,#5838,.T.);
#2719=ORIENTED_EDGE('',*,*,#5288,.F.);
#2720=ORIENTED_EDGE('',*,*,#5905,.T.);
#2721=ORIENTED_EDGE('',*,*,#5906,.T.);
#2722=ORIENTED_EDGE('',*,*,#5889,.T.);
#2723=ORIENTED_EDGE('',*,*,#5548,.F.);
#2724=ORIENTED_EDGE('',*,*,#5896,.T.);
#2725=ORIENTED_EDGE('',*,*,#5841,.T.);
#2726=ORIENTED_EDGE('',*,*,#5907,.T.);
#2727=ORIENTED_EDGE('',*,*,#5908,.T.);
#2728=ORIENTED_EDGE('',*,*,#5909,.T.);
#2729=ORIENTED_EDGE('',*,*,#5910,.T.);
#2730=ORIENTED_EDGE('',*,*,#5907,.F.);
#2731=ORIENTED_EDGE('',*,*,#5840,.T.);
#2732=ORIENTED_EDGE('',*,*,#5904,.T.);
#2733=ORIENTED_EDGE('',*,*,#5911,.T.);
#2734=ORIENTED_EDGE('',*,*,#5909,.F.);
#2735=ORIENTED_EDGE('',*,*,#5839,.T.);
#2736=ORIENTED_EDGE('',*,*,#5912,.F.);
#2737=ORIENTED_EDGE('',*,*,#5913,.T.);
#2738=ORIENTED_EDGE('',*,*,#5914,.T.);
#2739=ORIENTED_EDGE('',*,*,#5915,.F.);
#2740=ORIENTED_EDGE('',*,*,#5916,.F.);
#2741=ORIENTED_EDGE('',*,*,#5917,.T.);
#2742=ORIENTED_EDGE('',*,*,#5918,.T.);
#2743=ORIENTED_EDGE('',*,*,#5919,.F.);
#2744=ORIENTED_EDGE('',*,*,#5920,.F.);
#2745=ORIENTED_EDGE('',*,*,#5921,.T.);
#2746=ORIENTED_EDGE('',*,*,#5922,.T.);
#2747=ORIENTED_EDGE('',*,*,#5923,.F.);
#2748=ORIENTED_EDGE('',*,*,#5924,.F.);
#2749=ORIENTED_EDGE('',*,*,#5925,.T.);
#2750=ORIENTED_EDGE('',*,*,#5926,.T.);
#2751=ORIENTED_EDGE('',*,*,#5927,.F.);
#2752=ORIENTED_EDGE('',*,*,#5928,.F.);
#2753=ORIENTED_EDGE('',*,*,#5929,.T.);
#2754=ORIENTED_EDGE('',*,*,#5930,.T.);
#2755=ORIENTED_EDGE('',*,*,#5931,.F.);
#2756=ORIENTED_EDGE('',*,*,#5932,.F.);
#2757=ORIENTED_EDGE('',*,*,#5933,.T.);
#2758=ORIENTED_EDGE('',*,*,#5934,.T.);
#2759=ORIENTED_EDGE('',*,*,#5935,.F.);
#2760=ORIENTED_EDGE('',*,*,#5936,.F.);
#2761=ORIENTED_EDGE('',*,*,#5937,.T.);
#2762=ORIENTED_EDGE('',*,*,#5938,.T.);
#2763=ORIENTED_EDGE('',*,*,#5939,.F.);
#2764=ORIENTED_EDGE('',*,*,#5940,.F.);
#2765=ORIENTED_EDGE('',*,*,#5941,.T.);
#2766=ORIENTED_EDGE('',*,*,#5942,.T.);
#2767=ORIENTED_EDGE('',*,*,#5943,.F.);
#2768=ORIENTED_EDGE('',*,*,#5944,.F.);
#2769=ORIENTED_EDGE('',*,*,#5945,.T.);
#2770=ORIENTED_EDGE('',*,*,#5946,.T.);
#2771=ORIENTED_EDGE('',*,*,#5947,.F.);
#2772=ORIENTED_EDGE('',*,*,#5948,.F.);
#2773=ORIENTED_EDGE('',*,*,#5949,.T.);
#2774=ORIENTED_EDGE('',*,*,#5950,.T.);
#2775=ORIENTED_EDGE('',*,*,#5951,.F.);
#2776=ORIENTED_EDGE('',*,*,#5952,.F.);
#2777=ORIENTED_EDGE('',*,*,#5953,.T.);
#2778=ORIENTED_EDGE('',*,*,#5954,.T.);
#2779=ORIENTED_EDGE('',*,*,#5955,.F.);
#2780=ORIENTED_EDGE('',*,*,#5956,.F.);
#2781=ORIENTED_EDGE('',*,*,#5957,.T.);
#2782=ORIENTED_EDGE('',*,*,#5958,.T.);
#2783=ORIENTED_EDGE('',*,*,#5959,.F.);
#2784=ORIENTED_EDGE('',*,*,#5960,.F.);
#2785=ORIENTED_EDGE('',*,*,#5961,.T.);
#2786=ORIENTED_EDGE('',*,*,#5962,.T.);
#2787=ORIENTED_EDGE('',*,*,#5963,.F.);
#2788=ORIENTED_EDGE('',*,*,#5964,.F.);
#2789=ORIENTED_EDGE('',*,*,#5965,.T.);
#2790=ORIENTED_EDGE('',*,*,#5966,.T.);
#2791=ORIENTED_EDGE('',*,*,#5967,.F.);
#2792=ORIENTED_EDGE('',*,*,#5968,.F.);
#2793=ORIENTED_EDGE('',*,*,#5969,.T.);
#2794=ORIENTED_EDGE('',*,*,#5970,.T.);
#2795=ORIENTED_EDGE('',*,*,#5971,.F.);
#2796=ORIENTED_EDGE('',*,*,#5972,.F.);
#2797=ORIENTED_EDGE('',*,*,#5973,.T.);
#2798=ORIENTED_EDGE('',*,*,#5974,.T.);
#2799=ORIENTED_EDGE('',*,*,#5975,.F.);
#2800=ORIENTED_EDGE('',*,*,#5867,.T.);
#2801=ORIENTED_EDGE('',*,*,#5699,.F.);
#2802=ORIENTED_EDGE('',*,*,#5976,.T.);
#2803=ORIENTED_EDGE('',*,*,#5977,.F.);
#2804=ORIENTED_EDGE('',*,*,#5978,.F.);
#2805=ORIENTED_EDGE('',*,*,#5702,.F.);
#2806=ORIENTED_EDGE('',*,*,#5859,.F.);
#2807=ORIENTED_EDGE('',*,*,#5979,.F.);
#2808=ORIENTED_EDGE('',*,*,#5980,.F.);
#2809=ORIENTED_EDGE('',*,*,#5979,.T.);
#2810=ORIENTED_EDGE('',*,*,#5858,.F.);
#2811=ORIENTED_EDGE('',*,*,#5981,.F.);
#2812=ORIENTED_EDGE('',*,*,#5982,.F.);
#2813=ORIENTED_EDGE('',*,*,#5697,.T.);
#2814=ORIENTED_EDGE('',*,*,#5983,.T.);
#2815=ORIENTED_EDGE('',*,*,#5984,.F.);
#2816=ORIENTED_EDGE('',*,*,#5985,.F.);
#2817=ORIENTED_EDGE('',*,*,#5694,.T.);
#2818=ORIENTED_EDGE('',*,*,#5986,.T.);
#2819=ORIENTED_EDGE('',*,*,#5987,.F.);
#2820=ORIENTED_EDGE('',*,*,#5988,.F.);
#2821=ORIENTED_EDGE('',*,*,#5691,.T.);
#2822=ORIENTED_EDGE('',*,*,#5989,.T.);
#2823=ORIENTED_EDGE('',*,*,#5990,.F.);
#2824=ORIENTED_EDGE('',*,*,#5991,.F.);
#2825=ORIENTED_EDGE('',*,*,#5688,.T.);
#2826=ORIENTED_EDGE('',*,*,#5992,.T.);
#2827=ORIENTED_EDGE('',*,*,#5993,.F.);
#2828=ORIENTED_EDGE('',*,*,#5994,.F.);
#2829=ORIENTED_EDGE('',*,*,#5685,.T.);
#2830=ORIENTED_EDGE('',*,*,#5995,.T.);
#2831=ORIENTED_EDGE('',*,*,#5996,.F.);
#2832=ORIENTED_EDGE('',*,*,#5997,.F.);
#2833=ORIENTED_EDGE('',*,*,#5682,.T.);
#2834=ORIENTED_EDGE('',*,*,#5998,.T.);
#2835=ORIENTED_EDGE('',*,*,#5999,.F.);
#2836=ORIENTED_EDGE('',*,*,#6000,.F.);
#2837=ORIENTED_EDGE('',*,*,#5679,.T.);
#2838=ORIENTED_EDGE('',*,*,#6001,.T.);
#2839=ORIENTED_EDGE('',*,*,#6002,.F.);
#2840=ORIENTED_EDGE('',*,*,#6003,.F.);
#2841=ORIENTED_EDGE('',*,*,#5676,.T.);
#2842=ORIENTED_EDGE('',*,*,#6004,.T.);
#2843=ORIENTED_EDGE('',*,*,#6005,.F.);
#2844=ORIENTED_EDGE('',*,*,#6006,.F.);
#2845=ORIENTED_EDGE('',*,*,#5673,.T.);
#2846=ORIENTED_EDGE('',*,*,#6007,.T.);
#2847=ORIENTED_EDGE('',*,*,#6008,.F.);
#2848=ORIENTED_EDGE('',*,*,#6009,.F.);
#2849=ORIENTED_EDGE('',*,*,#5670,.T.);
#2850=ORIENTED_EDGE('',*,*,#6010,.T.);
#2851=ORIENTED_EDGE('',*,*,#6011,.F.);
#2852=ORIENTED_EDGE('',*,*,#6012,.F.);
#2853=ORIENTED_EDGE('',*,*,#5667,.T.);
#2854=ORIENTED_EDGE('',*,*,#6013,.T.);
#2855=ORIENTED_EDGE('',*,*,#6014,.F.);
#2856=ORIENTED_EDGE('',*,*,#6015,.F.);
#2857=ORIENTED_EDGE('',*,*,#5664,.T.);
#2858=ORIENTED_EDGE('',*,*,#6016,.T.);
#2859=ORIENTED_EDGE('',*,*,#6017,.F.);
#2860=ORIENTED_EDGE('',*,*,#6018,.F.);
#2861=ORIENTED_EDGE('',*,*,#5661,.T.);
#2862=ORIENTED_EDGE('',*,*,#6019,.T.);
#2863=ORIENTED_EDGE('',*,*,#6020,.F.);
#2864=ORIENTED_EDGE('',*,*,#6021,.F.);
#2865=ORIENTED_EDGE('',*,*,#5658,.T.);
#2866=ORIENTED_EDGE('',*,*,#6022,.T.);
#2867=ORIENTED_EDGE('',*,*,#6023,.F.);
#2868=ORIENTED_EDGE('',*,*,#6024,.F.);
#2869=ORIENTED_EDGE('',*,*,#5655,.T.);
#2870=ORIENTED_EDGE('',*,*,#6025,.T.);
#2871=ORIENTED_EDGE('',*,*,#6026,.F.);
#2872=ORIENTED_EDGE('',*,*,#6027,.F.);
#2873=ORIENTED_EDGE('',*,*,#5652,.T.);
#2874=ORIENTED_EDGE('',*,*,#6028,.T.);
#2875=ORIENTED_EDGE('',*,*,#6029,.F.);
#2876=ORIENTED_EDGE('',*,*,#5868,.T.);
#2877=ORIENTED_EDGE('',*,*,#5975,.T.);
#2878=ORIENTED_EDGE('',*,*,#6030,.T.);
#2879=ORIENTED_EDGE('',*,*,#6031,.T.);
#2880=ORIENTED_EDGE('',*,*,#6032,.F.);
#2881=ORIENTED_EDGE('',*,*,#5971,.T.);
#2882=ORIENTED_EDGE('',*,*,#6033,.T.);
#2883=ORIENTED_EDGE('',*,*,#6034,.T.);
#2884=ORIENTED_EDGE('',*,*,#6035,.F.);
#2885=ORIENTED_EDGE('',*,*,#5967,.T.);
#2886=ORIENTED_EDGE('',*,*,#6036,.T.);
#2887=ORIENTED_EDGE('',*,*,#6037,.T.);
#2888=ORIENTED_EDGE('',*,*,#6038,.F.);
#2889=ORIENTED_EDGE('',*,*,#5963,.T.);
#2890=ORIENTED_EDGE('',*,*,#6039,.T.);
#2891=ORIENTED_EDGE('',*,*,#6040,.T.);
#2892=ORIENTED_EDGE('',*,*,#6041,.F.);
#2893=ORIENTED_EDGE('',*,*,#5959,.T.);
#2894=ORIENTED_EDGE('',*,*,#6042,.T.);
#2895=ORIENTED_EDGE('',*,*,#6043,.T.);
#2896=ORIENTED_EDGE('',*,*,#6044,.F.);
#2897=ORIENTED_EDGE('',*,*,#5955,.T.);
#2898=ORIENTED_EDGE('',*,*,#6045,.T.);
#2899=ORIENTED_EDGE('',*,*,#6046,.T.);
#2900=ORIENTED_EDGE('',*,*,#6047,.F.);
#2901=ORIENTED_EDGE('',*,*,#5951,.T.);
#2902=ORIENTED_EDGE('',*,*,#6048,.T.);
#2903=ORIENTED_EDGE('',*,*,#6049,.T.);
#2904=ORIENTED_EDGE('',*,*,#6050,.F.);
#2905=ORIENTED_EDGE('',*,*,#5947,.T.);
#2906=ORIENTED_EDGE('',*,*,#6051,.T.);
#2907=ORIENTED_EDGE('',*,*,#6052,.T.);
#2908=ORIENTED_EDGE('',*,*,#6053,.F.);
#2909=ORIENTED_EDGE('',*,*,#5943,.T.);
#2910=ORIENTED_EDGE('',*,*,#6054,.T.);
#2911=ORIENTED_EDGE('',*,*,#6055,.T.);
#2912=ORIENTED_EDGE('',*,*,#6056,.F.);
#2913=ORIENTED_EDGE('',*,*,#5939,.T.);
#2914=ORIENTED_EDGE('',*,*,#6057,.T.);
#2915=ORIENTED_EDGE('',*,*,#6058,.T.);
#2916=ORIENTED_EDGE('',*,*,#6059,.F.);
#2917=ORIENTED_EDGE('',*,*,#5935,.T.);
#2918=ORIENTED_EDGE('',*,*,#6060,.T.);
#2919=ORIENTED_EDGE('',*,*,#6061,.T.);
#2920=ORIENTED_EDGE('',*,*,#6062,.F.);
#2921=ORIENTED_EDGE('',*,*,#5931,.T.);
#2922=ORIENTED_EDGE('',*,*,#6063,.T.);
#2923=ORIENTED_EDGE('',*,*,#6064,.T.);
#2924=ORIENTED_EDGE('',*,*,#6065,.F.);
#2925=ORIENTED_EDGE('',*,*,#5927,.T.);
#2926=ORIENTED_EDGE('',*,*,#6066,.T.);
#2927=ORIENTED_EDGE('',*,*,#6067,.T.);
#2928=ORIENTED_EDGE('',*,*,#6068,.F.);
#2929=ORIENTED_EDGE('',*,*,#5923,.T.);
#2930=ORIENTED_EDGE('',*,*,#6069,.T.);
#2931=ORIENTED_EDGE('',*,*,#6070,.T.);
#2932=ORIENTED_EDGE('',*,*,#6071,.F.);
#2933=ORIENTED_EDGE('',*,*,#5919,.T.);
#2934=ORIENTED_EDGE('',*,*,#6072,.T.);
#2935=ORIENTED_EDGE('',*,*,#6073,.T.);
#2936=ORIENTED_EDGE('',*,*,#6074,.F.);
#2937=ORIENTED_EDGE('',*,*,#5915,.T.);
#2938=ORIENTED_EDGE('',*,*,#6075,.T.);
#2939=ORIENTED_EDGE('',*,*,#6076,.T.);
#2940=ORIENTED_EDGE('',*,*,#6077,.F.);
#2941=ORIENTED_EDGE('',*,*,#6078,.F.);
#2942=ORIENTED_EDGE('',*,*,#5862,.F.);
#2943=ORIENTED_EDGE('',*,*,#6079,.F.);
#2944=ORIENTED_EDGE('',*,*,#6080,.T.);
#2945=ORIENTED_EDGE('',*,*,#5710,.T.);
#2946=ORIENTED_EDGE('',*,*,#5709,.F.);
#2947=ORIENTED_EDGE('',*,*,#5800,.F.);
#2948=ORIENTED_EDGE('',*,*,#5895,.T.);
#2949=ORIENTED_EDGE('',*,*,#6081,.F.);
#2950=ORIENTED_EDGE('',*,*,#6082,.F.);
#2951=ORIENTED_EDGE('',*,*,#5908,.F.);
#2952=ORIENTED_EDGE('',*,*,#5910,.F.);
#2953=ORIENTED_EDGE('',*,*,#5911,.F.);
#2954=ORIENTED_EDGE('',*,*,#5903,.F.);
#2955=ORIENTED_EDGE('',*,*,#5287,.T.);
#2956=ORIENTED_EDGE('',*,*,#5418,.F.);
#2957=ORIENTED_EDGE('',*,*,#6083,.T.);
#2958=ORIENTED_EDGE('',*,*,#6084,.T.);
#2959=ORIENTED_EDGE('',*,*,#6085,.F.);
#2960=ORIENTED_EDGE('',*,*,#5905,.F.);
#2961=ORIENTED_EDGE('',*,*,#6082,.T.);
#2962=ORIENTED_EDGE('',*,*,#6086,.T.);
#2963=ORIENTED_EDGE('',*,*,#6087,.T.);
#2964=ORIENTED_EDGE('',*,*,#5422,.T.);
#2965=ORIENTED_EDGE('',*,*,#5410,.F.);
#2966=ORIENTED_EDGE('',*,*,#5801,.F.);
#2967=ORIENTED_EDGE('',*,*,#5707,.F.);
#2968=ORIENTED_EDGE('',*,*,#5309,.T.);
#2969=ORIENTED_EDGE('',*,*,#5886,.F.);
#2970=ORIENTED_EDGE('',*,*,#5890,.F.);
#2971=ORIENTED_EDGE('',*,*,#5887,.F.);
#2972=ORIENTED_EDGE('',*,*,#5906,.F.);
#2973=ORIENTED_EDGE('',*,*,#6085,.T.);
#2974=ORIENTED_EDGE('',*,*,#6088,.T.);
#2975=ORIENTED_EDGE('',*,*,#5897,.T.);
#2976=ORIENTED_EDGE('',*,*,#6089,.F.);
#2977=ORIENTED_EDGE('',*,*,#6090,.T.);
#2978=ORIENTED_EDGE('',*,*,#5312,.T.);
#2979=ORIENTED_EDGE('',*,*,#6091,.T.);
#2980=ORIENTED_EDGE('',*,*,#5711,.T.);
#2981=ORIENTED_EDGE('',*,*,#6080,.F.);
#2982=ORIENTED_EDGE('',*,*,#5311,.T.);
#2983=ORIENTED_EDGE('',*,*,#5706,.T.);
#2984=ORIENTED_EDGE('',*,*,#5712,.T.);
#2985=ORIENTED_EDGE('',*,*,#6091,.F.);
#2986=ORIENTED_EDGE('',*,*,#6092,.F.);
#2987=ORIENTED_EDGE('',*,*,#5637,.T.);
#2988=ORIENTED_EDGE('',*,*,#5645,.F.);
#2989=ORIENTED_EDGE('',*,*,#5642,.T.);
#2990=ORIENTED_EDGE('',*,*,#6093,.F.);
#2991=ORIENTED_EDGE('',*,*,#6094,.F.);
#2992=ORIENTED_EDGE('',*,*,#5870,.F.);
#2993=ORIENTED_EDGE('',*,*,#5852,.F.);
#2994=ORIENTED_EDGE('',*,*,#5293,.T.);
#2995=ORIENTED_EDGE('',*,*,#5871,.T.);
#2996=ORIENTED_EDGE('',*,*,#6094,.T.);
#2997=ORIENTED_EDGE('',*,*,#6095,.F.);
#2998=ORIENTED_EDGE('',*,*,#5638,.F.);
#2999=ORIENTED_EDGE('',*,*,#6092,.T.);
#3000=ORIENTED_EDGE('',*,*,#5851,.F.);
#3001=ORIENTED_EDGE('',*,*,#5755,.F.);
#3002=ORIENTED_EDGE('',*,*,#6096,.F.);
#3003=ORIENTED_EDGE('',*,*,#5294,.T.);
#3004=ORIENTED_EDGE('',*,*,#6095,.T.);
#3005=ORIENTED_EDGE('',*,*,#6093,.T.);
#3006=ORIENTED_EDGE('',*,*,#5644,.F.);
#3007=ORIENTED_EDGE('',*,*,#5448,.F.);
#3008=ORIENTED_EDGE('',*,*,#5902,.F.);
#3009=ORIENTED_EDGE('',*,*,#5874,.F.);
#3010=ORIENTED_EDGE('',*,*,#5880,.T.);
#3011=ORIENTED_EDGE('',*,*,#5878,.F.);
#3012=ORIENTED_EDGE('',*,*,#5295,.T.);
#3013=ORIENTED_EDGE('',*,*,#6096,.T.);
#3014=ORIENTED_EDGE('',*,*,#5754,.T.);
#3015=ORIENTED_EDGE('',*,*,#5893,.F.);
#3016=ORIENTED_EDGE('',*,*,#6097,.F.);
#3017=ORIENTED_EDGE('',*,*,#5718,.F.);
#3018=ORIENTED_EDGE('',*,*,#5417,.F.);
#3019=ORIENTED_EDGE('',*,*,#5414,.F.);
#3020=ORIENTED_EDGE('',*,*,#5423,.T.);
#3021=ORIENTED_EDGE('',*,*,#6087,.F.);
#3022=ORIENTED_EDGE('',*,*,#6098,.F.);
#3023=ORIENTED_EDGE('',*,*,#5899,.T.);
#3024=ORIENTED_EDGE('',*,*,#6099,.T.);
#3025=ORIENTED_EDGE('',*,*,#6083,.F.);
#3026=ORIENTED_EDGE('',*,*,#6081,.T.);
#3027=ORIENTED_EDGE('',*,*,#5900,.T.);
#3028=ORIENTED_EDGE('',*,*,#6098,.T.);
#3029=ORIENTED_EDGE('',*,*,#6086,.F.);
#3030=ORIENTED_EDGE('',*,*,#6099,.F.);
#3031=ORIENTED_EDGE('',*,*,#5898,.T.);
#3032=ORIENTED_EDGE('',*,*,#6088,.F.);
#3033=ORIENTED_EDGE('',*,*,#6084,.F.);
#3034=ORIENTED_EDGE('',*,*,#5719,.T.);
#3035=ORIENTED_EDGE('',*,*,#6097,.T.);
#3036=ORIENTED_EDGE('',*,*,#5892,.F.);
#3037=ORIENTED_EDGE('',*,*,#5720,.T.);
#3038=ORIENTED_EDGE('',*,*,#5715,.T.);
#3039=ORIENTED_EDGE('',*,*,#5722,.F.);
#3040=ORIENTED_EDGE('',*,*,#5891,.F.);
#3041=ORIENTED_EDGE('',*,*,#5849,.F.);
#3042=ORIENTED_EDGE('',*,*,#5291,.T.);
#3043=ORIENTED_EDGE('',*,*,#5866,.F.);
#3044=ORIENTED_EDGE('',*,*,#6100,.T.);
#3045=ORIENTED_EDGE('',*,*,#5872,.T.);
#3046=ORIENTED_EDGE('',*,*,#5869,.T.);
#3047=ORIENTED_EDGE('',*,*,#6100,.F.);
#3048=ORIENTED_EDGE('',*,*,#5865,.T.);
#3049=ORIENTED_EDGE('',*,*,#5854,.T.);
#3050=ORIENTED_EDGE('',*,*,#5313,.T.);
#3051=ORIENTED_EDGE('',*,*,#6090,.F.);
#3052=ORIENTED_EDGE('',*,*,#6101,.T.);
#3053=ORIENTED_EDGE('',*,*,#5860,.T.);
#3054=ORIENTED_EDGE('',*,*,#5861,.T.);
#3055=ORIENTED_EDGE('',*,*,#6101,.F.);
#3056=ORIENTED_EDGE('',*,*,#6089,.T.);
#3057=ORIENTED_EDGE('',*,*,#6079,.T.);
#3058=ORIENTED_EDGE('',*,*,#6102,.T.);
#3059=ORIENTED_EDGE('',*,*,#5495,.F.);
#3060=ORIENTED_EDGE('',*,*,#6103,.F.);
#3061=ORIENTED_EDGE('',*,*,#6104,.T.);
#3062=ORIENTED_EDGE('',*,*,#6105,.T.);
#3063=ORIENTED_EDGE('',*,*,#6104,.F.);
#3064=ORIENTED_EDGE('',*,*,#6106,.F.);
#3065=ORIENTED_EDGE('',*,*,#5977,.T.);
#3066=ORIENTED_EDGE('',*,*,#6103,.T.);
#3067=ORIENTED_EDGE('',*,*,#5494,.T.);
#3068=ORIENTED_EDGE('',*,*,#5703,.T.);
#3069=ORIENTED_EDGE('',*,*,#5978,.T.);
#3070=ORIENTED_EDGE('',*,*,#6106,.T.);
#3071=ORIENTED_EDGE('',*,*,#6102,.F.);
#3072=ORIENTED_EDGE('',*,*,#6105,.F.);
#3073=ORIENTED_EDGE('',*,*,#5976,.F.);
#3074=ORIENTED_EDGE('',*,*,#5698,.F.);
#3075=ORIENTED_EDGE('',*,*,#5496,.F.);
#3076=ORIENTED_EDGE('',*,*,#6078,.T.);
#3077=ORIENTED_EDGE('',*,*,#6107,.F.);
#3078=ORIENTED_EDGE('',*,*,#6108,.F.);
#3079=ORIENTED_EDGE('',*,*,#5856,.T.);
#3080=ORIENTED_EDGE('',*,*,#6077,.T.);
#3081=ORIENTED_EDGE('',*,*,#5286,.F.);
#3082=ORIENTED_EDGE('',*,*,#6109,.F.);
#3083=ORIENTED_EDGE('',*,*,#6107,.T.);
#3084=ORIENTED_EDGE('',*,*,#5844,.T.);
#3085=ORIENTED_EDGE('',*,*,#6110,.F.);
#3086=ORIENTED_EDGE('',*,*,#6111,.F.);
#3087=ORIENTED_EDGE('',*,*,#5284,.T.);
#3088=ORIENTED_EDGE('',*,*,#5843,.T.);
#3089=ORIENTED_EDGE('',*,*,#5864,.F.);
#3090=ORIENTED_EDGE('',*,*,#6112,.F.);
#3091=ORIENTED_EDGE('',*,*,#6110,.T.);
#3092=ORIENTED_EDGE('',*,*,#6113,.F.);
#3093=ORIENTED_EDGE('',*,*,#5981,.T.);
#3094=ORIENTED_EDGE('',*,*,#5857,.T.);
#3095=ORIENTED_EDGE('',*,*,#6108,.T.);
#3096=ORIENTED_EDGE('',*,*,#6109,.T.);
#3097=ORIENTED_EDGE('',*,*,#5285,.T.);
#3098=ORIENTED_EDGE('',*,*,#6111,.T.);
#3099=ORIENTED_EDGE('',*,*,#6112,.T.);
#3100=ORIENTED_EDGE('',*,*,#5863,.T.);
#3101=ORIENTED_EDGE('',*,*,#6029,.T.);
#3102=ORIENTED_EDGE('',*,*,#6114,.T.);
#3103=ORIENTED_EDGE('',*,*,#6115,.T.);
#3104=ORIENTED_EDGE('',*,*,#6116,.F.);
#3105=ORIENTED_EDGE('',*,*,#6026,.T.);
#3106=ORIENTED_EDGE('',*,*,#6117,.T.);
#3107=ORIENTED_EDGE('',*,*,#6118,.T.);
#3108=ORIENTED_EDGE('',*,*,#6119,.F.);
#3109=ORIENTED_EDGE('',*,*,#6023,.T.);
#3110=ORIENTED_EDGE('',*,*,#6120,.T.);
#3111=ORIENTED_EDGE('',*,*,#6121,.T.);
#3112=ORIENTED_EDGE('',*,*,#6122,.F.);
#3113=ORIENTED_EDGE('',*,*,#6020,.T.);
#3114=ORIENTED_EDGE('',*,*,#6123,.T.);
#3115=ORIENTED_EDGE('',*,*,#6124,.T.);
#3116=ORIENTED_EDGE('',*,*,#6125,.F.);
#3117=ORIENTED_EDGE('',*,*,#6017,.T.);
#3118=ORIENTED_EDGE('',*,*,#6126,.T.);
#3119=ORIENTED_EDGE('',*,*,#6127,.T.);
#3120=ORIENTED_EDGE('',*,*,#6128,.F.);
#3121=ORIENTED_EDGE('',*,*,#6014,.T.);
#3122=ORIENTED_EDGE('',*,*,#6129,.T.);
#3123=ORIENTED_EDGE('',*,*,#6130,.T.);
#3124=ORIENTED_EDGE('',*,*,#6131,.F.);
#3125=ORIENTED_EDGE('',*,*,#6011,.T.);
#3126=ORIENTED_EDGE('',*,*,#6132,.T.);
#3127=ORIENTED_EDGE('',*,*,#6133,.T.);
#3128=ORIENTED_EDGE('',*,*,#6134,.F.);
#3129=ORIENTED_EDGE('',*,*,#6008,.T.);
#3130=ORIENTED_EDGE('',*,*,#6135,.T.);
#3131=ORIENTED_EDGE('',*,*,#6136,.T.);
#3132=ORIENTED_EDGE('',*,*,#6137,.F.);
#3133=ORIENTED_EDGE('',*,*,#6005,.T.);
#3134=ORIENTED_EDGE('',*,*,#6138,.T.);
#3135=ORIENTED_EDGE('',*,*,#6139,.T.);
#3136=ORIENTED_EDGE('',*,*,#6140,.F.);
#3137=ORIENTED_EDGE('',*,*,#6002,.T.);
#3138=ORIENTED_EDGE('',*,*,#6141,.T.);
#3139=ORIENTED_EDGE('',*,*,#6142,.T.);
#3140=ORIENTED_EDGE('',*,*,#6143,.F.);
#3141=ORIENTED_EDGE('',*,*,#5999,.T.);
#3142=ORIENTED_EDGE('',*,*,#6144,.T.);
#3143=ORIENTED_EDGE('',*,*,#6145,.T.);
#3144=ORIENTED_EDGE('',*,*,#6146,.F.);
#3145=ORIENTED_EDGE('',*,*,#5996,.T.);
#3146=ORIENTED_EDGE('',*,*,#6147,.T.);
#3147=ORIENTED_EDGE('',*,*,#6148,.T.);
#3148=ORIENTED_EDGE('',*,*,#6149,.F.);
#3149=ORIENTED_EDGE('',*,*,#5993,.T.);
#3150=ORIENTED_EDGE('',*,*,#6150,.T.);
#3151=ORIENTED_EDGE('',*,*,#6151,.T.);
#3152=ORIENTED_EDGE('',*,*,#6152,.F.);
#3153=ORIENTED_EDGE('',*,*,#5990,.T.);
#3154=ORIENTED_EDGE('',*,*,#6153,.T.);
#3155=ORIENTED_EDGE('',*,*,#6154,.T.);
#3156=ORIENTED_EDGE('',*,*,#6155,.F.);
#3157=ORIENTED_EDGE('',*,*,#5987,.T.);
#3158=ORIENTED_EDGE('',*,*,#6156,.T.);
#3159=ORIENTED_EDGE('',*,*,#6157,.T.);
#3160=ORIENTED_EDGE('',*,*,#6158,.F.);
#3161=ORIENTED_EDGE('',*,*,#5984,.T.);
#3162=ORIENTED_EDGE('',*,*,#6159,.T.);
#3163=ORIENTED_EDGE('',*,*,#6160,.T.);
#3164=ORIENTED_EDGE('',*,*,#5499,.F.);
#3165=ORIENTED_EDGE('',*,*,#5298,.F.);
#3166=ORIENTED_EDGE('',*,*,#6161,.F.);
#3167=ORIENTED_EDGE('',*,*,#6162,.F.);
#3168=ORIENTED_EDGE('',*,*,#5500,.F.);
#3169=ORIENTED_EDGE('',*,*,#6162,.T.);
#3170=ORIENTED_EDGE('',*,*,#6163,.F.);
#3171=ORIENTED_EDGE('',*,*,#5876,.T.);
#3172=ORIENTED_EDGE('',*,*,#5877,.F.);
#3173=ORIENTED_EDGE('',*,*,#6163,.T.);
#3174=ORIENTED_EDGE('',*,*,#6161,.T.);
#3175=ORIENTED_EDGE('',*,*,#5297,.F.);
#3176=ORIENTED_EDGE('',*,*,#5553,.F.);
#3177=ORIENTED_EDGE('',*,*,#6164,.T.);
#3178=ORIENTED_EDGE('',*,*,#6165,.F.);
#3179=ORIENTED_EDGE('',*,*,#5306,.T.);
#3180=ORIENTED_EDGE('',*,*,#5552,.F.);
#3181=ORIENTED_EDGE('',*,*,#5884,.F.);
#3182=ORIENTED_EDGE('',*,*,#6166,.F.);
#3183=ORIENTED_EDGE('',*,*,#6164,.F.);
#3184=ORIENTED_EDGE('',*,*,#6165,.T.);
#3185=ORIENTED_EDGE('',*,*,#6166,.T.);
#3186=ORIENTED_EDGE('',*,*,#5883,.F.);
#3187=ORIENTED_EDGE('',*,*,#5307,.F.);
#3188=ORIENTED_EDGE('',*,*,#5340,.T.);
#3189=ORIENTED_EDGE('',*,*,#5650,.T.);
#3190=ORIENTED_EDGE('',*,*,#6027,.T.);
#3191=ORIENTED_EDGE('',*,*,#6116,.T.);
#3192=ORIENTED_EDGE('',*,*,#6167,.T.);
#3193=ORIENTED_EDGE('',*,*,#6028,.F.);
#3194=ORIENTED_EDGE('',*,*,#5651,.F.);
#3195=ORIENTED_EDGE('',*,*,#5342,.F.);
#3196=ORIENTED_EDGE('',*,*,#6168,.F.);
#3197=ORIENTED_EDGE('',*,*,#6114,.F.);
#3198=ORIENTED_EDGE('',*,*,#6115,.F.);
#3199=ORIENTED_EDGE('',*,*,#6168,.T.);
#3200=ORIENTED_EDGE('',*,*,#5341,.F.);
#3201=ORIENTED_EDGE('',*,*,#6167,.F.);
#3202=ORIENTED_EDGE('',*,*,#6169,.T.);
#3203=ORIENTED_EDGE('',*,*,#5972,.T.);
#3204=ORIENTED_EDGE('',*,*,#6032,.T.);
#3205=ORIENTED_EDGE('',*,*,#6170,.T.);
#3206=ORIENTED_EDGE('',*,*,#6171,.T.);
#3207=ORIENTED_EDGE('',*,*,#6172,.T.);
#3208=ORIENTED_EDGE('',*,*,#5974,.F.);
#3209=ORIENTED_EDGE('',*,*,#6173,.F.);
#3210=ORIENTED_EDGE('',*,*,#6174,.F.);
#3211=ORIENTED_EDGE('',*,*,#6175,.F.);
#3212=ORIENTED_EDGE('',*,*,#6176,.F.);
#3213=ORIENTED_EDGE('',*,*,#6030,.F.);
#3214=ORIENTED_EDGE('',*,*,#5973,.F.);
#3215=ORIENTED_EDGE('',*,*,#6169,.F.);
#3216=ORIENTED_EDGE('',*,*,#6177,.T.);
#3217=ORIENTED_EDGE('',*,*,#6173,.T.);
#3218=ORIENTED_EDGE('',*,*,#6031,.F.);
#3219=ORIENTED_EDGE('',*,*,#6176,.T.);
#3220=ORIENTED_EDGE('',*,*,#6178,.F.);
#3221=ORIENTED_EDGE('',*,*,#6170,.F.);
#3222=ORIENTED_EDGE('',*,*,#6175,.T.);
#3223=ORIENTED_EDGE('',*,*,#6179,.F.);
#3224=ORIENTED_EDGE('',*,*,#6171,.F.);
#3225=ORIENTED_EDGE('',*,*,#6178,.T.);
#3226=ORIENTED_EDGE('',*,*,#6174,.T.);
#3227=ORIENTED_EDGE('',*,*,#6177,.F.);
#3228=ORIENTED_EDGE('',*,*,#6172,.F.);
#3229=ORIENTED_EDGE('',*,*,#6179,.T.);
#3230=ORIENTED_EDGE('',*,*,#6180,.F.);
#3231=ORIENTED_EDGE('',*,*,#5764,.T.);
#3232=ORIENTED_EDGE('',*,*,#6181,.T.);
#3233=ORIENTED_EDGE('',*,*,#6182,.F.);
#3234=ORIENTED_EDGE('',*,*,#6183,.T.);
#3235=ORIENTED_EDGE('',*,*,#6184,.F.);
#3236=ORIENTED_EDGE('',*,*,#6185,.F.);
#3237=ORIENTED_EDGE('',*,*,#6182,.T.);
#3238=ORIENTED_EDGE('',*,*,#6186,.T.);
#3239=ORIENTED_EDGE('',*,*,#6187,.F.);
#3240=ORIENTED_EDGE('',*,*,#6188,.F.);
#3241=ORIENTED_EDGE('',*,*,#6184,.T.);
#3242=ORIENTED_EDGE('',*,*,#5828,.F.);
#3243=ORIENTED_EDGE('',*,*,#6189,.F.);
#3244=ORIENTED_EDGE('',*,*,#6187,.T.);
#3245=ORIENTED_EDGE('',*,*,#6190,.T.);
#3246=ORIENTED_EDGE('',*,*,#6189,.T.);
#3247=ORIENTED_EDGE('',*,*,#5827,.T.);
#3248=ORIENTED_EDGE('',*,*,#5765,.F.);
#3249=ORIENTED_EDGE('',*,*,#6180,.T.);
#3250=ORIENTED_EDGE('',*,*,#6185,.T.);
#3251=ORIENTED_EDGE('',*,*,#6188,.T.);
#3252=ORIENTED_EDGE('',*,*,#5829,.F.);
#3253=ORIENTED_EDGE('',*,*,#6190,.F.);
#3254=ORIENTED_EDGE('',*,*,#6186,.F.);
#3255=ORIENTED_EDGE('',*,*,#6183,.F.);
#3256=ORIENTED_EDGE('',*,*,#6181,.F.);
#3257=ORIENTED_EDGE('',*,*,#5763,.T.);
#3258=ORIENTED_EDGE('',*,*,#5748,.F.);
#3259=ORIENTED_EDGE('',*,*,#6191,.F.);
#3260=ORIENTED_EDGE('',*,*,#6192,.F.);
#3261=ORIENTED_EDGE('',*,*,#6193,.T.);
#3262=ORIENTED_EDGE('',*,*,#6194,.F.);
#3263=ORIENTED_EDGE('',*,*,#5512,.T.);
#3264=ORIENTED_EDGE('',*,*,#6195,.T.);
#3265=ORIENTED_EDGE('',*,*,#6196,.T.);
#3266=ORIENTED_EDGE('',*,*,#6197,.F.);
#3267=ORIENTED_EDGE('',*,*,#6196,.F.);
#3268=ORIENTED_EDGE('',*,*,#6198,.T.);
#3269=ORIENTED_EDGE('',*,*,#6199,.T.);
#3270=ORIENTED_EDGE('',*,*,#6200,.F.);
#3271=ORIENTED_EDGE('',*,*,#6199,.F.);
#3272=ORIENTED_EDGE('',*,*,#6201,.T.);
#3273=ORIENTED_EDGE('',*,*,#6192,.T.);
#3274=ORIENTED_EDGE('',*,*,#5511,.F.);
#3275=ORIENTED_EDGE('',*,*,#5749,.T.);
#3276=ORIENTED_EDGE('',*,*,#6193,.F.);
#3277=ORIENTED_EDGE('',*,*,#6201,.F.);
#3278=ORIENTED_EDGE('',*,*,#6198,.F.);
#3279=ORIENTED_EDGE('',*,*,#6195,.F.);
#3280=ORIENTED_EDGE('',*,*,#5747,.F.);
#3281=ORIENTED_EDGE('',*,*,#5513,.T.);
#3282=ORIENTED_EDGE('',*,*,#6194,.T.);
#3283=ORIENTED_EDGE('',*,*,#6197,.T.);
#3284=ORIENTED_EDGE('',*,*,#6200,.T.);
#3285=ORIENTED_EDGE('',*,*,#6191,.T.);
#3286=ORIENTED_EDGE('',*,*,#5405,.T.);
#3287=ORIENTED_EDGE('',*,*,#5653,.T.);
#3288=ORIENTED_EDGE('',*,*,#6024,.T.);
#3289=ORIENTED_EDGE('',*,*,#6119,.T.);
#3290=ORIENTED_EDGE('',*,*,#6202,.T.);
#3291=ORIENTED_EDGE('',*,*,#6025,.F.);
#3292=ORIENTED_EDGE('',*,*,#5654,.F.);
#3293=ORIENTED_EDGE('',*,*,#5407,.F.);
#3294=ORIENTED_EDGE('',*,*,#6203,.F.);
#3295=ORIENTED_EDGE('',*,*,#6117,.F.);
#3296=ORIENTED_EDGE('',*,*,#6118,.F.);
#3297=ORIENTED_EDGE('',*,*,#6203,.T.);
#3298=ORIENTED_EDGE('',*,*,#5406,.F.);
#3299=ORIENTED_EDGE('',*,*,#6202,.F.);
#3300=ORIENTED_EDGE('',*,*,#6204,.T.);
#3301=ORIENTED_EDGE('',*,*,#5968,.T.);
#3302=ORIENTED_EDGE('',*,*,#6035,.T.);
#3303=ORIENTED_EDGE('',*,*,#6205,.T.);
#3304=ORIENTED_EDGE('',*,*,#6206,.T.);
#3305=ORIENTED_EDGE('',*,*,#6207,.T.);
#3306=ORIENTED_EDGE('',*,*,#5970,.F.);
#3307=ORIENTED_EDGE('',*,*,#6208,.F.);
#3308=ORIENTED_EDGE('',*,*,#6209,.F.);
#3309=ORIENTED_EDGE('',*,*,#6210,.F.);
#3310=ORIENTED_EDGE('',*,*,#6211,.F.);
#3311=ORIENTED_EDGE('',*,*,#6033,.F.);
#3312=ORIENTED_EDGE('',*,*,#5969,.F.);
#3313=ORIENTED_EDGE('',*,*,#6204,.F.);
#3314=ORIENTED_EDGE('',*,*,#6212,.T.);
#3315=ORIENTED_EDGE('',*,*,#6208,.T.);
#3316=ORIENTED_EDGE('',*,*,#6034,.F.);
#3317=ORIENTED_EDGE('',*,*,#6211,.T.);
#3318=ORIENTED_EDGE('',*,*,#6213,.F.);
#3319=ORIENTED_EDGE('',*,*,#6205,.F.);
#3320=ORIENTED_EDGE('',*,*,#6210,.T.);
#3321=ORIENTED_EDGE('',*,*,#6214,.F.);
#3322=ORIENTED_EDGE('',*,*,#6206,.F.);
#3323=ORIENTED_EDGE('',*,*,#6213,.T.);
#3324=ORIENTED_EDGE('',*,*,#6209,.T.);
#3325=ORIENTED_EDGE('',*,*,#6212,.F.);
#3326=ORIENTED_EDGE('',*,*,#6207,.F.);
#3327=ORIENTED_EDGE('',*,*,#6214,.T.);
#3328=ORIENTED_EDGE('',*,*,#5401,.T.);
#3329=ORIENTED_EDGE('',*,*,#5656,.T.);
#3330=ORIENTED_EDGE('',*,*,#6021,.T.);
#3331=ORIENTED_EDGE('',*,*,#6122,.T.);
#3332=ORIENTED_EDGE('',*,*,#6215,.T.);
#3333=ORIENTED_EDGE('',*,*,#6022,.F.);
#3334=ORIENTED_EDGE('',*,*,#5657,.F.);
#3335=ORIENTED_EDGE('',*,*,#5403,.F.);
#3336=ORIENTED_EDGE('',*,*,#6216,.F.);
#3337=ORIENTED_EDGE('',*,*,#6120,.F.);
#3338=ORIENTED_EDGE('',*,*,#6121,.F.);
#3339=ORIENTED_EDGE('',*,*,#6216,.T.);
#3340=ORIENTED_EDGE('',*,*,#5402,.F.);
#3341=ORIENTED_EDGE('',*,*,#6215,.F.);
#3342=ORIENTED_EDGE('',*,*,#6217,.T.);
#3343=ORIENTED_EDGE('',*,*,#5964,.T.);
#3344=ORIENTED_EDGE('',*,*,#6038,.T.);
#3345=ORIENTED_EDGE('',*,*,#6218,.T.);
#3346=ORIENTED_EDGE('',*,*,#6219,.T.);
#3347=ORIENTED_EDGE('',*,*,#6220,.T.);
#3348=ORIENTED_EDGE('',*,*,#5966,.F.);
#3349=ORIENTED_EDGE('',*,*,#6221,.F.);
#3350=ORIENTED_EDGE('',*,*,#6222,.F.);
#3351=ORIENTED_EDGE('',*,*,#6223,.F.);
#3352=ORIENTED_EDGE('',*,*,#6224,.F.);
#3353=ORIENTED_EDGE('',*,*,#6036,.F.);
#3354=ORIENTED_EDGE('',*,*,#5965,.F.);
#3355=ORIENTED_EDGE('',*,*,#6217,.F.);
#3356=ORIENTED_EDGE('',*,*,#6225,.T.);
#3357=ORIENTED_EDGE('',*,*,#6221,.T.);
#3358=ORIENTED_EDGE('',*,*,#6037,.F.);
#3359=ORIENTED_EDGE('',*,*,#6224,.T.);
#3360=ORIENTED_EDGE('',*,*,#6226,.F.);
#3361=ORIENTED_EDGE('',*,*,#6218,.F.);
#3362=ORIENTED_EDGE('',*,*,#6223,.T.);
#3363=ORIENTED_EDGE('',*,*,#6227,.F.);
#3364=ORIENTED_EDGE('',*,*,#6219,.F.);
#3365=ORIENTED_EDGE('',*,*,#6226,.T.);
#3366=ORIENTED_EDGE('',*,*,#6222,.T.);
#3367=ORIENTED_EDGE('',*,*,#6225,.F.);
#3368=ORIENTED_EDGE('',*,*,#6220,.F.);
#3369=ORIENTED_EDGE('',*,*,#6227,.T.);
#3370=ORIENTED_EDGE('',*,*,#5397,.T.);
#3371=ORIENTED_EDGE('',*,*,#5659,.T.);
#3372=ORIENTED_EDGE('',*,*,#6018,.T.);
#3373=ORIENTED_EDGE('',*,*,#6125,.T.);
#3374=ORIENTED_EDGE('',*,*,#6228,.T.);
#3375=ORIENTED_EDGE('',*,*,#6019,.F.);
#3376=ORIENTED_EDGE('',*,*,#5660,.F.);
#3377=ORIENTED_EDGE('',*,*,#5399,.F.);
#3378=ORIENTED_EDGE('',*,*,#6229,.F.);
#3379=ORIENTED_EDGE('',*,*,#6123,.F.);
#3380=ORIENTED_EDGE('',*,*,#6124,.F.);
#3381=ORIENTED_EDGE('',*,*,#6229,.T.);
#3382=ORIENTED_EDGE('',*,*,#5398,.F.);
#3383=ORIENTED_EDGE('',*,*,#6228,.F.);
#3384=ORIENTED_EDGE('',*,*,#6230,.T.);
#3385=ORIENTED_EDGE('',*,*,#5960,.T.);
#3386=ORIENTED_EDGE('',*,*,#6041,.T.);
#3387=ORIENTED_EDGE('',*,*,#6231,.T.);
#3388=ORIENTED_EDGE('',*,*,#6232,.T.);
#3389=ORIENTED_EDGE('',*,*,#6233,.T.);
#3390=ORIENTED_EDGE('',*,*,#5962,.F.);
#3391=ORIENTED_EDGE('',*,*,#6234,.F.);
#3392=ORIENTED_EDGE('',*,*,#6235,.F.);
#3393=ORIENTED_EDGE('',*,*,#6236,.F.);
#3394=ORIENTED_EDGE('',*,*,#6237,.F.);
#3395=ORIENTED_EDGE('',*,*,#6039,.F.);
#3396=ORIENTED_EDGE('',*,*,#5961,.F.);
#3397=ORIENTED_EDGE('',*,*,#6230,.F.);
#3398=ORIENTED_EDGE('',*,*,#6238,.T.);
#3399=ORIENTED_EDGE('',*,*,#6234,.T.);
#3400=ORIENTED_EDGE('',*,*,#6040,.F.);
#3401=ORIENTED_EDGE('',*,*,#6237,.T.);
#3402=ORIENTED_EDGE('',*,*,#6239,.F.);
#3403=ORIENTED_EDGE('',*,*,#6231,.F.);
#3404=ORIENTED_EDGE('',*,*,#6236,.T.);
#3405=ORIENTED_EDGE('',*,*,#6240,.F.);
#3406=ORIENTED_EDGE('',*,*,#6232,.F.);
#3407=ORIENTED_EDGE('',*,*,#6239,.T.);
#3408=ORIENTED_EDGE('',*,*,#6235,.T.);
#3409=ORIENTED_EDGE('',*,*,#6238,.F.);
#3410=ORIENTED_EDGE('',*,*,#6233,.F.);
#3411=ORIENTED_EDGE('',*,*,#6240,.T.);
#3412=ORIENTED_EDGE('',*,*,#5393,.T.);
#3413=ORIENTED_EDGE('',*,*,#5662,.T.);
#3414=ORIENTED_EDGE('',*,*,#6015,.T.);
#3415=ORIENTED_EDGE('',*,*,#6128,.T.);
#3416=ORIENTED_EDGE('',*,*,#6241,.T.);
#3417=ORIENTED_EDGE('',*,*,#6016,.F.);
#3418=ORIENTED_EDGE('',*,*,#5663,.F.);
#3419=ORIENTED_EDGE('',*,*,#5395,.F.);
#3420=ORIENTED_EDGE('',*,*,#6242,.F.);
#3421=ORIENTED_EDGE('',*,*,#6126,.F.);
#3422=ORIENTED_EDGE('',*,*,#6127,.F.);
#3423=ORIENTED_EDGE('',*,*,#6242,.T.);
#3424=ORIENTED_EDGE('',*,*,#5394,.F.);
#3425=ORIENTED_EDGE('',*,*,#6241,.F.);
#3426=ORIENTED_EDGE('',*,*,#6243,.T.);
#3427=ORIENTED_EDGE('',*,*,#5956,.T.);
#3428=ORIENTED_EDGE('',*,*,#6044,.T.);
#3429=ORIENTED_EDGE('',*,*,#6244,.T.);
#3430=ORIENTED_EDGE('',*,*,#6245,.T.);
#3431=ORIENTED_EDGE('',*,*,#6246,.T.);
#3432=ORIENTED_EDGE('',*,*,#5958,.F.);
#3433=ORIENTED_EDGE('',*,*,#6247,.F.);
#3434=ORIENTED_EDGE('',*,*,#6248,.F.);
#3435=ORIENTED_EDGE('',*,*,#6249,.F.);
#3436=ORIENTED_EDGE('',*,*,#6250,.F.);
#3437=ORIENTED_EDGE('',*,*,#6042,.F.);
#3438=ORIENTED_EDGE('',*,*,#5957,.F.);
#3439=ORIENTED_EDGE('',*,*,#6243,.F.);
#3440=ORIENTED_EDGE('',*,*,#6251,.T.);
#3441=ORIENTED_EDGE('',*,*,#6247,.T.);
#3442=ORIENTED_EDGE('',*,*,#6043,.F.);
#3443=ORIENTED_EDGE('',*,*,#6250,.T.);
#3444=ORIENTED_EDGE('',*,*,#6252,.F.);
#3445=ORIENTED_EDGE('',*,*,#6244,.F.);
#3446=ORIENTED_EDGE('',*,*,#6249,.T.);
#3447=ORIENTED_EDGE('',*,*,#6253,.F.);
#3448=ORIENTED_EDGE('',*,*,#6245,.F.);
#3449=ORIENTED_EDGE('',*,*,#6252,.T.);
#3450=ORIENTED_EDGE('',*,*,#6248,.T.);
#3451=ORIENTED_EDGE('',*,*,#6251,.F.);
#3452=ORIENTED_EDGE('',*,*,#6246,.F.);
#3453=ORIENTED_EDGE('',*,*,#6253,.T.);
#3454=ORIENTED_EDGE('',*,*,#5389,.T.);
#3455=ORIENTED_EDGE('',*,*,#5665,.T.);
#3456=ORIENTED_EDGE('',*,*,#6012,.T.);
#3457=ORIENTED_EDGE('',*,*,#6131,.T.);
#3458=ORIENTED_EDGE('',*,*,#6254,.T.);
#3459=ORIENTED_EDGE('',*,*,#6013,.F.);
#3460=ORIENTED_EDGE('',*,*,#5666,.F.);
#3461=ORIENTED_EDGE('',*,*,#5391,.F.);
#3462=ORIENTED_EDGE('',*,*,#6255,.F.);
#3463=ORIENTED_EDGE('',*,*,#6129,.F.);
#3464=ORIENTED_EDGE('',*,*,#6130,.F.);
#3465=ORIENTED_EDGE('',*,*,#6255,.T.);
#3466=ORIENTED_EDGE('',*,*,#5390,.F.);
#3467=ORIENTED_EDGE('',*,*,#6254,.F.);
#3468=ORIENTED_EDGE('',*,*,#6256,.T.);
#3469=ORIENTED_EDGE('',*,*,#5952,.T.);
#3470=ORIENTED_EDGE('',*,*,#6047,.T.);
#3471=ORIENTED_EDGE('',*,*,#6257,.T.);
#3472=ORIENTED_EDGE('',*,*,#6258,.T.);
#3473=ORIENTED_EDGE('',*,*,#6259,.T.);
#3474=ORIENTED_EDGE('',*,*,#5954,.F.);
#3475=ORIENTED_EDGE('',*,*,#6260,.F.);
#3476=ORIENTED_EDGE('',*,*,#6261,.F.);
#3477=ORIENTED_EDGE('',*,*,#6262,.F.);
#3478=ORIENTED_EDGE('',*,*,#6263,.F.);
#3479=ORIENTED_EDGE('',*,*,#6045,.F.);
#3480=ORIENTED_EDGE('',*,*,#5953,.F.);
#3481=ORIENTED_EDGE('',*,*,#6256,.F.);
#3482=ORIENTED_EDGE('',*,*,#6264,.T.);
#3483=ORIENTED_EDGE('',*,*,#6260,.T.);
#3484=ORIENTED_EDGE('',*,*,#6046,.F.);
#3485=ORIENTED_EDGE('',*,*,#6263,.T.);
#3486=ORIENTED_EDGE('',*,*,#6265,.F.);
#3487=ORIENTED_EDGE('',*,*,#6257,.F.);
#3488=ORIENTED_EDGE('',*,*,#6262,.T.);
#3489=ORIENTED_EDGE('',*,*,#6266,.F.);
#3490=ORIENTED_EDGE('',*,*,#6258,.F.);
#3491=ORIENTED_EDGE('',*,*,#6265,.T.);
#3492=ORIENTED_EDGE('',*,*,#6261,.T.);
#3493=ORIENTED_EDGE('',*,*,#6264,.F.);
#3494=ORIENTED_EDGE('',*,*,#6259,.F.);
#3495=ORIENTED_EDGE('',*,*,#6266,.T.);
#3496=ORIENTED_EDGE('',*,*,#5385,.T.);
#3497=ORIENTED_EDGE('',*,*,#5668,.T.);
#3498=ORIENTED_EDGE('',*,*,#6009,.T.);
#3499=ORIENTED_EDGE('',*,*,#6134,.T.);
#3500=ORIENTED_EDGE('',*,*,#6267,.T.);
#3501=ORIENTED_EDGE('',*,*,#6010,.F.);
#3502=ORIENTED_EDGE('',*,*,#5669,.F.);
#3503=ORIENTED_EDGE('',*,*,#5387,.F.);
#3504=ORIENTED_EDGE('',*,*,#6268,.F.);
#3505=ORIENTED_EDGE('',*,*,#6132,.F.);
#3506=ORIENTED_EDGE('',*,*,#6133,.F.);
#3507=ORIENTED_EDGE('',*,*,#6268,.T.);
#3508=ORIENTED_EDGE('',*,*,#5386,.F.);
#3509=ORIENTED_EDGE('',*,*,#6267,.F.);
#3510=ORIENTED_EDGE('',*,*,#6269,.T.);
#3511=ORIENTED_EDGE('',*,*,#5948,.T.);
#3512=ORIENTED_EDGE('',*,*,#6050,.T.);
#3513=ORIENTED_EDGE('',*,*,#6270,.T.);
#3514=ORIENTED_EDGE('',*,*,#6271,.T.);
#3515=ORIENTED_EDGE('',*,*,#6272,.T.);
#3516=ORIENTED_EDGE('',*,*,#5950,.F.);
#3517=ORIENTED_EDGE('',*,*,#6273,.F.);
#3518=ORIENTED_EDGE('',*,*,#6274,.F.);
#3519=ORIENTED_EDGE('',*,*,#6275,.F.);
#3520=ORIENTED_EDGE('',*,*,#6276,.F.);
#3521=ORIENTED_EDGE('',*,*,#6048,.F.);
#3522=ORIENTED_EDGE('',*,*,#5949,.F.);
#3523=ORIENTED_EDGE('',*,*,#6269,.F.);
#3524=ORIENTED_EDGE('',*,*,#6277,.T.);
#3525=ORIENTED_EDGE('',*,*,#6273,.T.);
#3526=ORIENTED_EDGE('',*,*,#6049,.F.);
#3527=ORIENTED_EDGE('',*,*,#6276,.T.);
#3528=ORIENTED_EDGE('',*,*,#6278,.F.);
#3529=ORIENTED_EDGE('',*,*,#6270,.F.);
#3530=ORIENTED_EDGE('',*,*,#6275,.T.);
#3531=ORIENTED_EDGE('',*,*,#6279,.F.);
#3532=ORIENTED_EDGE('',*,*,#6271,.F.);
#3533=ORIENTED_EDGE('',*,*,#6278,.T.);
#3534=ORIENTED_EDGE('',*,*,#6274,.T.);
#3535=ORIENTED_EDGE('',*,*,#6277,.F.);
#3536=ORIENTED_EDGE('',*,*,#6272,.F.);
#3537=ORIENTED_EDGE('',*,*,#6279,.T.);
#3538=ORIENTED_EDGE('',*,*,#5381,.T.);
#3539=ORIENTED_EDGE('',*,*,#5671,.T.);
#3540=ORIENTED_EDGE('',*,*,#6006,.T.);
#3541=ORIENTED_EDGE('',*,*,#6137,.T.);
#3542=ORIENTED_EDGE('',*,*,#6280,.T.);
#3543=ORIENTED_EDGE('',*,*,#6007,.F.);
#3544=ORIENTED_EDGE('',*,*,#5672,.F.);
#3545=ORIENTED_EDGE('',*,*,#5383,.F.);
#3546=ORIENTED_EDGE('',*,*,#6281,.F.);
#3547=ORIENTED_EDGE('',*,*,#6135,.F.);
#3548=ORIENTED_EDGE('',*,*,#6136,.F.);
#3549=ORIENTED_EDGE('',*,*,#6281,.T.);
#3550=ORIENTED_EDGE('',*,*,#5382,.F.);
#3551=ORIENTED_EDGE('',*,*,#6280,.F.);
#3552=ORIENTED_EDGE('',*,*,#6282,.T.);
#3553=ORIENTED_EDGE('',*,*,#5944,.T.);
#3554=ORIENTED_EDGE('',*,*,#6053,.T.);
#3555=ORIENTED_EDGE('',*,*,#6283,.T.);
#3556=ORIENTED_EDGE('',*,*,#6284,.T.);
#3557=ORIENTED_EDGE('',*,*,#6285,.T.);
#3558=ORIENTED_EDGE('',*,*,#5946,.F.);
#3559=ORIENTED_EDGE('',*,*,#6286,.F.);
#3560=ORIENTED_EDGE('',*,*,#6287,.F.);
#3561=ORIENTED_EDGE('',*,*,#6288,.F.);
#3562=ORIENTED_EDGE('',*,*,#6289,.F.);
#3563=ORIENTED_EDGE('',*,*,#6051,.F.);
#3564=ORIENTED_EDGE('',*,*,#5945,.F.);
#3565=ORIENTED_EDGE('',*,*,#6282,.F.);
#3566=ORIENTED_EDGE('',*,*,#6290,.T.);
#3567=ORIENTED_EDGE('',*,*,#6286,.T.);
#3568=ORIENTED_EDGE('',*,*,#6052,.F.);
#3569=ORIENTED_EDGE('',*,*,#6289,.T.);
#3570=ORIENTED_EDGE('',*,*,#6291,.F.);
#3571=ORIENTED_EDGE('',*,*,#6283,.F.);
#3572=ORIENTED_EDGE('',*,*,#6288,.T.);
#3573=ORIENTED_EDGE('',*,*,#6292,.F.);
#3574=ORIENTED_EDGE('',*,*,#6284,.F.);
#3575=ORIENTED_EDGE('',*,*,#6291,.T.);
#3576=ORIENTED_EDGE('',*,*,#6287,.T.);
#3577=ORIENTED_EDGE('',*,*,#6290,.F.);
#3578=ORIENTED_EDGE('',*,*,#6285,.F.);
#3579=ORIENTED_EDGE('',*,*,#6292,.T.);
#3580=ORIENTED_EDGE('',*,*,#5377,.T.);
#3581=ORIENTED_EDGE('',*,*,#5674,.T.);
#3582=ORIENTED_EDGE('',*,*,#6003,.T.);
#3583=ORIENTED_EDGE('',*,*,#6140,.T.);
#3584=ORIENTED_EDGE('',*,*,#6293,.T.);
#3585=ORIENTED_EDGE('',*,*,#6004,.F.);
#3586=ORIENTED_EDGE('',*,*,#5675,.F.);
#3587=ORIENTED_EDGE('',*,*,#5379,.F.);
#3588=ORIENTED_EDGE('',*,*,#6294,.F.);
#3589=ORIENTED_EDGE('',*,*,#6138,.F.);
#3590=ORIENTED_EDGE('',*,*,#6139,.F.);
#3591=ORIENTED_EDGE('',*,*,#6294,.T.);
#3592=ORIENTED_EDGE('',*,*,#5378,.F.);
#3593=ORIENTED_EDGE('',*,*,#6293,.F.);
#3594=ORIENTED_EDGE('',*,*,#6295,.T.);
#3595=ORIENTED_EDGE('',*,*,#5940,.T.);
#3596=ORIENTED_EDGE('',*,*,#6056,.T.);
#3597=ORIENTED_EDGE('',*,*,#6296,.T.);
#3598=ORIENTED_EDGE('',*,*,#6297,.T.);
#3599=ORIENTED_EDGE('',*,*,#6298,.T.);
#3600=ORIENTED_EDGE('',*,*,#5942,.F.);
#3601=ORIENTED_EDGE('',*,*,#6299,.F.);
#3602=ORIENTED_EDGE('',*,*,#6300,.F.);
#3603=ORIENTED_EDGE('',*,*,#6301,.F.);
#3604=ORIENTED_EDGE('',*,*,#6302,.F.);
#3605=ORIENTED_EDGE('',*,*,#6054,.F.);
#3606=ORIENTED_EDGE('',*,*,#5941,.F.);
#3607=ORIENTED_EDGE('',*,*,#6295,.F.);
#3608=ORIENTED_EDGE('',*,*,#6303,.T.);
#3609=ORIENTED_EDGE('',*,*,#6299,.T.);
#3610=ORIENTED_EDGE('',*,*,#6055,.F.);
#3611=ORIENTED_EDGE('',*,*,#6302,.T.);
#3612=ORIENTED_EDGE('',*,*,#6304,.F.);
#3613=ORIENTED_EDGE('',*,*,#6296,.F.);
#3614=ORIENTED_EDGE('',*,*,#6301,.T.);
#3615=ORIENTED_EDGE('',*,*,#6305,.F.);
#3616=ORIENTED_EDGE('',*,*,#6297,.F.);
#3617=ORIENTED_EDGE('',*,*,#6304,.T.);
#3618=ORIENTED_EDGE('',*,*,#6300,.T.);
#3619=ORIENTED_EDGE('',*,*,#6303,.F.);
#3620=ORIENTED_EDGE('',*,*,#6298,.F.);
#3621=ORIENTED_EDGE('',*,*,#6305,.T.);
#3622=ORIENTED_EDGE('',*,*,#5373,.T.);
#3623=ORIENTED_EDGE('',*,*,#5677,.T.);
#3624=ORIENTED_EDGE('',*,*,#6000,.T.);
#3625=ORIENTED_EDGE('',*,*,#6143,.T.);
#3626=ORIENTED_EDGE('',*,*,#6306,.T.);
#3627=ORIENTED_EDGE('',*,*,#6001,.F.);
#3628=ORIENTED_EDGE('',*,*,#5678,.F.);
#3629=ORIENTED_EDGE('',*,*,#5375,.F.);
#3630=ORIENTED_EDGE('',*,*,#6307,.F.);
#3631=ORIENTED_EDGE('',*,*,#6141,.F.);
#3632=ORIENTED_EDGE('',*,*,#6142,.F.);
#3633=ORIENTED_EDGE('',*,*,#6307,.T.);
#3634=ORIENTED_EDGE('',*,*,#5374,.F.);
#3635=ORIENTED_EDGE('',*,*,#6306,.F.);
#3636=ORIENTED_EDGE('',*,*,#6308,.T.);
#3637=ORIENTED_EDGE('',*,*,#5936,.T.);
#3638=ORIENTED_EDGE('',*,*,#6059,.T.);
#3639=ORIENTED_EDGE('',*,*,#6309,.T.);
#3640=ORIENTED_EDGE('',*,*,#6310,.T.);
#3641=ORIENTED_EDGE('',*,*,#6311,.T.);
#3642=ORIENTED_EDGE('',*,*,#5938,.F.);
#3643=ORIENTED_EDGE('',*,*,#6312,.F.);
#3644=ORIENTED_EDGE('',*,*,#6313,.F.);
#3645=ORIENTED_EDGE('',*,*,#6314,.F.);
#3646=ORIENTED_EDGE('',*,*,#6315,.F.);
#3647=ORIENTED_EDGE('',*,*,#6057,.F.);
#3648=ORIENTED_EDGE('',*,*,#5937,.F.);
#3649=ORIENTED_EDGE('',*,*,#6308,.F.);
#3650=ORIENTED_EDGE('',*,*,#6316,.T.);
#3651=ORIENTED_EDGE('',*,*,#6312,.T.);
#3652=ORIENTED_EDGE('',*,*,#6058,.F.);
#3653=ORIENTED_EDGE('',*,*,#6315,.T.);
#3654=ORIENTED_EDGE('',*,*,#6317,.F.);
#3655=ORIENTED_EDGE('',*,*,#6309,.F.);
#3656=ORIENTED_EDGE('',*,*,#6314,.T.);
#3657=ORIENTED_EDGE('',*,*,#6318,.F.);
#3658=ORIENTED_EDGE('',*,*,#6310,.F.);
#3659=ORIENTED_EDGE('',*,*,#6317,.T.);
#3660=ORIENTED_EDGE('',*,*,#6313,.T.);
#3661=ORIENTED_EDGE('',*,*,#6316,.F.);
#3662=ORIENTED_EDGE('',*,*,#6311,.F.);
#3663=ORIENTED_EDGE('',*,*,#6318,.T.);
#3664=ORIENTED_EDGE('',*,*,#5369,.T.);
#3665=ORIENTED_EDGE('',*,*,#5680,.T.);
#3666=ORIENTED_EDGE('',*,*,#5997,.T.);
#3667=ORIENTED_EDGE('',*,*,#6146,.T.);
#3668=ORIENTED_EDGE('',*,*,#6319,.T.);
#3669=ORIENTED_EDGE('',*,*,#5998,.F.);
#3670=ORIENTED_EDGE('',*,*,#5681,.F.);
#3671=ORIENTED_EDGE('',*,*,#5371,.F.);
#3672=ORIENTED_EDGE('',*,*,#6320,.F.);
#3673=ORIENTED_EDGE('',*,*,#6144,.F.);
#3674=ORIENTED_EDGE('',*,*,#6145,.F.);
#3675=ORIENTED_EDGE('',*,*,#6320,.T.);
#3676=ORIENTED_EDGE('',*,*,#5370,.F.);
#3677=ORIENTED_EDGE('',*,*,#6319,.F.);
#3678=ORIENTED_EDGE('',*,*,#6321,.T.);
#3679=ORIENTED_EDGE('',*,*,#5932,.T.);
#3680=ORIENTED_EDGE('',*,*,#6062,.T.);
#3681=ORIENTED_EDGE('',*,*,#6322,.T.);
#3682=ORIENTED_EDGE('',*,*,#6323,.T.);
#3683=ORIENTED_EDGE('',*,*,#6324,.T.);
#3684=ORIENTED_EDGE('',*,*,#5934,.F.);
#3685=ORIENTED_EDGE('',*,*,#6325,.F.);
#3686=ORIENTED_EDGE('',*,*,#6326,.F.);
#3687=ORIENTED_EDGE('',*,*,#6327,.F.);
#3688=ORIENTED_EDGE('',*,*,#6328,.F.);
#3689=ORIENTED_EDGE('',*,*,#6060,.F.);
#3690=ORIENTED_EDGE('',*,*,#5933,.F.);
#3691=ORIENTED_EDGE('',*,*,#6321,.F.);
#3692=ORIENTED_EDGE('',*,*,#6329,.T.);
#3693=ORIENTED_EDGE('',*,*,#6325,.T.);
#3694=ORIENTED_EDGE('',*,*,#6061,.F.);
#3695=ORIENTED_EDGE('',*,*,#6328,.T.);
#3696=ORIENTED_EDGE('',*,*,#6330,.F.);
#3697=ORIENTED_EDGE('',*,*,#6322,.F.);
#3698=ORIENTED_EDGE('',*,*,#6327,.T.);
#3699=ORIENTED_EDGE('',*,*,#6331,.F.);
#3700=ORIENTED_EDGE('',*,*,#6323,.F.);
#3701=ORIENTED_EDGE('',*,*,#6330,.T.);
#3702=ORIENTED_EDGE('',*,*,#6326,.T.);
#3703=ORIENTED_EDGE('',*,*,#6329,.F.);
#3704=ORIENTED_EDGE('',*,*,#6324,.F.);
#3705=ORIENTED_EDGE('',*,*,#6331,.T.);
#3706=ORIENTED_EDGE('',*,*,#5365,.T.);
#3707=ORIENTED_EDGE('',*,*,#5683,.T.);
#3708=ORIENTED_EDGE('',*,*,#5994,.T.);
#3709=ORIENTED_EDGE('',*,*,#6149,.T.);
#3710=ORIENTED_EDGE('',*,*,#6332,.T.);
#3711=ORIENTED_EDGE('',*,*,#5995,.F.);
#3712=ORIENTED_EDGE('',*,*,#5684,.F.);
#3713=ORIENTED_EDGE('',*,*,#5367,.F.);
#3714=ORIENTED_EDGE('',*,*,#6333,.F.);
#3715=ORIENTED_EDGE('',*,*,#6147,.F.);
#3716=ORIENTED_EDGE('',*,*,#6148,.F.);
#3717=ORIENTED_EDGE('',*,*,#6333,.T.);
#3718=ORIENTED_EDGE('',*,*,#5366,.F.);
#3719=ORIENTED_EDGE('',*,*,#6332,.F.);
#3720=ORIENTED_EDGE('',*,*,#6334,.T.);
#3721=ORIENTED_EDGE('',*,*,#5928,.T.);
#3722=ORIENTED_EDGE('',*,*,#6065,.T.);
#3723=ORIENTED_EDGE('',*,*,#6335,.T.);
#3724=ORIENTED_EDGE('',*,*,#6336,.T.);
#3725=ORIENTED_EDGE('',*,*,#6337,.T.);
#3726=ORIENTED_EDGE('',*,*,#5930,.F.);
#3727=ORIENTED_EDGE('',*,*,#6338,.F.);
#3728=ORIENTED_EDGE('',*,*,#6339,.F.);
#3729=ORIENTED_EDGE('',*,*,#6340,.F.);
#3730=ORIENTED_EDGE('',*,*,#6341,.F.);
#3731=ORIENTED_EDGE('',*,*,#6063,.F.);
#3732=ORIENTED_EDGE('',*,*,#5929,.F.);
#3733=ORIENTED_EDGE('',*,*,#6334,.F.);
#3734=ORIENTED_EDGE('',*,*,#6342,.T.);
#3735=ORIENTED_EDGE('',*,*,#6338,.T.);
#3736=ORIENTED_EDGE('',*,*,#6064,.F.);
#3737=ORIENTED_EDGE('',*,*,#6341,.T.);
#3738=ORIENTED_EDGE('',*,*,#6343,.F.);
#3739=ORIENTED_EDGE('',*,*,#6335,.F.);
#3740=ORIENTED_EDGE('',*,*,#6340,.T.);
#3741=ORIENTED_EDGE('',*,*,#6344,.F.);
#3742=ORIENTED_EDGE('',*,*,#6336,.F.);
#3743=ORIENTED_EDGE('',*,*,#6343,.T.);
#3744=ORIENTED_EDGE('',*,*,#6339,.T.);
#3745=ORIENTED_EDGE('',*,*,#6342,.F.);
#3746=ORIENTED_EDGE('',*,*,#6337,.F.);
#3747=ORIENTED_EDGE('',*,*,#6344,.T.);
#3748=ORIENTED_EDGE('',*,*,#5361,.T.);
#3749=ORIENTED_EDGE('',*,*,#5686,.T.);
#3750=ORIENTED_EDGE('',*,*,#5991,.T.);
#3751=ORIENTED_EDGE('',*,*,#6152,.T.);
#3752=ORIENTED_EDGE('',*,*,#6345,.T.);
#3753=ORIENTED_EDGE('',*,*,#5992,.F.);
#3754=ORIENTED_EDGE('',*,*,#5687,.F.);
#3755=ORIENTED_EDGE('',*,*,#5363,.F.);
#3756=ORIENTED_EDGE('',*,*,#6346,.F.);
#3757=ORIENTED_EDGE('',*,*,#6150,.F.);
#3758=ORIENTED_EDGE('',*,*,#6151,.F.);
#3759=ORIENTED_EDGE('',*,*,#6346,.T.);
#3760=ORIENTED_EDGE('',*,*,#5362,.F.);
#3761=ORIENTED_EDGE('',*,*,#6345,.F.);
#3762=ORIENTED_EDGE('',*,*,#6347,.T.);
#3763=ORIENTED_EDGE('',*,*,#5924,.T.);
#3764=ORIENTED_EDGE('',*,*,#6068,.T.);
#3765=ORIENTED_EDGE('',*,*,#6348,.T.);
#3766=ORIENTED_EDGE('',*,*,#6349,.T.);
#3767=ORIENTED_EDGE('',*,*,#6350,.T.);
#3768=ORIENTED_EDGE('',*,*,#5926,.F.);
#3769=ORIENTED_EDGE('',*,*,#6351,.F.);
#3770=ORIENTED_EDGE('',*,*,#6352,.F.);
#3771=ORIENTED_EDGE('',*,*,#6353,.F.);
#3772=ORIENTED_EDGE('',*,*,#6354,.F.);
#3773=ORIENTED_EDGE('',*,*,#6066,.F.);
#3774=ORIENTED_EDGE('',*,*,#5925,.F.);
#3775=ORIENTED_EDGE('',*,*,#6347,.F.);
#3776=ORIENTED_EDGE('',*,*,#6355,.T.);
#3777=ORIENTED_EDGE('',*,*,#6351,.T.);
#3778=ORIENTED_EDGE('',*,*,#6067,.F.);
#3779=ORIENTED_EDGE('',*,*,#6354,.T.);
#3780=ORIENTED_EDGE('',*,*,#6356,.F.);
#3781=ORIENTED_EDGE('',*,*,#6348,.F.);
#3782=ORIENTED_EDGE('',*,*,#6353,.T.);
#3783=ORIENTED_EDGE('',*,*,#6357,.F.);
#3784=ORIENTED_EDGE('',*,*,#6349,.F.);
#3785=ORIENTED_EDGE('',*,*,#6356,.T.);
#3786=ORIENTED_EDGE('',*,*,#6352,.T.);
#3787=ORIENTED_EDGE('',*,*,#6355,.F.);
#3788=ORIENTED_EDGE('',*,*,#6350,.F.);
#3789=ORIENTED_EDGE('',*,*,#6357,.T.);
#3790=ORIENTED_EDGE('',*,*,#5357,.T.);
#3791=ORIENTED_EDGE('',*,*,#5689,.T.);
#3792=ORIENTED_EDGE('',*,*,#5988,.T.);
#3793=ORIENTED_EDGE('',*,*,#6155,.T.);
#3794=ORIENTED_EDGE('',*,*,#6358,.T.);
#3795=ORIENTED_EDGE('',*,*,#5989,.F.);
#3796=ORIENTED_EDGE('',*,*,#5690,.F.);
#3797=ORIENTED_EDGE('',*,*,#5359,.F.);
#3798=ORIENTED_EDGE('',*,*,#6359,.F.);
#3799=ORIENTED_EDGE('',*,*,#6153,.F.);
#3800=ORIENTED_EDGE('',*,*,#6154,.F.);
#3801=ORIENTED_EDGE('',*,*,#6359,.T.);
#3802=ORIENTED_EDGE('',*,*,#5358,.F.);
#3803=ORIENTED_EDGE('',*,*,#6358,.F.);
#3804=ORIENTED_EDGE('',*,*,#6360,.T.);
#3805=ORIENTED_EDGE('',*,*,#5920,.T.);
#3806=ORIENTED_EDGE('',*,*,#6071,.T.);
#3807=ORIENTED_EDGE('',*,*,#6361,.T.);
#3808=ORIENTED_EDGE('',*,*,#6362,.T.);
#3809=ORIENTED_EDGE('',*,*,#6363,.T.);
#3810=ORIENTED_EDGE('',*,*,#5922,.F.);
#3811=ORIENTED_EDGE('',*,*,#6364,.F.);
#3812=ORIENTED_EDGE('',*,*,#6365,.F.);
#3813=ORIENTED_EDGE('',*,*,#6366,.F.);
#3814=ORIENTED_EDGE('',*,*,#6367,.F.);
#3815=ORIENTED_EDGE('',*,*,#6069,.F.);
#3816=ORIENTED_EDGE('',*,*,#5921,.F.);
#3817=ORIENTED_EDGE('',*,*,#6360,.F.);
#3818=ORIENTED_EDGE('',*,*,#6368,.T.);
#3819=ORIENTED_EDGE('',*,*,#6364,.T.);
#3820=ORIENTED_EDGE('',*,*,#6070,.F.);
#3821=ORIENTED_EDGE('',*,*,#6367,.T.);
#3822=ORIENTED_EDGE('',*,*,#6369,.F.);
#3823=ORIENTED_EDGE('',*,*,#6361,.F.);
#3824=ORIENTED_EDGE('',*,*,#6366,.T.);
#3825=ORIENTED_EDGE('',*,*,#6370,.F.);
#3826=ORIENTED_EDGE('',*,*,#6362,.F.);
#3827=ORIENTED_EDGE('',*,*,#6369,.T.);
#3828=ORIENTED_EDGE('',*,*,#6365,.T.);
#3829=ORIENTED_EDGE('',*,*,#6368,.F.);
#3830=ORIENTED_EDGE('',*,*,#6363,.F.);
#3831=ORIENTED_EDGE('',*,*,#6370,.T.);
#3832=ORIENTED_EDGE('',*,*,#5353,.T.);
#3833=ORIENTED_EDGE('',*,*,#5692,.T.);
#3834=ORIENTED_EDGE('',*,*,#5985,.T.);
#3835=ORIENTED_EDGE('',*,*,#6158,.T.);
#3836=ORIENTED_EDGE('',*,*,#6371,.T.);
#3837=ORIENTED_EDGE('',*,*,#5986,.F.);
#3838=ORIENTED_EDGE('',*,*,#5693,.F.);
#3839=ORIENTED_EDGE('',*,*,#5355,.F.);
#3840=ORIENTED_EDGE('',*,*,#6372,.F.);
#3841=ORIENTED_EDGE('',*,*,#6156,.F.);
#3842=ORIENTED_EDGE('',*,*,#6157,.F.);
#3843=ORIENTED_EDGE('',*,*,#6372,.T.);
#3844=ORIENTED_EDGE('',*,*,#5354,.F.);
#3845=ORIENTED_EDGE('',*,*,#6371,.F.);
#3846=ORIENTED_EDGE('',*,*,#6373,.T.);
#3847=ORIENTED_EDGE('',*,*,#5916,.T.);
#3848=ORIENTED_EDGE('',*,*,#6074,.T.);
#3849=ORIENTED_EDGE('',*,*,#6374,.T.);
#3850=ORIENTED_EDGE('',*,*,#6375,.T.);
#3851=ORIENTED_EDGE('',*,*,#6376,.T.);
#3852=ORIENTED_EDGE('',*,*,#5918,.F.);
#3853=ORIENTED_EDGE('',*,*,#6377,.F.);
#3854=ORIENTED_EDGE('',*,*,#6378,.F.);
#3855=ORIENTED_EDGE('',*,*,#6379,.F.);
#3856=ORIENTED_EDGE('',*,*,#6380,.F.);
#3857=ORIENTED_EDGE('',*,*,#6072,.F.);
#3858=ORIENTED_EDGE('',*,*,#5917,.F.);
#3859=ORIENTED_EDGE('',*,*,#6373,.F.);
#3860=ORIENTED_EDGE('',*,*,#6381,.T.);
#3861=ORIENTED_EDGE('',*,*,#6377,.T.);
#3862=ORIENTED_EDGE('',*,*,#6073,.F.);
#3863=ORIENTED_EDGE('',*,*,#6380,.T.);
#3864=ORIENTED_EDGE('',*,*,#6382,.F.);
#3865=ORIENTED_EDGE('',*,*,#6374,.F.);
#3866=ORIENTED_EDGE('',*,*,#6379,.T.);
#3867=ORIENTED_EDGE('',*,*,#6383,.F.);
#3868=ORIENTED_EDGE('',*,*,#6375,.F.);
#3869=ORIENTED_EDGE('',*,*,#6382,.T.);
#3870=ORIENTED_EDGE('',*,*,#6378,.T.);
#3871=ORIENTED_EDGE('',*,*,#6381,.F.);
#3872=ORIENTED_EDGE('',*,*,#6376,.F.);
#3873=ORIENTED_EDGE('',*,*,#6383,.T.);
#3874=ORIENTED_EDGE('',*,*,#5349,.T.);
#3875=ORIENTED_EDGE('',*,*,#5695,.T.);
#3876=ORIENTED_EDGE('',*,*,#5982,.T.);
#3877=ORIENTED_EDGE('',*,*,#6113,.T.);
#3878=ORIENTED_EDGE('',*,*,#6384,.T.);
#3879=ORIENTED_EDGE('',*,*,#5983,.F.);
#3880=ORIENTED_EDGE('',*,*,#5696,.F.);
#3881=ORIENTED_EDGE('',*,*,#5351,.F.);
#3882=ORIENTED_EDGE('',*,*,#6385,.F.);
#3883=ORIENTED_EDGE('',*,*,#6159,.F.);
#3884=ORIENTED_EDGE('',*,*,#6160,.F.);
#3885=ORIENTED_EDGE('',*,*,#6385,.T.);
#3886=ORIENTED_EDGE('',*,*,#5350,.F.);
#3887=ORIENTED_EDGE('',*,*,#6384,.F.);
#3888=ORIENTED_EDGE('',*,*,#6386,.T.);
#3889=ORIENTED_EDGE('',*,*,#5912,.T.);
#3890=ORIENTED_EDGE('',*,*,#5980,.T.);
#3891=ORIENTED_EDGE('',*,*,#6387,.T.);
#3892=ORIENTED_EDGE('',*,*,#6388,.T.);
#3893=ORIENTED_EDGE('',*,*,#6389,.T.);
#3894=ORIENTED_EDGE('',*,*,#5914,.F.);
#3895=ORIENTED_EDGE('',*,*,#6390,.F.);
#3896=ORIENTED_EDGE('',*,*,#6391,.F.);
#3897=ORIENTED_EDGE('',*,*,#6392,.F.);
#3898=ORIENTED_EDGE('',*,*,#6393,.F.);
#3899=ORIENTED_EDGE('',*,*,#6075,.F.);
#3900=ORIENTED_EDGE('',*,*,#5913,.F.);
#3901=ORIENTED_EDGE('',*,*,#6386,.F.);
#3902=ORIENTED_EDGE('',*,*,#6394,.T.);
#3903=ORIENTED_EDGE('',*,*,#6390,.T.);
#3904=ORIENTED_EDGE('',*,*,#6076,.F.);
#3905=ORIENTED_EDGE('',*,*,#6393,.T.);
#3906=ORIENTED_EDGE('',*,*,#6395,.F.);
#3907=ORIENTED_EDGE('',*,*,#6387,.F.);
#3908=ORIENTED_EDGE('',*,*,#6392,.T.);
#3909=ORIENTED_EDGE('',*,*,#6396,.F.);
#3910=ORIENTED_EDGE('',*,*,#6388,.F.);
#3911=ORIENTED_EDGE('',*,*,#6395,.T.);
#3912=ORIENTED_EDGE('',*,*,#6391,.T.);
#3913=ORIENTED_EDGE('',*,*,#6394,.F.);
#3914=ORIENTED_EDGE('',*,*,#6389,.F.);
#3915=ORIENTED_EDGE('',*,*,#6396,.T.);
#3916=ORIENTED_EDGE('',*,*,#6397,.F.);
#3917=ORIENTED_EDGE('',*,*,#5768,.T.);
#3918=ORIENTED_EDGE('',*,*,#6398,.T.);
#3919=ORIENTED_EDGE('',*,*,#6399,.F.);
#3920=ORIENTED_EDGE('',*,*,#5769,.F.);
#3921=ORIENTED_EDGE('',*,*,#6397,.T.);
#3922=ORIENTED_EDGE('',*,*,#6400,.T.);
#3923=ORIENTED_EDGE('',*,*,#6401,.T.);
#3924=ORIENTED_EDGE('',*,*,#6402,.T.);
#3925=ORIENTED_EDGE('',*,*,#5824,.T.);
#3926=ORIENTED_EDGE('',*,*,#6398,.F.);
#3927=ORIENTED_EDGE('',*,*,#5767,.T.);
#3928=ORIENTED_EDGE('',*,*,#5826,.F.);
#3929=ORIENTED_EDGE('',*,*,#6403,.F.);
#3930=ORIENTED_EDGE('',*,*,#6404,.F.);
#3931=ORIENTED_EDGE('',*,*,#6405,.F.);
#3932=ORIENTED_EDGE('',*,*,#6405,.T.);
#3933=ORIENTED_EDGE('',*,*,#6406,.F.);
#3934=ORIENTED_EDGE('',*,*,#6400,.F.);
#3935=ORIENTED_EDGE('',*,*,#6399,.T.);
#3936=ORIENTED_EDGE('',*,*,#6404,.T.);
#3937=ORIENTED_EDGE('',*,*,#6407,.F.);
#3938=ORIENTED_EDGE('',*,*,#6401,.F.);
#3939=ORIENTED_EDGE('',*,*,#6406,.T.);
#3940=ORIENTED_EDGE('',*,*,#5825,.F.);
#3941=ORIENTED_EDGE('',*,*,#6402,.F.);
#3942=ORIENTED_EDGE('',*,*,#6407,.T.);
#3943=ORIENTED_EDGE('',*,*,#6403,.T.);
#3944=ORIENTED_EDGE('',*,*,#6408,.F.);
#3945=ORIENTED_EDGE('',*,*,#5772,.T.);
#3946=ORIENTED_EDGE('',*,*,#6409,.T.);
#3947=ORIENTED_EDGE('',*,*,#6410,.F.);
#3948=ORIENTED_EDGE('',*,*,#5773,.F.);
#3949=ORIENTED_EDGE('',*,*,#6408,.T.);
#3950=ORIENTED_EDGE('',*,*,#6411,.T.);
#3951=ORIENTED_EDGE('',*,*,#6412,.T.);
#3952=ORIENTED_EDGE('',*,*,#6413,.T.);
#3953=ORIENTED_EDGE('',*,*,#5821,.T.);
#3954=ORIENTED_EDGE('',*,*,#6409,.F.);
#3955=ORIENTED_EDGE('',*,*,#5771,.T.);
#3956=ORIENTED_EDGE('',*,*,#5823,.F.);
#3957=ORIENTED_EDGE('',*,*,#6414,.F.);
#3958=ORIENTED_EDGE('',*,*,#6415,.F.);
#3959=ORIENTED_EDGE('',*,*,#6416,.F.);
#3960=ORIENTED_EDGE('',*,*,#6416,.T.);
#3961=ORIENTED_EDGE('',*,*,#6417,.F.);
#3962=ORIENTED_EDGE('',*,*,#6411,.F.);
#3963=ORIENTED_EDGE('',*,*,#6410,.T.);
#3964=ORIENTED_EDGE('',*,*,#6415,.T.);
#3965=ORIENTED_EDGE('',*,*,#6418,.F.);
#3966=ORIENTED_EDGE('',*,*,#6412,.F.);
#3967=ORIENTED_EDGE('',*,*,#6417,.T.);
#3968=ORIENTED_EDGE('',*,*,#5822,.F.);
#3969=ORIENTED_EDGE('',*,*,#6413,.F.);
#3970=ORIENTED_EDGE('',*,*,#6418,.T.);
#3971=ORIENTED_EDGE('',*,*,#6414,.T.);
#3972=ORIENTED_EDGE('',*,*,#6419,.F.);
#3973=ORIENTED_EDGE('',*,*,#5776,.T.);
#3974=ORIENTED_EDGE('',*,*,#6420,.T.);
#3975=ORIENTED_EDGE('',*,*,#6421,.F.);
#3976=ORIENTED_EDGE('',*,*,#5777,.F.);
#3977=ORIENTED_EDGE('',*,*,#6419,.T.);
#3978=ORIENTED_EDGE('',*,*,#6422,.T.);
#3979=ORIENTED_EDGE('',*,*,#6423,.T.);
#3980=ORIENTED_EDGE('',*,*,#6424,.T.);
#3981=ORIENTED_EDGE('',*,*,#5818,.T.);
#3982=ORIENTED_EDGE('',*,*,#6420,.F.);
#3983=ORIENTED_EDGE('',*,*,#5775,.T.);
#3984=ORIENTED_EDGE('',*,*,#5820,.F.);
#3985=ORIENTED_EDGE('',*,*,#6425,.F.);
#3986=ORIENTED_EDGE('',*,*,#6426,.F.);
#3987=ORIENTED_EDGE('',*,*,#6427,.F.);
#3988=ORIENTED_EDGE('',*,*,#6427,.T.);
#3989=ORIENTED_EDGE('',*,*,#6428,.F.);
#3990=ORIENTED_EDGE('',*,*,#6422,.F.);
#3991=ORIENTED_EDGE('',*,*,#6421,.T.);
#3992=ORIENTED_EDGE('',*,*,#6426,.T.);
#3993=ORIENTED_EDGE('',*,*,#6429,.F.);
#3994=ORIENTED_EDGE('',*,*,#6423,.F.);
#3995=ORIENTED_EDGE('',*,*,#6428,.T.);
#3996=ORIENTED_EDGE('',*,*,#5819,.F.);
#3997=ORIENTED_EDGE('',*,*,#6424,.F.);
#3998=ORIENTED_EDGE('',*,*,#6429,.T.);
#3999=ORIENTED_EDGE('',*,*,#6425,.T.);
#4000=ORIENTED_EDGE('',*,*,#6430,.F.);
#4001=ORIENTED_EDGE('',*,*,#5780,.T.);
#4002=ORIENTED_EDGE('',*,*,#6431,.T.);
#4003=ORIENTED_EDGE('',*,*,#6432,.F.);
#4004=ORIENTED_EDGE('',*,*,#5781,.F.);
#4005=ORIENTED_EDGE('',*,*,#6430,.T.);
#4006=ORIENTED_EDGE('',*,*,#6433,.T.);
#4007=ORIENTED_EDGE('',*,*,#6434,.T.);
#4008=ORIENTED_EDGE('',*,*,#6435,.T.);
#4009=ORIENTED_EDGE('',*,*,#5815,.T.);
#4010=ORIENTED_EDGE('',*,*,#6431,.F.);
#4011=ORIENTED_EDGE('',*,*,#5779,.T.);
#4012=ORIENTED_EDGE('',*,*,#5817,.F.);
#4013=ORIENTED_EDGE('',*,*,#6436,.F.);
#4014=ORIENTED_EDGE('',*,*,#6437,.F.);
#4015=ORIENTED_EDGE('',*,*,#6438,.F.);
#4016=ORIENTED_EDGE('',*,*,#6438,.T.);
#4017=ORIENTED_EDGE('',*,*,#6439,.F.);
#4018=ORIENTED_EDGE('',*,*,#6433,.F.);
#4019=ORIENTED_EDGE('',*,*,#6432,.T.);
#4020=ORIENTED_EDGE('',*,*,#6437,.T.);
#4021=ORIENTED_EDGE('',*,*,#6440,.F.);
#4022=ORIENTED_EDGE('',*,*,#6434,.F.);
#4023=ORIENTED_EDGE('',*,*,#6439,.T.);
#4024=ORIENTED_EDGE('',*,*,#5816,.F.);
#4025=ORIENTED_EDGE('',*,*,#6435,.F.);
#4026=ORIENTED_EDGE('',*,*,#6440,.T.);
#4027=ORIENTED_EDGE('',*,*,#6436,.T.);
#4028=ORIENTED_EDGE('',*,*,#6441,.F.);
#4029=ORIENTED_EDGE('',*,*,#5784,.T.);
#4030=ORIENTED_EDGE('',*,*,#6442,.T.);
#4031=ORIENTED_EDGE('',*,*,#6443,.F.);
#4032=ORIENTED_EDGE('',*,*,#5785,.F.);
#4033=ORIENTED_EDGE('',*,*,#6441,.T.);
#4034=ORIENTED_EDGE('',*,*,#6444,.T.);
#4035=ORIENTED_EDGE('',*,*,#6445,.T.);
#4036=ORIENTED_EDGE('',*,*,#6446,.T.);
#4037=ORIENTED_EDGE('',*,*,#5812,.T.);
#4038=ORIENTED_EDGE('',*,*,#6442,.F.);
#4039=ORIENTED_EDGE('',*,*,#5783,.T.);
#4040=ORIENTED_EDGE('',*,*,#5814,.F.);
#4041=ORIENTED_EDGE('',*,*,#6447,.F.);
#4042=ORIENTED_EDGE('',*,*,#6448,.F.);
#4043=ORIENTED_EDGE('',*,*,#6449,.F.);
#4044=ORIENTED_EDGE('',*,*,#6449,.T.);
#4045=ORIENTED_EDGE('',*,*,#6450,.F.);
#4046=ORIENTED_EDGE('',*,*,#6444,.F.);
#4047=ORIENTED_EDGE('',*,*,#6443,.T.);
#4048=ORIENTED_EDGE('',*,*,#6448,.T.);
#4049=ORIENTED_EDGE('',*,*,#6451,.F.);
#4050=ORIENTED_EDGE('',*,*,#6445,.F.);
#4051=ORIENTED_EDGE('',*,*,#6450,.T.);
#4052=ORIENTED_EDGE('',*,*,#5813,.F.);
#4053=ORIENTED_EDGE('',*,*,#6446,.F.);
#4054=ORIENTED_EDGE('',*,*,#6451,.T.);
#4055=ORIENTED_EDGE('',*,*,#6447,.T.);
#4056=ORIENTED_EDGE('',*,*,#6452,.F.);
#4057=ORIENTED_EDGE('',*,*,#5788,.T.);
#4058=ORIENTED_EDGE('',*,*,#6453,.T.);
#4059=ORIENTED_EDGE('',*,*,#6454,.F.);
#4060=ORIENTED_EDGE('',*,*,#5789,.F.);
#4061=ORIENTED_EDGE('',*,*,#6452,.T.);
#4062=ORIENTED_EDGE('',*,*,#6455,.T.);
#4063=ORIENTED_EDGE('',*,*,#6456,.T.);
#4064=ORIENTED_EDGE('',*,*,#6457,.T.);
#4065=ORIENTED_EDGE('',*,*,#5809,.T.);
#4066=ORIENTED_EDGE('',*,*,#6453,.F.);
#4067=ORIENTED_EDGE('',*,*,#5787,.T.);
#4068=ORIENTED_EDGE('',*,*,#5811,.F.);
#4069=ORIENTED_EDGE('',*,*,#6458,.F.);
#4070=ORIENTED_EDGE('',*,*,#6459,.F.);
#4071=ORIENTED_EDGE('',*,*,#6460,.F.);
#4072=ORIENTED_EDGE('',*,*,#6460,.T.);
#4073=ORIENTED_EDGE('',*,*,#6461,.F.);
#4074=ORIENTED_EDGE('',*,*,#6455,.F.);
#4075=ORIENTED_EDGE('',*,*,#6454,.T.);
#4076=ORIENTED_EDGE('',*,*,#6459,.T.);
#4077=ORIENTED_EDGE('',*,*,#6462,.F.);
#4078=ORIENTED_EDGE('',*,*,#6456,.F.);
#4079=ORIENTED_EDGE('',*,*,#6461,.T.);
#4080=ORIENTED_EDGE('',*,*,#5810,.F.);
#4081=ORIENTED_EDGE('',*,*,#6457,.F.);
#4082=ORIENTED_EDGE('',*,*,#6462,.T.);
#4083=ORIENTED_EDGE('',*,*,#6458,.T.);
#4084=ORIENTED_EDGE('',*,*,#6463,.F.);
#4085=ORIENTED_EDGE('',*,*,#5792,.T.);
#4086=ORIENTED_EDGE('',*,*,#6464,.T.);
#4087=ORIENTED_EDGE('',*,*,#6465,.F.);
#4088=ORIENTED_EDGE('',*,*,#5793,.F.);
#4089=ORIENTED_EDGE('',*,*,#6463,.T.);
#4090=ORIENTED_EDGE('',*,*,#6466,.T.);
#4091=ORIENTED_EDGE('',*,*,#6467,.T.);
#4092=ORIENTED_EDGE('',*,*,#6468,.T.);
#4093=ORIENTED_EDGE('',*,*,#5806,.T.);
#4094=ORIENTED_EDGE('',*,*,#6464,.F.);
#4095=ORIENTED_EDGE('',*,*,#5791,.T.);
#4096=ORIENTED_EDGE('',*,*,#5808,.F.);
#4097=ORIENTED_EDGE('',*,*,#6469,.F.);
#4098=ORIENTED_EDGE('',*,*,#6470,.F.);
#4099=ORIENTED_EDGE('',*,*,#6471,.F.);
#4100=ORIENTED_EDGE('',*,*,#6471,.T.);
#4101=ORIENTED_EDGE('',*,*,#6472,.F.);
#4102=ORIENTED_EDGE('',*,*,#6466,.F.);
#4103=ORIENTED_EDGE('',*,*,#6465,.T.);
#4104=ORIENTED_EDGE('',*,*,#6470,.T.);
#4105=ORIENTED_EDGE('',*,*,#6473,.F.);
#4106=ORIENTED_EDGE('',*,*,#6467,.F.);
#4107=ORIENTED_EDGE('',*,*,#6472,.T.);
#4108=ORIENTED_EDGE('',*,*,#5807,.F.);
#4109=ORIENTED_EDGE('',*,*,#6468,.F.);
#4110=ORIENTED_EDGE('',*,*,#6473,.T.);
#4111=ORIENTED_EDGE('',*,*,#6469,.T.);
#4112=ORIENTED_EDGE('',*,*,#5745,.F.);
#4113=ORIENTED_EDGE('',*,*,#6474,.F.);
#4114=ORIENTED_EDGE('',*,*,#6475,.F.);
#4115=ORIENTED_EDGE('',*,*,#6476,.T.);
#4116=ORIENTED_EDGE('',*,*,#6477,.F.);
#4117=ORIENTED_EDGE('',*,*,#5516,.T.);
#4118=ORIENTED_EDGE('',*,*,#6478,.T.);
#4119=ORIENTED_EDGE('',*,*,#6479,.T.);
#4120=ORIENTED_EDGE('',*,*,#6480,.F.);
#4121=ORIENTED_EDGE('',*,*,#6479,.F.);
#4122=ORIENTED_EDGE('',*,*,#6481,.T.);
#4123=ORIENTED_EDGE('',*,*,#6482,.T.);
#4124=ORIENTED_EDGE('',*,*,#6483,.F.);
#4125=ORIENTED_EDGE('',*,*,#6482,.F.);
#4126=ORIENTED_EDGE('',*,*,#6484,.T.);
#4127=ORIENTED_EDGE('',*,*,#6475,.T.);
#4128=ORIENTED_EDGE('',*,*,#5515,.F.);
#4129=ORIENTED_EDGE('',*,*,#5746,.T.);
#4130=ORIENTED_EDGE('',*,*,#6476,.F.);
#4131=ORIENTED_EDGE('',*,*,#6484,.F.);
#4132=ORIENTED_EDGE('',*,*,#6481,.F.);
#4133=ORIENTED_EDGE('',*,*,#6478,.F.);
#4134=ORIENTED_EDGE('',*,*,#5744,.F.);
#4135=ORIENTED_EDGE('',*,*,#5517,.T.);
#4136=ORIENTED_EDGE('',*,*,#6477,.T.);
#4137=ORIENTED_EDGE('',*,*,#6480,.T.);
#4138=ORIENTED_EDGE('',*,*,#6483,.T.);
#4139=ORIENTED_EDGE('',*,*,#6474,.T.);
#4140=ORIENTED_EDGE('',*,*,#5742,.F.);
#4141=ORIENTED_EDGE('',*,*,#6485,.F.);
#4142=ORIENTED_EDGE('',*,*,#6486,.F.);
#4143=ORIENTED_EDGE('',*,*,#6487,.T.);
#4144=ORIENTED_EDGE('',*,*,#6488,.F.);
#4145=ORIENTED_EDGE('',*,*,#5520,.T.);
#4146=ORIENTED_EDGE('',*,*,#6489,.T.);
#4147=ORIENTED_EDGE('',*,*,#6490,.T.);
#4148=ORIENTED_EDGE('',*,*,#6491,.F.);
#4149=ORIENTED_EDGE('',*,*,#6490,.F.);
#4150=ORIENTED_EDGE('',*,*,#6492,.T.);
#4151=ORIENTED_EDGE('',*,*,#6493,.T.);
#4152=ORIENTED_EDGE('',*,*,#6494,.F.);
#4153=ORIENTED_EDGE('',*,*,#6493,.F.);
#4154=ORIENTED_EDGE('',*,*,#6495,.T.);
#4155=ORIENTED_EDGE('',*,*,#6486,.T.);
#4156=ORIENTED_EDGE('',*,*,#5519,.F.);
#4157=ORIENTED_EDGE('',*,*,#5743,.T.);
#4158=ORIENTED_EDGE('',*,*,#6487,.F.);
#4159=ORIENTED_EDGE('',*,*,#6495,.F.);
#4160=ORIENTED_EDGE('',*,*,#6492,.F.);
#4161=ORIENTED_EDGE('',*,*,#6489,.F.);
#4162=ORIENTED_EDGE('',*,*,#5741,.F.);
#4163=ORIENTED_EDGE('',*,*,#5521,.T.);
#4164=ORIENTED_EDGE('',*,*,#6488,.T.);
#4165=ORIENTED_EDGE('',*,*,#6491,.T.);
#4166=ORIENTED_EDGE('',*,*,#6494,.T.);
#4167=ORIENTED_EDGE('',*,*,#6485,.T.);
#4168=ORIENTED_EDGE('',*,*,#5739,.F.);
#4169=ORIENTED_EDGE('',*,*,#6496,.F.);
#4170=ORIENTED_EDGE('',*,*,#6497,.F.);
#4171=ORIENTED_EDGE('',*,*,#6498,.T.);
#4172=ORIENTED_EDGE('',*,*,#6499,.F.);
#4173=ORIENTED_EDGE('',*,*,#5524,.T.);
#4174=ORIENTED_EDGE('',*,*,#6500,.T.);
#4175=ORIENTED_EDGE('',*,*,#6501,.T.);
#4176=ORIENTED_EDGE('',*,*,#6502,.F.);
#4177=ORIENTED_EDGE('',*,*,#6501,.F.);
#4178=ORIENTED_EDGE('',*,*,#6503,.T.);
#4179=ORIENTED_EDGE('',*,*,#6504,.T.);
#4180=ORIENTED_EDGE('',*,*,#6505,.F.);
#4181=ORIENTED_EDGE('',*,*,#6504,.F.);
#4182=ORIENTED_EDGE('',*,*,#6506,.T.);
#4183=ORIENTED_EDGE('',*,*,#6497,.T.);
#4184=ORIENTED_EDGE('',*,*,#5523,.F.);
#4185=ORIENTED_EDGE('',*,*,#5740,.T.);
#4186=ORIENTED_EDGE('',*,*,#6498,.F.);
#4187=ORIENTED_EDGE('',*,*,#6506,.F.);
#4188=ORIENTED_EDGE('',*,*,#6503,.F.);
#4189=ORIENTED_EDGE('',*,*,#6500,.F.);
#4190=ORIENTED_EDGE('',*,*,#5738,.F.);
#4191=ORIENTED_EDGE('',*,*,#5525,.T.);
#4192=ORIENTED_EDGE('',*,*,#6499,.T.);
#4193=ORIENTED_EDGE('',*,*,#6502,.T.);
#4194=ORIENTED_EDGE('',*,*,#6505,.T.);
#4195=ORIENTED_EDGE('',*,*,#6496,.T.);
#4196=ORIENTED_EDGE('',*,*,#5736,.F.);
#4197=ORIENTED_EDGE('',*,*,#6507,.F.);
#4198=ORIENTED_EDGE('',*,*,#6508,.F.);
#4199=ORIENTED_EDGE('',*,*,#6509,.T.);
#4200=ORIENTED_EDGE('',*,*,#6510,.F.);
#4201=ORIENTED_EDGE('',*,*,#5528,.T.);
#4202=ORIENTED_EDGE('',*,*,#6511,.T.);
#4203=ORIENTED_EDGE('',*,*,#6512,.T.);
#4204=ORIENTED_EDGE('',*,*,#6513,.F.);
#4205=ORIENTED_EDGE('',*,*,#6512,.F.);
#4206=ORIENTED_EDGE('',*,*,#6514,.T.);
#4207=ORIENTED_EDGE('',*,*,#6515,.T.);
#4208=ORIENTED_EDGE('',*,*,#6516,.F.);
#4209=ORIENTED_EDGE('',*,*,#6515,.F.);
#4210=ORIENTED_EDGE('',*,*,#6517,.T.);
#4211=ORIENTED_EDGE('',*,*,#6508,.T.);
#4212=ORIENTED_EDGE('',*,*,#5527,.F.);
#4213=ORIENTED_EDGE('',*,*,#5737,.T.);
#4214=ORIENTED_EDGE('',*,*,#6509,.F.);
#4215=ORIENTED_EDGE('',*,*,#6517,.F.);
#4216=ORIENTED_EDGE('',*,*,#6514,.F.);
#4217=ORIENTED_EDGE('',*,*,#6511,.F.);
#4218=ORIENTED_EDGE('',*,*,#5735,.F.);
#4219=ORIENTED_EDGE('',*,*,#5529,.T.);
#4220=ORIENTED_EDGE('',*,*,#6510,.T.);
#4221=ORIENTED_EDGE('',*,*,#6513,.T.);
#4222=ORIENTED_EDGE('',*,*,#6516,.T.);
#4223=ORIENTED_EDGE('',*,*,#6507,.T.);
#4224=ORIENTED_EDGE('',*,*,#5733,.F.);
#4225=ORIENTED_EDGE('',*,*,#6518,.F.);
#4226=ORIENTED_EDGE('',*,*,#6519,.F.);
#4227=ORIENTED_EDGE('',*,*,#6520,.T.);
#4228=ORIENTED_EDGE('',*,*,#6521,.F.);
#4229=ORIENTED_EDGE('',*,*,#5532,.T.);
#4230=ORIENTED_EDGE('',*,*,#6522,.T.);
#4231=ORIENTED_EDGE('',*,*,#6523,.T.);
#4232=ORIENTED_EDGE('',*,*,#6524,.F.);
#4233=ORIENTED_EDGE('',*,*,#6523,.F.);
#4234=ORIENTED_EDGE('',*,*,#6525,.T.);
#4235=ORIENTED_EDGE('',*,*,#6526,.T.);
#4236=ORIENTED_EDGE('',*,*,#6527,.F.);
#4237=ORIENTED_EDGE('',*,*,#6526,.F.);
#4238=ORIENTED_EDGE('',*,*,#6528,.T.);
#4239=ORIENTED_EDGE('',*,*,#6519,.T.);
#4240=ORIENTED_EDGE('',*,*,#5531,.F.);
#4241=ORIENTED_EDGE('',*,*,#5734,.T.);
#4242=ORIENTED_EDGE('',*,*,#6520,.F.);
#4243=ORIENTED_EDGE('',*,*,#6528,.F.);
#4244=ORIENTED_EDGE('',*,*,#6525,.F.);
#4245=ORIENTED_EDGE('',*,*,#6522,.F.);
#4246=ORIENTED_EDGE('',*,*,#5732,.F.);
#4247=ORIENTED_EDGE('',*,*,#5533,.T.);
#4248=ORIENTED_EDGE('',*,*,#6521,.T.);
#4249=ORIENTED_EDGE('',*,*,#6524,.T.);
#4250=ORIENTED_EDGE('',*,*,#6527,.T.);
#4251=ORIENTED_EDGE('',*,*,#6518,.T.);
#4252=ORIENTED_EDGE('',*,*,#5730,.F.);
#4253=ORIENTED_EDGE('',*,*,#6529,.F.);
#4254=ORIENTED_EDGE('',*,*,#6530,.F.);
#4255=ORIENTED_EDGE('',*,*,#6531,.T.);
#4256=ORIENTED_EDGE('',*,*,#6532,.F.);
#4257=ORIENTED_EDGE('',*,*,#5536,.T.);
#4258=ORIENTED_EDGE('',*,*,#6533,.T.);
#4259=ORIENTED_EDGE('',*,*,#6534,.T.);
#4260=ORIENTED_EDGE('',*,*,#6535,.F.);
#4261=ORIENTED_EDGE('',*,*,#6534,.F.);
#4262=ORIENTED_EDGE('',*,*,#6536,.T.);
#4263=ORIENTED_EDGE('',*,*,#6537,.T.);
#4264=ORIENTED_EDGE('',*,*,#6538,.F.);
#4265=ORIENTED_EDGE('',*,*,#6537,.F.);
#4266=ORIENTED_EDGE('',*,*,#6539,.T.);
#4267=ORIENTED_EDGE('',*,*,#6530,.T.);
#4268=ORIENTED_EDGE('',*,*,#5535,.F.);
#4269=ORIENTED_EDGE('',*,*,#5731,.T.);
#4270=ORIENTED_EDGE('',*,*,#6531,.F.);
#4271=ORIENTED_EDGE('',*,*,#6539,.F.);
#4272=ORIENTED_EDGE('',*,*,#6536,.F.);
#4273=ORIENTED_EDGE('',*,*,#6533,.F.);
#4274=ORIENTED_EDGE('',*,*,#5729,.F.);
#4275=ORIENTED_EDGE('',*,*,#5537,.T.);
#4276=ORIENTED_EDGE('',*,*,#6532,.T.);
#4277=ORIENTED_EDGE('',*,*,#6535,.T.);
#4278=ORIENTED_EDGE('',*,*,#6538,.T.);
#4279=ORIENTED_EDGE('',*,*,#6529,.T.);
#4280=ORIENTED_EDGE('',*,*,#5727,.F.);
#4281=ORIENTED_EDGE('',*,*,#6540,.F.);
#4282=ORIENTED_EDGE('',*,*,#6541,.F.);
#4283=ORIENTED_EDGE('',*,*,#6542,.T.);
#4284=ORIENTED_EDGE('',*,*,#6543,.F.);
#4285=ORIENTED_EDGE('',*,*,#5540,.T.);
#4286=ORIENTED_EDGE('',*,*,#6544,.T.);
#4287=ORIENTED_EDGE('',*,*,#6545,.T.);
#4288=ORIENTED_EDGE('',*,*,#6546,.F.);
#4289=ORIENTED_EDGE('',*,*,#6545,.F.);
#4290=ORIENTED_EDGE('',*,*,#6547,.T.);
#4291=ORIENTED_EDGE('',*,*,#6548,.T.);
#4292=ORIENTED_EDGE('',*,*,#6549,.F.);
#4293=ORIENTED_EDGE('',*,*,#6548,.F.);
#4294=ORIENTED_EDGE('',*,*,#6550,.T.);
#4295=ORIENTED_EDGE('',*,*,#6541,.T.);
#4296=ORIENTED_EDGE('',*,*,#5539,.F.);
#4297=ORIENTED_EDGE('',*,*,#5728,.T.);
#4298=ORIENTED_EDGE('',*,*,#6542,.F.);
#4299=ORIENTED_EDGE('',*,*,#6550,.F.);
#4300=ORIENTED_EDGE('',*,*,#6547,.F.);
#4301=ORIENTED_EDGE('',*,*,#6544,.F.);
#4302=ORIENTED_EDGE('',*,*,#5726,.F.);
#4303=ORIENTED_EDGE('',*,*,#5541,.T.);
#4304=ORIENTED_EDGE('',*,*,#6543,.T.);
#4305=ORIENTED_EDGE('',*,*,#6546,.T.);
#4306=ORIENTED_EDGE('',*,*,#6549,.T.);
#4307=ORIENTED_EDGE('',*,*,#6540,.T.);
#4308=ORIENTED_EDGE('',*,*,#5760,.T.);
#4309=ORIENTED_EDGE('',*,*,#6551,.F.);
#4310=ORIENTED_EDGE('',*,*,#6552,.F.);
#4311=ORIENTED_EDGE('',*,*,#6553,.T.);
#4312=ORIENTED_EDGE('',*,*,#6551,.T.);
#4313=ORIENTED_EDGE('',*,*,#5759,.F.);
#4314=ORIENTED_EDGE('',*,*,#5832,.T.);
#4315=ORIENTED_EDGE('',*,*,#6554,.T.);
#4316=ORIENTED_EDGE('',*,*,#6555,.T.);
#4317=ORIENTED_EDGE('',*,*,#6556,.T.);
#4318=ORIENTED_EDGE('',*,*,#5761,.T.);
#4319=ORIENTED_EDGE('',*,*,#6553,.F.);
#4320=ORIENTED_EDGE('',*,*,#6557,.F.);
#4321=ORIENTED_EDGE('',*,*,#6558,.F.);
#4322=ORIENTED_EDGE('',*,*,#6559,.F.);
#4323=ORIENTED_EDGE('',*,*,#5830,.F.);
#4324=ORIENTED_EDGE('',*,*,#6557,.T.);
#4325=ORIENTED_EDGE('',*,*,#6552,.T.);
#4326=ORIENTED_EDGE('',*,*,#6556,.F.);
#4327=ORIENTED_EDGE('',*,*,#6560,.F.);
#4328=ORIENTED_EDGE('',*,*,#6558,.T.);
#4329=ORIENTED_EDGE('',*,*,#6560,.T.);
#4330=ORIENTED_EDGE('',*,*,#6555,.F.);
#4331=ORIENTED_EDGE('',*,*,#6561,.F.);
#4332=ORIENTED_EDGE('',*,*,#6554,.F.);
#4333=ORIENTED_EDGE('',*,*,#5831,.T.);
#4334=ORIENTED_EDGE('',*,*,#6559,.T.);
#4335=ORIENTED_EDGE('',*,*,#6561,.T.);
#4336=ORIENTED_EDGE('',*,*,#5751,.T.);
#4337=ORIENTED_EDGE('',*,*,#6562,.T.);
#4338=ORIENTED_EDGE('',*,*,#6563,.T.);
#4339=ORIENTED_EDGE('',*,*,#6564,.F.);
#4340=ORIENTED_EDGE('',*,*,#5507,.T.);
#4341=ORIENTED_EDGE('',*,*,#5752,.F.);
#4342=ORIENTED_EDGE('',*,*,#6564,.T.);
#4343=ORIENTED_EDGE('',*,*,#6565,.T.);
#4344=ORIENTED_EDGE('',*,*,#6566,.T.);
#4345=ORIENTED_EDGE('',*,*,#6567,.T.);
#4346=ORIENTED_EDGE('',*,*,#5750,.T.);
#4347=ORIENTED_EDGE('',*,*,#5509,.F.);
#4348=ORIENTED_EDGE('',*,*,#6568,.F.);
#4349=ORIENTED_EDGE('',*,*,#6569,.F.);
#4350=ORIENTED_EDGE('',*,*,#6570,.F.);
#4351=ORIENTED_EDGE('',*,*,#6562,.F.);
#4352=ORIENTED_EDGE('',*,*,#6568,.T.);
#4353=ORIENTED_EDGE('',*,*,#5508,.F.);
#4354=ORIENTED_EDGE('',*,*,#6567,.F.);
#4355=ORIENTED_EDGE('',*,*,#6571,.F.);
#4356=ORIENTED_EDGE('',*,*,#6569,.T.);
#4357=ORIENTED_EDGE('',*,*,#6571,.T.);
#4358=ORIENTED_EDGE('',*,*,#6566,.F.);
#4359=ORIENTED_EDGE('',*,*,#6572,.F.);
#4360=ORIENTED_EDGE('',*,*,#6570,.T.);
#4361=ORIENTED_EDGE('',*,*,#6572,.T.);
#4362=ORIENTED_EDGE('',*,*,#6565,.F.);
#4363=ORIENTED_EDGE('',*,*,#6563,.F.);
#4364=ORIENTED_EDGE('',*,*,#6573,.T.);
#4365=ORIENTED_EDGE('',*,*,#5796,.F.);
#4366=ORIENTED_EDGE('',*,*,#6574,.F.);
#4367=ORIENTED_EDGE('',*,*,#6575,.T.);
#4368=ORIENTED_EDGE('',*,*,#5797,.T.);
#4369=ORIENTED_EDGE('',*,*,#6573,.F.);
#4370=ORIENTED_EDGE('',*,*,#6576,.F.);
#4371=ORIENTED_EDGE('',*,*,#6577,.F.);
#4372=ORIENTED_EDGE('',*,*,#6578,.F.);
#4373=ORIENTED_EDGE('',*,*,#5803,.F.);
#4374=ORIENTED_EDGE('',*,*,#6574,.T.);
#4375=ORIENTED_EDGE('',*,*,#5795,.F.);
#4376=ORIENTED_EDGE('',*,*,#5805,.T.);
#4377=ORIENTED_EDGE('',*,*,#6579,.T.);
#4378=ORIENTED_EDGE('',*,*,#6580,.T.);
#4379=ORIENTED_EDGE('',*,*,#6581,.T.);
#4380=ORIENTED_EDGE('',*,*,#6581,.F.);
#4381=ORIENTED_EDGE('',*,*,#6582,.T.);
#4382=ORIENTED_EDGE('',*,*,#6576,.T.);
#4383=ORIENTED_EDGE('',*,*,#6575,.F.);
#4384=ORIENTED_EDGE('',*,*,#6580,.F.);
#4385=ORIENTED_EDGE('',*,*,#6583,.T.);
#4386=ORIENTED_EDGE('',*,*,#6577,.T.);
#4387=ORIENTED_EDGE('',*,*,#6582,.F.);
#4388=ORIENTED_EDGE('',*,*,#5804,.T.);
#4389=ORIENTED_EDGE('',*,*,#6578,.T.);
#4390=ORIENTED_EDGE('',*,*,#6583,.F.);
#4391=ORIENTED_EDGE('',*,*,#6579,.F.);
#4392=ORIENTED_EDGE('',*,*,#6584,.F.);
#4393=ORIENTED_EDGE('',*,*,#5724,.F.);
#4394=ORIENTED_EDGE('',*,*,#6585,.T.);
#4395=ORIENTED_EDGE('',*,*,#6586,.F.);
#4396=ORIENTED_EDGE('',*,*,#5723,.T.);
#4397=ORIENTED_EDGE('',*,*,#5545,.F.);
#4398=ORIENTED_EDGE('',*,*,#6587,.F.);
#4399=ORIENTED_EDGE('',*,*,#6588,.F.);
#4400=ORIENTED_EDGE('',*,*,#6589,.F.);
#4401=ORIENTED_EDGE('',*,*,#6585,.F.);
#4402=ORIENTED_EDGE('',*,*,#5543,.T.);
#4403=ORIENTED_EDGE('',*,*,#5725,.F.);
#4404=ORIENTED_EDGE('',*,*,#6584,.T.);
#4405=ORIENTED_EDGE('',*,*,#6590,.T.);
#4406=ORIENTED_EDGE('',*,*,#6591,.T.);
#4407=ORIENTED_EDGE('',*,*,#6592,.T.);
#4408=ORIENTED_EDGE('',*,*,#5544,.T.);
#4409=ORIENTED_EDGE('',*,*,#6592,.F.);
#4410=ORIENTED_EDGE('',*,*,#6593,.T.);
#4411=ORIENTED_EDGE('',*,*,#6587,.T.);
#4412=ORIENTED_EDGE('',*,*,#6591,.F.);
#4413=ORIENTED_EDGE('',*,*,#6594,.T.);
#4414=ORIENTED_EDGE('',*,*,#6588,.T.);
#4415=ORIENTED_EDGE('',*,*,#6593,.F.);
#4416=ORIENTED_EDGE('',*,*,#6590,.F.);
#4417=ORIENTED_EDGE('',*,*,#6586,.T.);
#4418=ORIENTED_EDGE('',*,*,#6589,.T.);
#4419=ORIENTED_EDGE('',*,*,#6594,.F.);
#4420=VERTEX_POINT('',#11763);
#4421=VERTEX_POINT('',#11764);
#4422=VERTEX_POINT('',#11766);
#4423=VERTEX_POINT('',#11768);
#4424=VERTEX_POINT('',#11770);
#4425=VERTEX_POINT('',#11772);
#4426=VERTEX_POINT('',#11774);
#4427=VERTEX_POINT('',#11776);
#4428=VERTEX_POINT('',#11779);
#4429=VERTEX_POINT('',#11780);
#4430=VERTEX_POINT('',#11782);
#4431=VERTEX_POINT('',#11784);
#4432=VERTEX_POINT('',#11786);
#4433=VERTEX_POINT('',#11788);
#4434=VERTEX_POINT('',#11790);
#4435=VERTEX_POINT('',#11792);
#4436=VERTEX_POINT('',#11794);
#4437=VERTEX_POINT('',#11796);
#4438=VERTEX_POINT('',#11798);
#4439=VERTEX_POINT('',#11800);
#4440=VERTEX_POINT('',#11802);
#4441=VERTEX_POINT('',#11804);
#4442=VERTEX_POINT('',#11806);
#4443=VERTEX_POINT('',#11808);
#4444=VERTEX_POINT('',#11810);
#4445=VERTEX_POINT('',#11812);
#4446=VERTEX_POINT('',#11814);
#4447=VERTEX_POINT('',#11816);
#4448=VERTEX_POINT('',#11818);
#4449=VERTEX_POINT('',#11820);
#4450=VERTEX_POINT('',#11822);
#4451=VERTEX_POINT('',#11824);
#4452=VERTEX_POINT('',#11826);
#4453=VERTEX_POINT('',#11828);
#4454=VERTEX_POINT('',#11830);
#4455=VERTEX_POINT('',#11832);
#4456=VERTEX_POINT('',#11834);
#4457=VERTEX_POINT('',#11836);
#4458=VERTEX_POINT('',#11838);
#4459=VERTEX_POINT('',#11840);
#4460=VERTEX_POINT('',#11842);
#4461=VERTEX_POINT('',#11844);
#4462=VERTEX_POINT('',#11846);
#4463=VERTEX_POINT('',#11848);
#4464=VERTEX_POINT('',#11850);
#4465=VERTEX_POINT('',#11852);
#4466=VERTEX_POINT('',#11854);
#4467=VERTEX_POINT('',#11856);
#4468=VERTEX_POINT('',#11858);
#4469=VERTEX_POINT('',#11860);
#4470=VERTEX_POINT('',#11862);
#4471=VERTEX_POINT('',#11864);
#4472=VERTEX_POINT('',#11866);
#4473=VERTEX_POINT('',#11868);
#4474=VERTEX_POINT('',#11870);
#4475=VERTEX_POINT('',#11872);
#4476=VERTEX_POINT('',#11874);
#4477=VERTEX_POINT('',#11876);
#4478=VERTEX_POINT('',#11880);
#4479=VERTEX_POINT('',#11881);
#4480=VERTEX_POINT('',#11883);
#4481=VERTEX_POINT('',#11885);
#4482=VERTEX_POINT('',#11887);
#4483=VERTEX_POINT('',#11889);
#4484=VERTEX_POINT('',#11892);
#4485=VERTEX_POINT('',#11894);
#4486=VERTEX_POINT('',#11896);
#4487=VERTEX_POINT('',#11898);
#4488=VERTEX_POINT('',#11900);
#4489=VERTEX_POINT('',#11902);
#4490=VERTEX_POINT('',#11904);
#4491=VERTEX_POINT('',#11906);
#4492=VERTEX_POINT('',#11908);
#4493=VERTEX_POINT('',#11910);
#4494=VERTEX_POINT('',#11912);
#4495=VERTEX_POINT('',#11914);
#4496=VERTEX_POINT('',#11916);
#4497=VERTEX_POINT('',#11918);
#4498=VERTEX_POINT('',#11920);
#4499=VERTEX_POINT('',#11922);
#4500=VERTEX_POINT('',#11924);
#4501=VERTEX_POINT('',#11926);
#4502=VERTEX_POINT('',#11928);
#4503=VERTEX_POINT('',#11930);
#4504=VERTEX_POINT('',#11932);
#4505=VERTEX_POINT('',#11934);
#4506=VERTEX_POINT('',#11936);
#4507=VERTEX_POINT('',#11938);
#4508=VERTEX_POINT('',#11940);
#4509=VERTEX_POINT('',#11942);
#4510=VERTEX_POINT('',#11944);
#4511=VERTEX_POINT('',#11946);
#4512=VERTEX_POINT('',#11948);
#4513=VERTEX_POINT('',#11950);
#4514=VERTEX_POINT('',#11952);
#4515=VERTEX_POINT('',#11954);
#4516=VERTEX_POINT('',#11956);
#4517=VERTEX_POINT('',#11958);
#4518=VERTEX_POINT('',#11960);
#4519=VERTEX_POINT('',#11962);
#4520=VERTEX_POINT('',#11964);
#4521=VERTEX_POINT('',#11966);
#4522=VERTEX_POINT('',#11968);
#4523=VERTEX_POINT('',#11970);
#4524=VERTEX_POINT('',#11972);
#4525=VERTEX_POINT('',#11974);
#4526=VERTEX_POINT('',#11976);
#4527=VERTEX_POINT('',#11978);
#4528=VERTEX_POINT('',#11980);
#4529=VERTEX_POINT('',#11982);
#4530=VERTEX_POINT('',#11984);
#4531=VERTEX_POINT('',#11986);
#4532=VERTEX_POINT('',#11988);
#4533=VERTEX_POINT('',#11990);
#4534=VERTEX_POINT('',#11992);
#4535=VERTEX_POINT('',#11994);
#4536=VERTEX_POINT('',#11996);
#4537=VERTEX_POINT('',#11998);
#4538=VERTEX_POINT('',#12000);
#4539=VERTEX_POINT('',#12002);
#4540=VERTEX_POINT('',#12004);
#4541=VERTEX_POINT('',#12006);
#4542=VERTEX_POINT('',#12008);
#4543=VERTEX_POINT('',#12010);
#4544=VERTEX_POINT('',#12012);
#4545=VERTEX_POINT('',#12014);
#4546=VERTEX_POINT('',#12018);
#4547=VERTEX_POINT('',#12019);
#4548=VERTEX_POINT('',#12021);
#4549=VERTEX_POINT('',#12023);
#4550=VERTEX_POINT('',#12027);
#4551=VERTEX_POINT('',#12028);
#4552=VERTEX_POINT('',#12030);
#4553=VERTEX_POINT('',#12032);
#4554=VERTEX_POINT('',#12036);
#4555=VERTEX_POINT('',#12039);
#4556=VERTEX_POINT('',#12041);
#4557=VERTEX_POINT('',#12045);
#4558=VERTEX_POINT('',#12048);
#4559=VERTEX_POINT('',#12050);
#4560=VERTEX_POINT('',#12054);
#4561=VERTEX_POINT('',#12055);
#4562=VERTEX_POINT('',#12057);
#4563=VERTEX_POINT('',#12059);
#4564=VERTEX_POINT('',#12063);
#4565=VERTEX_POINT('',#12064);
#4566=VERTEX_POINT('',#12066);
#4567=VERTEX_POINT('',#12068);
#4568=VERTEX_POINT('',#12072);
#4569=VERTEX_POINT('',#12074);
#4570=VERTEX_POINT('',#12076);
#4571=VERTEX_POINT('',#12078);
#4572=VERTEX_POINT('',#12080);
#4573=VERTEX_POINT('',#12084);
#4574=VERTEX_POINT('',#12085);
#4575=VERTEX_POINT('',#12088);
#4576=VERTEX_POINT('',#12090);
#4577=VERTEX_POINT('',#12092);
#4578=VERTEX_POINT('',#12096);
#4579=VERTEX_POINT('',#12097);
#4580=VERTEX_POINT('',#12099);
#4581=VERTEX_POINT('',#12101);
#4582=VERTEX_POINT('',#12107);
#4583=VERTEX_POINT('',#12109);
#4584=VERTEX_POINT('',#12111);
#4585=VERTEX_POINT('',#12113);
#4586=VERTEX_POINT('',#12117);
#4587=VERTEX_POINT('',#12118);
#4588=VERTEX_POINT('',#12120);
#4589=VERTEX_POINT('',#12122);
#4590=VERTEX_POINT('',#12124);
#4591=VERTEX_POINT('',#12126);
#4592=VERTEX_POINT('',#12128);
#4593=VERTEX_POINT('',#12131);
#4594=VERTEX_POINT('',#12138);
#4595=VERTEX_POINT('',#12140);
#4596=VERTEX_POINT('',#12142);
#4597=VERTEX_POINT('',#12144);
#4598=VERTEX_POINT('',#12148);
#4599=VERTEX_POINT('',#12149);
#4600=VERTEX_POINT('',#12154);
#4601=VERTEX_POINT('',#12155);
#4602=VERTEX_POINT('',#12157);
#4603=VERTEX_POINT('',#12159);
#4604=VERTEX_POINT('',#12163);
#4605=VERTEX_POINT('',#12166);
#4606=VERTEX_POINT('',#12168);
#4607=VERTEX_POINT('',#12171);
#4608=VERTEX_POINT('',#12175);
#4609=VERTEX_POINT('',#12177);
#4610=VERTEX_POINT('',#12181);
#4611=VERTEX_POINT('',#12183);
#4612=VERTEX_POINT('',#12185);
#4613=VERTEX_POINT('',#12187);
#4614=VERTEX_POINT('',#12189);
#4615=VERTEX_POINT('',#12193);
#4616=VERTEX_POINT('',#12195);
#4617=VERTEX_POINT('',#12197);
#4618=VERTEX_POINT('',#12199);
#4619=VERTEX_POINT('',#12201);
#4620=VERTEX_POINT('',#12203);
#4621=VERTEX_POINT('',#12205);
#4622=VERTEX_POINT('',#12207);
#4623=VERTEX_POINT('',#12209);
#4624=VERTEX_POINT('',#12211);
#4625=VERTEX_POINT('',#12213);
#4626=VERTEX_POINT('',#12215);
#4627=VERTEX_POINT('',#12217);
#4628=VERTEX_POINT('',#12219);
#4629=VERTEX_POINT('',#12221);
#4630=VERTEX_POINT('',#12223);
#4631=VERTEX_POINT('',#12225);
#4632=VERTEX_POINT('',#12227);
#4633=VERTEX_POINT('',#12229);
#4634=VERTEX_POINT('',#12231);
#4635=VERTEX_POINT('',#12233);
#4636=VERTEX_POINT('',#12235);
#4637=VERTEX_POINT('',#12237);
#4638=VERTEX_POINT('',#12239);
#4639=VERTEX_POINT('',#12241);
#4640=VERTEX_POINT('',#12243);
#4641=VERTEX_POINT('',#12245);
#4642=VERTEX_POINT('',#12247);
#4643=VERTEX_POINT('',#12249);
#4644=VERTEX_POINT('',#12251);
#4645=VERTEX_POINT('',#12253);
#4646=VERTEX_POINT('',#12255);
#4647=VERTEX_POINT('',#12257);
#4648=VERTEX_POINT('',#12259);
#4649=VERTEX_POINT('',#12261);
#4650=VERTEX_POINT('',#12263);
#4651=VERTEX_POINT('',#12265);
#4652=VERTEX_POINT('',#12267);
#4653=VERTEX_POINT('',#12269);
#4654=VERTEX_POINT('',#12271);
#4655=VERTEX_POINT('',#12273);
#4656=VERTEX_POINT('',#12275);
#4657=VERTEX_POINT('',#12277);
#4658=VERTEX_POINT('',#12279);
#4659=VERTEX_POINT('',#12281);
#4660=VERTEX_POINT('',#12283);
#4661=VERTEX_POINT('',#12285);
#4662=VERTEX_POINT('',#12287);
#4663=VERTEX_POINT('',#12289);
#4664=VERTEX_POINT('',#12291);
#4665=VERTEX_POINT('',#12293);
#4666=VERTEX_POINT('',#12295);
#4667=VERTEX_POINT('',#12297);
#4668=VERTEX_POINT('',#12299);
#4669=VERTEX_POINT('',#12304);
#4670=VERTEX_POINT('',#12308);
#4671=VERTEX_POINT('',#12312);
#4672=VERTEX_POINT('',#12338);
#4673=VERTEX_POINT('',#12342);
#4674=VERTEX_POINT('',#12346);
#4675=VERTEX_POINT('',#12350);
#4676=VERTEX_POINT('',#12354);
#4677=VERTEX_POINT('',#12356);
#4678=VERTEX_POINT('',#12358);
#4679=VERTEX_POINT('',#12362);
#4680=VERTEX_POINT('',#12369);
#4681=VERTEX_POINT('',#12371);
#4682=VERTEX_POINT('',#12375);
#4683=VERTEX_POINT('',#12377);
#4684=VERTEX_POINT('',#12381);
#4685=VERTEX_POINT('',#12383);
#4686=VERTEX_POINT('',#12395);
#4687=VERTEX_POINT('',#12397);
#4688=VERTEX_POINT('',#12399);
#4689=VERTEX_POINT('',#12401);
#4690=VERTEX_POINT('',#12405);
#4691=VERTEX_POINT('',#12407);
#4692=VERTEX_POINT('',#12412);
#4693=VERTEX_POINT('',#12431);
#4694=VERTEX_POINT('',#12433);
#4695=VERTEX_POINT('',#12437);
#4696=VERTEX_POINT('',#12439);
#4697=VERTEX_POINT('',#12454);
#4698=VERTEX_POINT('',#12455);
#4699=VERTEX_POINT('',#12458);
#4700=VERTEX_POINT('',#12460);
#4701=VERTEX_POINT('',#12464);
#4702=VERTEX_POINT('',#12465);
#4703=VERTEX_POINT('',#12471);
#4704=VERTEX_POINT('',#12480);
#4705=VERTEX_POINT('',#12482);
#4706=VERTEX_POINT('',#12486);
#4707=VERTEX_POINT('',#12488);
#4708=VERTEX_POINT('',#12492);
#4709=VERTEX_POINT('',#12494);
#4710=VERTEX_POINT('',#12498);
#4711=VERTEX_POINT('',#12500);
#4712=VERTEX_POINT('',#12504);
#4713=VERTEX_POINT('',#12506);
#4714=VERTEX_POINT('',#12510);
#4715=VERTEX_POINT('',#12512);
#4716=VERTEX_POINT('',#12516);
#4717=VERTEX_POINT('',#12518);
#4718=VERTEX_POINT('',#12522);
#4719=VERTEX_POINT('',#12524);
#4720=VERTEX_POINT('',#12528);
#4721=VERTEX_POINT('',#12530);
#4722=VERTEX_POINT('',#12534);
#4723=VERTEX_POINT('',#12536);
#4724=VERTEX_POINT('',#12540);
#4725=VERTEX_POINT('',#12542);
#4726=VERTEX_POINT('',#12546);
#4727=VERTEX_POINT('',#12548);
#4728=VERTEX_POINT('',#12552);
#4729=VERTEX_POINT('',#12554);
#4730=VERTEX_POINT('',#12558);
#4731=VERTEX_POINT('',#12560);
#4732=VERTEX_POINT('',#12564);
#4733=VERTEX_POINT('',#12566);
#4734=VERTEX_POINT('',#12570);
#4735=VERTEX_POINT('',#12572);
#4736=VERTEX_POINT('',#12576);
#4737=VERTEX_POINT('',#12578);
#4738=VERTEX_POINT('',#12582);
#4739=VERTEX_POINT('',#12584);
#4740=VERTEX_POINT('',#12588);
#4741=VERTEX_POINT('',#12590);
#4742=VERTEX_POINT('',#12593);
#4743=VERTEX_POINT('',#12595);
#4744=VERTEX_POINT('',#12599);
#4745=VERTEX_POINT('',#12601);
#4746=VERTEX_POINT('',#12605);
#4747=VERTEX_POINT('',#12607);
#4748=VERTEX_POINT('',#12609);
#4749=VERTEX_POINT('',#12611);
#4750=VERTEX_POINT('',#12613);
#4751=VERTEX_POINT('',#12615);
#4752=VERTEX_POINT('',#12619);
#4753=VERTEX_POINT('',#12621);
#4754=VERTEX_POINT('',#12625);
#4755=VERTEX_POINT('',#12627);
#4756=VERTEX_POINT('',#12630);
#4757=VERTEX_POINT('',#12632);
#4758=VERTEX_POINT('',#12635);
#4759=VERTEX_POINT('',#12637);
#4760=VERTEX_POINT('',#12640);
#4761=VERTEX_POINT('',#12642);
#4762=VERTEX_POINT('',#12645);
#4763=VERTEX_POINT('',#12647);
#4764=VERTEX_POINT('',#12650);
#4765=VERTEX_POINT('',#12652);
#4766=VERTEX_POINT('',#12655);
#4767=VERTEX_POINT('',#12657);
#4768=VERTEX_POINT('',#12660);
#4769=VERTEX_POINT('',#12662);
#4770=VERTEX_POINT('',#12665);
#4771=VERTEX_POINT('',#12667);
#4772=VERTEX_POINT('',#12670);
#4773=VERTEX_POINT('',#12672);
#4774=VERTEX_POINT('',#12675);
#4775=VERTEX_POINT('',#12677);
#4776=VERTEX_POINT('',#12679);
#4777=VERTEX_POINT('',#12681);
#4778=VERTEX_POINT('',#12683);
#4779=VERTEX_POINT('',#12685);
#4780=VERTEX_POINT('',#12687);
#4781=VERTEX_POINT('',#12689);
#4782=VERTEX_POINT('',#12691);
#4783=VERTEX_POINT('',#12693);
#4784=VERTEX_POINT('',#12695);
#4785=VERTEX_POINT('',#12697);
#4786=VERTEX_POINT('',#12699);
#4787=VERTEX_POINT('',#12701);
#4788=VERTEX_POINT('',#12703);
#4789=VERTEX_POINT('',#12705);
#4790=VERTEX_POINT('',#12707);
#4791=VERTEX_POINT('',#12709);
#4792=VERTEX_POINT('',#12711);
#4793=VERTEX_POINT('',#12713);
#4794=VERTEX_POINT('',#12715);
#4795=VERTEX_POINT('',#12717);
#4796=VERTEX_POINT('',#12719);
#4797=VERTEX_POINT('',#12721);
#4798=VERTEX_POINT('',#12723);
#4799=VERTEX_POINT('',#12725);
#4800=VERTEX_POINT('',#12727);
#4801=VERTEX_POINT('',#12729);
#4802=VERTEX_POINT('',#12731);
#4803=VERTEX_POINT('',#12733);
#4804=VERTEX_POINT('',#12735);
#4805=VERTEX_POINT('',#12737);
#4806=VERTEX_POINT('',#12739);
#4807=VERTEX_POINT('',#12741);
#4808=VERTEX_POINT('',#12743);
#4809=VERTEX_POINT('',#12745);
#4810=VERTEX_POINT('',#12747);
#4811=VERTEX_POINT('',#12749);
#4812=VERTEX_POINT('',#12751);
#4813=VERTEX_POINT('',#12753);
#4814=VERTEX_POINT('',#12755);
#4815=VERTEX_POINT('',#12757);
#4816=VERTEX_POINT('',#12759);
#4817=VERTEX_POINT('',#12761);
#4818=VERTEX_POINT('',#12763);
#4819=VERTEX_POINT('',#12765);
#4820=VERTEX_POINT('',#12767);
#4821=VERTEX_POINT('',#12770);
#4822=VERTEX_POINT('',#12774);
#4823=VERTEX_POINT('',#12776);
#4824=VERTEX_POINT('',#12779);
#4825=VERTEX_POINT('',#12781);
#4826=VERTEX_POINT('',#12784);
#4827=VERTEX_POINT('',#12786);
#4828=VERTEX_POINT('',#12789);
#4829=VERTEX_POINT('',#12791);
#4830=VERTEX_POINT('',#12794);
#4831=VERTEX_POINT('',#12796);
#4832=VERTEX_POINT('',#12799);
#4833=VERTEX_POINT('',#12801);
#4834=VERTEX_POINT('',#12804);
#4835=VERTEX_POINT('',#12806);
#4836=VERTEX_POINT('',#12809);
#4837=VERTEX_POINT('',#12811);
#4838=VERTEX_POINT('',#12814);
#4839=VERTEX_POINT('',#12816);
#4840=VERTEX_POINT('',#12819);
#4841=VERTEX_POINT('',#12821);
#4842=VERTEX_POINT('',#12824);
#4843=VERTEX_POINT('',#12826);
#4844=VERTEX_POINT('',#12828);
#4845=VERTEX_POINT('',#12830);
#4846=VERTEX_POINT('',#12833);
#4847=VERTEX_POINT('',#12835);
#4848=VERTEX_POINT('',#12837);
#4849=VERTEX_POINT('',#12839);
#4850=VERTEX_POINT('',#12843);
#4851=VERTEX_POINT('',#12844);
#4852=VERTEX_POINT('',#12847);
#4853=VERTEX_POINT('',#12849);
#4854=VERTEX_POINT('',#12851);
#4855=VERTEX_POINT('',#12854);
#4856=VERTEX_POINT('',#12857);
#4857=VERTEX_POINT('',#12859);
#4858=VERTEX_POINT('',#12861);
#4859=VERTEX_POINT('',#12863);
#4860=VERTEX_POINT('',#12867);
#4861=VERTEX_POINT('',#12868);
#4862=VERTEX_POINT('',#12870);
#4863=VERTEX_POINT('',#12872);
#4864=VERTEX_POINT('',#12875);
#4865=VERTEX_POINT('',#12877);
#4866=VERTEX_POINT('',#12881);
#4867=VERTEX_POINT('',#12882);
#4868=VERTEX_POINT('',#12885);
#4869=VERTEX_POINT('',#12888);
#4870=VERTEX_POINT('',#12892);
#4871=VERTEX_POINT('',#12894);
#4872=VERTEX_POINT('',#12899);
#4873=VERTEX_POINT('',#12901);
#4874=VERTEX_POINT('',#12905);
#4875=VERTEX_POINT('',#12908);
#4876=VERTEX_POINT('',#12917);
#4877=VERTEX_POINT('',#12920);
#4878=VERTEX_POINT('',#12924);
#4879=VERTEX_POINT('',#12925);
#4880=VERTEX_POINT('',#12933);
#4881=VERTEX_POINT('',#12938);
#4882=VERTEX_POINT('',#12941);
#4883=VERTEX_POINT('',#12943);
#4884=VERTEX_POINT('',#12945);
#4885=VERTEX_POINT('',#12954);
#4886=VERTEX_POINT('',#12958);
#4887=VERTEX_POINT('',#12959);
#4888=VERTEX_POINT('',#12962);
#4889=VERTEX_POINT('',#12966);
#4890=VERTEX_POINT('',#12972);
#4891=VERTEX_POINT('',#12973);
#4892=VERTEX_POINT('',#12975);
#4893=VERTEX_POINT('',#12977);
#4894=VERTEX_POINT('',#12979);
#4895=VERTEX_POINT('',#12981);
#4896=VERTEX_POINT('',#12983);
#4897=VERTEX_POINT('',#12985);
#4898=VERTEX_POINT('',#12987);
#4899=VERTEX_POINT('',#12989);
#4900=VERTEX_POINT('',#12991);
#4901=VERTEX_POINT('',#12993);
#4902=VERTEX_POINT('',#12995);
#4903=VERTEX_POINT('',#12997);
#4904=VERTEX_POINT('',#12999);
#4905=VERTEX_POINT('',#13001);
#4906=VERTEX_POINT('',#13003);
#4907=VERTEX_POINT('',#13005);
#4908=VERTEX_POINT('',#13007);
#4909=VERTEX_POINT('',#13009);
#4910=VERTEX_POINT('',#13011);
#4911=VERTEX_POINT('',#13013);
#4912=VERTEX_POINT('',#13015);
#4913=VERTEX_POINT('',#13017);
#4914=VERTEX_POINT('',#13019);
#4915=VERTEX_POINT('',#13021);
#4916=VERTEX_POINT('',#13023);
#4917=VERTEX_POINT('',#13025);
#4918=VERTEX_POINT('',#13027);
#4919=VERTEX_POINT('',#13029);
#4920=VERTEX_POINT('',#13031);
#4921=VERTEX_POINT('',#13033);
#4922=VERTEX_POINT('',#13035);
#4923=VERTEX_POINT('',#13037);
#4924=VERTEX_POINT('',#13039);
#4925=VERTEX_POINT('',#13041);
#4926=VERTEX_POINT('',#13043);
#4927=VERTEX_POINT('',#13045);
#4928=VERTEX_POINT('',#13047);
#4929=VERTEX_POINT('',#13049);
#4930=VERTEX_POINT('',#13051);
#4931=VERTEX_POINT('',#13053);
#4932=VERTEX_POINT('',#13055);
#4933=VERTEX_POINT('',#13057);
#4934=VERTEX_POINT('',#13059);
#4935=VERTEX_POINT('',#13061);
#4936=VERTEX_POINT('',#13063);
#4937=VERTEX_POINT('',#13065);
#4938=VERTEX_POINT('',#13067);
#4939=VERTEX_POINT('',#13069);
#4940=VERTEX_POINT('',#13071);
#4941=VERTEX_POINT('',#13073);
#4942=VERTEX_POINT('',#13075);
#4943=VERTEX_POINT('',#13077);
#4944=VERTEX_POINT('',#13079);
#4945=VERTEX_POINT('',#13081);
#4946=VERTEX_POINT('',#13083);
#4947=VERTEX_POINT('',#13085);
#4948=VERTEX_POINT('',#13087);
#4949=VERTEX_POINT('',#13089);
#4950=VERTEX_POINT('',#13091);
#4951=VERTEX_POINT('',#13093);
#4952=VERTEX_POINT('',#13095);
#4953=VERTEX_POINT('',#13097);
#4954=VERTEX_POINT('',#13100);
#4955=VERTEX_POINT('',#13102);
#4956=VERTEX_POINT('',#13107);
#4957=VERTEX_POINT('',#13109);
#4958=VERTEX_POINT('',#13112);
#4959=VERTEX_POINT('',#13114);
#4960=VERTEX_POINT('',#13117);
#4961=VERTEX_POINT('',#13119);
#4962=VERTEX_POINT('',#13122);
#4963=VERTEX_POINT('',#13124);
#4964=VERTEX_POINT('',#13127);
#4965=VERTEX_POINT('',#13129);
#4966=VERTEX_POINT('',#13132);
#4967=VERTEX_POINT('',#13134);
#4968=VERTEX_POINT('',#13137);
#4969=VERTEX_POINT('',#13139);
#4970=VERTEX_POINT('',#13142);
#4971=VERTEX_POINT('',#13144);
#4972=VERTEX_POINT('',#13147);
#4973=VERTEX_POINT('',#13149);
#4974=VERTEX_POINT('',#13152);
#4975=VERTEX_POINT('',#13154);
#4976=VERTEX_POINT('',#13157);
#4977=VERTEX_POINT('',#13159);
#4978=VERTEX_POINT('',#13162);
#4979=VERTEX_POINT('',#13164);
#4980=VERTEX_POINT('',#13167);
#4981=VERTEX_POINT('',#13169);
#4982=VERTEX_POINT('',#13172);
#4983=VERTEX_POINT('',#13174);
#4984=VERTEX_POINT('',#13177);
#4985=VERTEX_POINT('',#13179);
#4986=VERTEX_POINT('',#13182);
#4987=VERTEX_POINT('',#13184);
#4988=VERTEX_POINT('',#13187);
#4989=VERTEX_POINT('',#13190);
#4990=VERTEX_POINT('',#13192);
#4991=VERTEX_POINT('',#13195);
#4992=VERTEX_POINT('',#13197);
#4993=VERTEX_POINT('',#13200);
#4994=VERTEX_POINT('',#13202);
#4995=VERTEX_POINT('',#13205);
#4996=VERTEX_POINT('',#13207);
#4997=VERTEX_POINT('',#13210);
#4998=VERTEX_POINT('',#13212);
#4999=VERTEX_POINT('',#13215);
#5000=VERTEX_POINT('',#13217);
#5001=VERTEX_POINT('',#13220);
#5002=VERTEX_POINT('',#13222);
#5003=VERTEX_POINT('',#13225);
#5004=VERTEX_POINT('',#13227);
#5005=VERTEX_POINT('',#13230);
#5006=VERTEX_POINT('',#13232);
#5007=VERTEX_POINT('',#13235);
#5008=VERTEX_POINT('',#13237);
#5009=VERTEX_POINT('',#13240);
#5010=VERTEX_POINT('',#13242);
#5011=VERTEX_POINT('',#13245);
#5012=VERTEX_POINT('',#13247);
#5013=VERTEX_POINT('',#13250);
#5014=VERTEX_POINT('',#13252);
#5015=VERTEX_POINT('',#13255);
#5016=VERTEX_POINT('',#13257);
#5017=VERTEX_POINT('',#13260);
#5018=VERTEX_POINT('',#13262);
#5019=VERTEX_POINT('',#13265);
#5020=VERTEX_POINT('',#13269);
#5021=VERTEX_POINT('',#13272);
#5022=VERTEX_POINT('',#13275);
#5023=VERTEX_POINT('',#13279);
#5024=VERTEX_POINT('',#13281);
#5025=VERTEX_POINT('',#13284);
#5026=VERTEX_POINT('',#13290);
#5027=VERTEX_POINT('',#13297);
#5028=VERTEX_POINT('',#13320);
#5029=VERTEX_POINT('',#13322);
#5030=VERTEX_POINT('',#13331);
#5031=VERTEX_POINT('',#13337);
#5032=VERTEX_POINT('',#13343);
#5033=VERTEX_POINT('',#13345);
#5034=VERTEX_POINT('',#13347);
#5035=VERTEX_POINT('',#13350);
#5036=VERTEX_POINT('',#13352);
#5037=VERTEX_POINT('',#13355);
#5038=VERTEX_POINT('',#13357);
#5039=VERTEX_POINT('',#13360);
#5040=VERTEX_POINT('',#13362);
#5041=VERTEX_POINT('',#13365);
#5042=VERTEX_POINT('',#13367);
#5043=VERTEX_POINT('',#13370);
#5044=VERTEX_POINT('',#13372);
#5045=VERTEX_POINT('',#13375);
#5046=VERTEX_POINT('',#13377);
#5047=VERTEX_POINT('',#13380);
#5048=VERTEX_POINT('',#13382);
#5049=VERTEX_POINT('',#13385);
#5050=VERTEX_POINT('',#13387);
#5051=VERTEX_POINT('',#13390);
#5052=VERTEX_POINT('',#13392);
#5053=VERTEX_POINT('',#13395);
#5054=VERTEX_POINT('',#13397);
#5055=VERTEX_POINT('',#13400);
#5056=VERTEX_POINT('',#13402);
#5057=VERTEX_POINT('',#13405);
#5058=VERTEX_POINT('',#13407);
#5059=VERTEX_POINT('',#13410);
#5060=VERTEX_POINT('',#13412);
#5061=VERTEX_POINT('',#13415);
#5062=VERTEX_POINT('',#13417);
#5063=VERTEX_POINT('',#13420);
#5064=VERTEX_POINT('',#13424);
#5065=VERTEX_POINT('',#13431);
#5066=VERTEX_POINT('',#13443);
#5067=VERTEX_POINT('',#13445);
#5068=VERTEX_POINT('',#13447);
#5069=VERTEX_POINT('',#13451);
#5070=VERTEX_POINT('',#13453);
#5071=VERTEX_POINT('',#13455);
#5072=VERTEX_POINT('',#13466);
#5073=VERTEX_POINT('',#13468);
#5074=VERTEX_POINT('',#13472);
#5075=VERTEX_POINT('',#13474);
#5076=VERTEX_POINT('',#13478);
#5077=VERTEX_POINT('',#13480);
#5078=VERTEX_POINT('',#13489);
#5079=VERTEX_POINT('',#13491);
#5080=VERTEX_POINT('',#13495);
#5081=VERTEX_POINT('',#13497);
#5082=VERTEX_POINT('',#13501);
#5083=VERTEX_POINT('',#13503);
#5084=VERTEX_POINT('',#13517);
#5085=VERTEX_POINT('',#13519);
#5086=VERTEX_POINT('',#13521);
#5087=VERTEX_POINT('',#13525);
#5088=VERTEX_POINT('',#13527);
#5089=VERTEX_POINT('',#13529);
#5090=VERTEX_POINT('',#13545);
#5091=VERTEX_POINT('',#13547);
#5092=VERTEX_POINT('',#13549);
#5093=VERTEX_POINT('',#13553);
#5094=VERTEX_POINT('',#13555);
#5095=VERTEX_POINT('',#13557);
#5096=VERTEX_POINT('',#13573);
#5097=VERTEX_POINT('',#13575);
#5098=VERTEX_POINT('',#13577);
#5099=VERTEX_POINT('',#13581);
#5100=VERTEX_POINT('',#13583);
#5101=VERTEX_POINT('',#13585);
#5102=VERTEX_POINT('',#13601);
#5103=VERTEX_POINT('',#13603);
#5104=VERTEX_POINT('',#13605);
#5105=VERTEX_POINT('',#13609);
#5106=VERTEX_POINT('',#13611);
#5107=VERTEX_POINT('',#13613);
#5108=VERTEX_POINT('',#13629);
#5109=VERTEX_POINT('',#13631);
#5110=VERTEX_POINT('',#13633);
#5111=VERTEX_POINT('',#13637);
#5112=VERTEX_POINT('',#13639);
#5113=VERTEX_POINT('',#13641);
#5114=VERTEX_POINT('',#13657);
#5115=VERTEX_POINT('',#13659);
#5116=VERTEX_POINT('',#13661);
#5117=VERTEX_POINT('',#13665);
#5118=VERTEX_POINT('',#13667);
#5119=VERTEX_POINT('',#13669);
#5120=VERTEX_POINT('',#13685);
#5121=VERTEX_POINT('',#13687);
#5122=VERTEX_POINT('',#13689);
#5123=VERTEX_POINT('',#13693);
#5124=VERTEX_POINT('',#13695);
#5125=VERTEX_POINT('',#13697);
#5126=VERTEX_POINT('',#13713);
#5127=VERTEX_POINT('',#13715);
#5128=VERTEX_POINT('',#13717);
#5129=VERTEX_POINT('',#13721);
#5130=VERTEX_POINT('',#13723);
#5131=VERTEX_POINT('',#13725);
#5132=VERTEX_POINT('',#13741);
#5133=VERTEX_POINT('',#13743);
#5134=VERTEX_POINT('',#13745);
#5135=VERTEX_POINT('',#13749);
#5136=VERTEX_POINT('',#13751);
#5137=VERTEX_POINT('',#13753);
#5138=VERTEX_POINT('',#13769);
#5139=VERTEX_POINT('',#13771);
#5140=VERTEX_POINT('',#13773);
#5141=VERTEX_POINT('',#13777);
#5142=VERTEX_POINT('',#13779);
#5143=VERTEX_POINT('',#13781);
#5144=VERTEX_POINT('',#13797);
#5145=VERTEX_POINT('',#13799);
#5146=VERTEX_POINT('',#13801);
#5147=VERTEX_POINT('',#13805);
#5148=VERTEX_POINT('',#13807);
#5149=VERTEX_POINT('',#13809);
#5150=VERTEX_POINT('',#13825);
#5151=VERTEX_POINT('',#13827);
#5152=VERTEX_POINT('',#13829);
#5153=VERTEX_POINT('',#13833);
#5154=VERTEX_POINT('',#13835);
#5155=VERTEX_POINT('',#13837);
#5156=VERTEX_POINT('',#13853);
#5157=VERTEX_POINT('',#13855);
#5158=VERTEX_POINT('',#13857);
#5159=VERTEX_POINT('',#13861);
#5160=VERTEX_POINT('',#13863);
#5161=VERTEX_POINT('',#13865);
#5162=VERTEX_POINT('',#13881);
#5163=VERTEX_POINT('',#13883);
#5164=VERTEX_POINT('',#13885);
#5165=VERTEX_POINT('',#13889);
#5166=VERTEX_POINT('',#13891);
#5167=VERTEX_POINT('',#13893);
#5168=VERTEX_POINT('',#13909);
#5169=VERTEX_POINT('',#13911);
#5170=VERTEX_POINT('',#13913);
#5171=VERTEX_POINT('',#13917);
#5172=VERTEX_POINT('',#13919);
#5173=VERTEX_POINT('',#13921);
#5174=VERTEX_POINT('',#13932);
#5175=VERTEX_POINT('',#13934);
#5176=VERTEX_POINT('',#13938);
#5177=VERTEX_POINT('',#13940);
#5178=VERTEX_POINT('',#13944);
#5179=VERTEX_POINT('',#13946);
#5180=VERTEX_POINT('',#13955);
#5181=VERTEX_POINT('',#13957);
#5182=VERTEX_POINT('',#13961);
#5183=VERTEX_POINT('',#13963);
#5184=VERTEX_POINT('',#13967);
#5185=VERTEX_POINT('',#13969);
#5186=VERTEX_POINT('',#13978);
#5187=VERTEX_POINT('',#13980);
#5188=VERTEX_POINT('',#13984);
#5189=VERTEX_POINT('',#13986);
#5190=VERTEX_POINT('',#13990);
#5191=VERTEX_POINT('',#13992);
#5192=VERTEX_POINT('',#14001);
#5193=VERTEX_POINT('',#14003);
#5194=VERTEX_POINT('',#14007);
#5195=VERTEX_POINT('',#14009);
#5196=VERTEX_POINT('',#14013);
#5197=VERTEX_POINT('',#14015);
#5198=VERTEX_POINT('',#14024);
#5199=VERTEX_POINT('',#14026);
#5200=VERTEX_POINT('',#14030);
#5201=VERTEX_POINT('',#14032);
#5202=VERTEX_POINT('',#14036);
#5203=VERTEX_POINT('',#14038);
#5204=VERTEX_POINT('',#14047);
#5205=VERTEX_POINT('',#14049);
#5206=VERTEX_POINT('',#14053);
#5207=VERTEX_POINT('',#14055);
#5208=VERTEX_POINT('',#14059);
#5209=VERTEX_POINT('',#14061);
#5210=VERTEX_POINT('',#14070);
#5211=VERTEX_POINT('',#14072);
#5212=VERTEX_POINT('',#14076);
#5213=VERTEX_POINT('',#14078);
#5214=VERTEX_POINT('',#14082);
#5215=VERTEX_POINT('',#14084);
#5216=VERTEX_POINT('',#14093);
#5217=VERTEX_POINT('',#14095);
#5218=VERTEX_POINT('',#14099);
#5219=VERTEX_POINT('',#14101);
#5220=VERTEX_POINT('',#14105);
#5221=VERTEX_POINT('',#14107);
#5222=VERTEX_POINT('',#14116);
#5223=VERTEX_POINT('',#14118);
#5224=VERTEX_POINT('',#14122);
#5225=VERTEX_POINT('',#14124);
#5226=VERTEX_POINT('',#14128);
#5227=VERTEX_POINT('',#14130);
#5228=VERTEX_POINT('',#14139);
#5229=VERTEX_POINT('',#14141);
#5230=VERTEX_POINT('',#14145);
#5231=VERTEX_POINT('',#14147);
#5232=VERTEX_POINT('',#14151);
#5233=VERTEX_POINT('',#14153);
#5234=VERTEX_POINT('',#14162);
#5235=VERTEX_POINT('',#14164);
#5236=VERTEX_POINT('',#14168);
#5237=VERTEX_POINT('',#14170);
#5238=VERTEX_POINT('',#14174);
#5239=VERTEX_POINT('',#14176);
#5240=VERTEX_POINT('',#14185);
#5241=VERTEX_POINT('',#14187);
#5242=VERTEX_POINT('',#14191);
#5243=VERTEX_POINT('',#14193);
#5244=VERTEX_POINT('',#14197);
#5245=VERTEX_POINT('',#14199);
#5246=VERTEX_POINT('',#14208);
#5247=VERTEX_POINT('',#14210);
#5248=VERTEX_POINT('',#14214);
#5249=VERTEX_POINT('',#14216);
#5250=VERTEX_POINT('',#14220);
#5251=VERTEX_POINT('',#14222);
#5252=VERTEX_POINT('',#14231);
#5253=VERTEX_POINT('',#14233);
#5254=VERTEX_POINT('',#14237);
#5255=VERTEX_POINT('',#14239);
#5256=VERTEX_POINT('',#14243);
#5257=VERTEX_POINT('',#14245);
#5258=VERTEX_POINT('',#14254);
#5259=VERTEX_POINT('',#14256);
#5260=VERTEX_POINT('',#14260);
#5261=VERTEX_POINT('',#14262);
#5262=VERTEX_POINT('',#14266);
#5263=VERTEX_POINT('',#14268);
#5264=VERTEX_POINT('',#14277);
#5265=VERTEX_POINT('',#14279);
#5266=VERTEX_POINT('',#14283);
#5267=VERTEX_POINT('',#14285);
#5268=VERTEX_POINT('',#14289);
#5269=VERTEX_POINT('',#14291);
#5270=VERTEX_POINT('',#14300);
#5271=VERTEX_POINT('',#14302);
#5272=VERTEX_POINT('',#14306);
#5273=VERTEX_POINT('',#14308);
#5274=VERTEX_POINT('',#14312);
#5275=VERTEX_POINT('',#14314);
#5276=VERTEX_POINT('',#14323);
#5277=VERTEX_POINT('',#14325);
#5278=VERTEX_POINT('',#14329);
#5279=VERTEX_POINT('',#14331);
#5280=VERTEX_POINT('',#14335);
#5281=VERTEX_POINT('',#14337);
#5282=EDGE_CURVE('',#4420,#4421,#6595,.T.);
#5283=EDGE_CURVE('',#4422,#4420,#6596,.T.);
#5284=EDGE_CURVE('',#4423,#4422,#6597,.T.);
#5285=EDGE_CURVE('',#4424,#4423,#6598,.T.);
#5286=EDGE_CURVE('',#4424,#4425,#6599,.T.);
#5287=EDGE_CURVE('',#4426,#4425,#6600,.T.);
#5288=EDGE_CURVE('',#4426,#4427,#6601,.T.);
#5289=EDGE_CURVE('',#4427,#4421,#6602,.T.);
#5290=EDGE_CURVE('',#4428,#4429,#6603,.T.);
#5291=EDGE_CURVE('',#4430,#4428,#6604,.T.);
#5292=EDGE_CURVE('',#4431,#4430,#6605,.T.);
#5293=EDGE_CURVE('',#4432,#4431,#6606,.T.);
#5294=EDGE_CURVE('',#4433,#4432,#6607,.T.);
#5295=EDGE_CURVE('',#4434,#4433,#6608,.T.);
#5296=EDGE_CURVE('',#4435,#4434,#6609,.T.);
#5297=EDGE_CURVE('',#4435,#4436,#6610,.T.);
#5298=EDGE_CURVE('',#4436,#4437,#6611,.T.);
#5299=EDGE_CURVE('',#4438,#4437,#6612,.T.);
#5300=EDGE_CURVE('',#4439,#4438,#6613,.T.);
#5301=EDGE_CURVE('',#4440,#4439,#6614,.T.);
#5302=EDGE_CURVE('',#4441,#4440,#6615,.T.);
#5303=EDGE_CURVE('',#4442,#4441,#6616,.T.);
#5304=EDGE_CURVE('',#4443,#4442,#6617,.T.);
#5305=EDGE_CURVE('',#4444,#4443,#6618,.T.);
#5306=EDGE_CURVE('',#4445,#4444,#6619,.T.);
#5307=EDGE_CURVE('',#4445,#4446,#6620,.T.);
#5308=EDGE_CURVE('',#4446,#4447,#6621,.T.);
#5309=EDGE_CURVE('',#4448,#4447,#6622,.T.);
#5310=EDGE_CURVE('',#4449,#4448,#6623,.T.);
#5311=EDGE_CURVE('',#4450,#4449,#6624,.T.);
#5312=EDGE_CURVE('',#4451,#4450,#6625,.T.);
#5313=EDGE_CURVE('',#4452,#4451,#6626,.T.);
#5314=EDGE_CURVE('',#4452,#4453,#6627,.T.);
#5315=EDGE_CURVE('',#4454,#4453,#6628,.T.);
#5316=EDGE_CURVE('',#4455,#4454,#6629,.T.);
#5317=EDGE_CURVE('',#4455,#4456,#6630,.T.);
#5318=EDGE_CURVE('',#4457,#4456,#6631,.T.);
#5319=EDGE_CURVE('',#4457,#4458,#6632,.T.);
#5320=EDGE_CURVE('',#4458,#4459,#6633,.T.);
#5321=EDGE_CURVE('',#4460,#4459,#6634,.T.);
#5322=EDGE_CURVE('',#4461,#4460,#6635,.T.);
#5323=EDGE_CURVE('',#4461,#4462,#6636,.T.);
#5324=EDGE_CURVE('',#4462,#4463,#6637,.T.);
#5325=EDGE_CURVE('',#4464,#4463,#6638,.T.);
#5326=EDGE_CURVE('',#4464,#4465,#6639,.T.);
#5327=EDGE_CURVE('',#4465,#4466,#6640,.T.);
#5328=EDGE_CURVE('',#4467,#4466,#6641,.T.);
#5329=EDGE_CURVE('',#4467,#4468,#6642,.T.);
#5330=EDGE_CURVE('',#4469,#4468,#6643,.T.);
#5331=EDGE_CURVE('',#4470,#4469,#6644,.T.);
#5332=EDGE_CURVE('',#4470,#4471,#6645,.T.);
#5333=EDGE_CURVE('',#4471,#4472,#6646,.T.);
#5334=EDGE_CURVE('',#4473,#4472,#6647,.T.);
#5335=EDGE_CURVE('',#4474,#4473,#6648,.T.);
#5336=EDGE_CURVE('',#4474,#4475,#6649,.T.);
#5337=EDGE_CURVE('',#4476,#4475,#6650,.T.);
#5338=EDGE_CURVE('',#4476,#4477,#6651,.T.);
#5339=EDGE_CURVE('',#4429,#4477,#6652,.T.);
#5340=EDGE_CURVE('',#4478,#4479,#6653,.T.);
#5341=EDGE_CURVE('',#4478,#4480,#6654,.T.);
#5342=EDGE_CURVE('',#4480,#4481,#6655,.T.);
#5343=EDGE_CURVE('',#4481,#4482,#6656,.T.);
#5344=EDGE_CURVE('',#4482,#4483,#6657,.T.);
#5345=EDGE_CURVE('',#4483,#4466,#6658,.T.);
#5346=EDGE_CURVE('',#4484,#4465,#6659,.T.);
#5347=EDGE_CURVE('',#4485,#4484,#6660,.T.);
#5348=EDGE_CURVE('',#4485,#4486,#6661,.T.);
#5349=EDGE_CURVE('',#4487,#4486,#6662,.T.);
#5350=EDGE_CURVE('',#4487,#4488,#6663,.T.);
#5351=EDGE_CURVE('',#4488,#4489,#6664,.T.);
#5352=EDGE_CURVE('',#4489,#4490,#6665,.T.);
#5353=EDGE_CURVE('',#4491,#4490,#6666,.T.);
#5354=EDGE_CURVE('',#4491,#4492,#6667,.T.);
#5355=EDGE_CURVE('',#4492,#4493,#6668,.T.);
#5356=EDGE_CURVE('',#4493,#4494,#6669,.T.);
#5357=EDGE_CURVE('',#4495,#4494,#6670,.T.);
#5358=EDGE_CURVE('',#4495,#4496,#6671,.T.);
#5359=EDGE_CURVE('',#4496,#4497,#6672,.T.);
#5360=EDGE_CURVE('',#4497,#4498,#6673,.T.);
#5361=EDGE_CURVE('',#4499,#4498,#6674,.T.);
#5362=EDGE_CURVE('',#4499,#4500,#6675,.T.);
#5363=EDGE_CURVE('',#4500,#4501,#6676,.T.);
#5364=EDGE_CURVE('',#4501,#4502,#6677,.T.);
#5365=EDGE_CURVE('',#4503,#4502,#6678,.T.);
#5366=EDGE_CURVE('',#4503,#4504,#6679,.T.);
#5367=EDGE_CURVE('',#4504,#4505,#6680,.T.);
#5368=EDGE_CURVE('',#4505,#4506,#6681,.T.);
#5369=EDGE_CURVE('',#4507,#4506,#6682,.T.);
#5370=EDGE_CURVE('',#4507,#4508,#6683,.T.);
#5371=EDGE_CURVE('',#4508,#4509,#6684,.T.);
#5372=EDGE_CURVE('',#4509,#4510,#6685,.T.);
#5373=EDGE_CURVE('',#4511,#4510,#6686,.T.);
#5374=EDGE_CURVE('',#4511,#4512,#6687,.T.);
#5375=EDGE_CURVE('',#4512,#4513,#6688,.T.);
#5376=EDGE_CURVE('',#4513,#4514,#6689,.T.);
#5377=EDGE_CURVE('',#4515,#4514,#6690,.T.);
#5378=EDGE_CURVE('',#4515,#4516,#6691,.T.);
#5379=EDGE_CURVE('',#4516,#4517,#6692,.T.);
#5380=EDGE_CURVE('',#4517,#4518,#6693,.T.);
#5381=EDGE_CURVE('',#4519,#4518,#6694,.T.);
#5382=EDGE_CURVE('',#4519,#4520,#6695,.T.);
#5383=EDGE_CURVE('',#4520,#4521,#6696,.T.);
#5384=EDGE_CURVE('',#4521,#4522,#6697,.T.);
#5385=EDGE_CURVE('',#4523,#4522,#6698,.T.);
#5386=EDGE_CURVE('',#4523,#4524,#6699,.T.);
#5387=EDGE_CURVE('',#4524,#4525,#6700,.T.);
#5388=EDGE_CURVE('',#4525,#4526,#6701,.T.);
#5389=EDGE_CURVE('',#4527,#4526,#6702,.T.);
#5390=EDGE_CURVE('',#4527,#4528,#6703,.T.);
#5391=EDGE_CURVE('',#4528,#4529,#6704,.T.);
#5392=EDGE_CURVE('',#4529,#4530,#6705,.T.);
#5393=EDGE_CURVE('',#4531,#4530,#6706,.T.);
#5394=EDGE_CURVE('',#4531,#4532,#6707,.T.);
#5395=EDGE_CURVE('',#4532,#4533,#6708,.T.);
#5396=EDGE_CURVE('',#4533,#4534,#6709,.T.);
#5397=EDGE_CURVE('',#4535,#4534,#6710,.T.);
#5398=EDGE_CURVE('',#4535,#4536,#6711,.T.);
#5399=EDGE_CURVE('',#4536,#4537,#6712,.T.);
#5400=EDGE_CURVE('',#4537,#4538,#6713,.T.);
#5401=EDGE_CURVE('',#4539,#4538,#6714,.T.);
#5402=EDGE_CURVE('',#4539,#4540,#6715,.T.);
#5403=EDGE_CURVE('',#4540,#4541,#6716,.T.);
#5404=EDGE_CURVE('',#4541,#4542,#6717,.T.);
#5405=EDGE_CURVE('',#4543,#4542,#6718,.T.);
#5406=EDGE_CURVE('',#4543,#4544,#6719,.T.);
#5407=EDGE_CURVE('',#4544,#4545,#6720,.T.);
#5408=EDGE_CURVE('',#4545,#4479,#6721,.T.);
#5409=EDGE_CURVE('',#4546,#4547,#6722,.T.);
#5410=EDGE_CURVE('',#4547,#4548,#6723,.T.);
#5411=EDGE_CURVE('',#4549,#4548,#6724,.T.);
#5412=EDGE_CURVE('',#4546,#4549,#6725,.T.);
#5413=EDGE_CURVE('',#4550,#4551,#6726,.T.);
#5414=EDGE_CURVE('',#4550,#4552,#6727,.T.);
#5415=EDGE_CURVE('',#4552,#4553,#6728,.T.);
#5416=EDGE_CURVE('',#4553,#4551,#6729,.T.);
#5417=EDGE_CURVE('',#4552,#4554,#6730,.T.);
#5418=EDGE_CURVE('',#4554,#4547,#6731,.T.);
#5419=EDGE_CURVE('',#4555,#4546,#6732,.T.);
#5420=EDGE_CURVE('',#4556,#4555,#6733,.T.);
#5421=EDGE_CURVE('',#4553,#4556,#6734,.T.);
#5422=EDGE_CURVE('',#4557,#4548,#6735,.T.);
#5423=EDGE_CURVE('',#4550,#4557,#6736,.T.);
#5424=EDGE_CURVE('',#4551,#4558,#6737,.T.);
#5425=EDGE_CURVE('',#4558,#4559,#6738,.T.);
#5426=EDGE_CURVE('',#4559,#4549,#6739,.T.);
#5427=EDGE_CURVE('',#4560,#4561,#6740,.T.);
#5428=EDGE_CURVE('',#4560,#4562,#6741,.T.);
#5429=EDGE_CURVE('',#4562,#4563,#6742,.T.);
#5430=EDGE_CURVE('',#4561,#4563,#6743,.T.);
#5431=EDGE_CURVE('',#4564,#4565,#6744,.T.);
#5432=EDGE_CURVE('',#4566,#4564,#6745,.T.);
#5433=EDGE_CURVE('',#4566,#4567,#6746,.T.);
#5434=EDGE_CURVE('',#4567,#4565,#6747,.T.);
#5435=EDGE_CURVE('',#4568,#4564,#6748,.T.);
#5436=EDGE_CURVE('',#4568,#4569,#6749,.T.);
#5437=EDGE_CURVE('',#4569,#4570,#6750,.T.);
#5438=EDGE_CURVE('',#4570,#4571,#6751,.T.);
#5439=EDGE_CURVE('',#4571,#4572,#6752,.T.);
#5440=EDGE_CURVE('',#4572,#4566,#6753,.T.);
#5441=EDGE_CURVE('',#4573,#4574,#6754,.T.);
#5442=EDGE_CURVE('',#4573,#4565,#6755,.T.);
#5443=EDGE_CURVE('',#4575,#4567,#6756,.T.);
#5444=EDGE_CURVE('',#4576,#4575,#6757,.T.);
#5445=EDGE_CURVE('',#4577,#4576,#6758,.T.);
#5446=EDGE_CURVE('',#4574,#4577,#6759,.T.);
#5447=EDGE_CURVE('',#4578,#4579,#6760,.T.);
#5448=EDGE_CURVE('',#4578,#4580,#6761,.T.);
#5449=EDGE_CURVE('',#4580,#4581,#6762,.T.);
#5450=EDGE_CURVE('',#4579,#4581,#6763,.T.);
#5451=EDGE_CURVE('',#4468,#4579,#6764,.T.);
#5452=EDGE_CURVE('',#4581,#4473,#6765,.T.);
#5453=EDGE_CURVE('',#4472,#4582,#6766,.T.);
#5454=EDGE_CURVE('',#4582,#4583,#6767,.T.);
#5455=EDGE_CURVE('',#4583,#4584,#6768,.T.);
#5456=EDGE_CURVE('',#4584,#4585,#6769,.T.);
#5457=EDGE_CURVE('',#4585,#4469,#6770,.T.);
#5458=EDGE_CURVE('',#4586,#4587,#6771,.T.);
#5459=EDGE_CURVE('',#4586,#4588,#6772,.T.);
#5460=EDGE_CURVE('',#4589,#4588,#6773,.T.);
#5461=EDGE_CURVE('',#4590,#4589,#6774,.T.);
#5462=EDGE_CURVE('',#4591,#4590,#6775,.T.);
#5463=EDGE_CURVE('',#4592,#4591,#6776,.T.);
#5464=EDGE_CURVE('',#4471,#4592,#6777,.T.);
#5465=EDGE_CURVE('',#4593,#4470,#6778,.T.);
#5466=EDGE_CURVE('',#4587,#4593,#6779,.T.);
#5467=EDGE_CURVE('',#4572,#4575,#6780,.T.);
#5468=EDGE_CURVE('',#4563,#4458,#6781,.T.);
#5469=EDGE_CURVE('',#4463,#4562,#6782,.T.);
#5470=EDGE_CURVE('',#4594,#4462,#6783,.T.);
#5471=EDGE_CURVE('',#4595,#4594,#6784,.T.);
#5472=EDGE_CURVE('',#4596,#4595,#6785,.T.);
#5473=EDGE_CURVE('',#4597,#4596,#6786,.T.);
#5474=EDGE_CURVE('',#4459,#4597,#6787,.T.);
#5475=EDGE_CURVE('',#4598,#4599,#6788,.T.);
#5476=EDGE_CURVE('',#4439,#4598,#6789,.T.);
#5477=EDGE_CURVE('',#4438,#4599,#6790,.T.);
#5478=EDGE_CURVE('',#4600,#4601,#6791,.T.);
#5479=EDGE_CURVE('',#4602,#4600,#6792,.T.);
#5480=EDGE_CURVE('',#4602,#4603,#6793,.T.);
#5481=EDGE_CURVE('',#4603,#4601,#6794,.T.);
#5482=EDGE_CURVE('',#4601,#4604,#6795,.T.);
#5483=EDGE_CURVE('',#4603,#4429,#6796,.T.);
#5484=EDGE_CURVE('',#4477,#4605,#6797,.T.);
#5485=EDGE_CURVE('',#4606,#4605,#6798,.T.);
#5486=EDGE_CURVE('',#4454,#4606,#6799,.T.);
#5487=EDGE_CURVE('',#4453,#4607,#6800,.T.);
#5488=EDGE_CURVE('',#4607,#4604,#6801,.T.);
#5489=EDGE_CURVE('',#4604,#4608,#6802,.T.);
#5490=EDGE_CURVE('',#4607,#4609,#6803,.T.);
#5491=EDGE_CURVE('',#4609,#4608,#6804,.T.);
#5492=EDGE_CURVE('',#4608,#4610,#6805,.T.);
#5493=EDGE_CURVE('',#4611,#4609,#6806,.T.);
#5494=EDGE_CURVE('',#4612,#4611,#6807,.T.);
#5495=EDGE_CURVE('',#4612,#4613,#6808,.T.);
#5496=EDGE_CURVE('',#4613,#4614,#6809,.T.);
#5497=EDGE_CURVE('',#4602,#4614,#6810,.T.);
#5498=EDGE_CURVE('',#4599,#4600,#6811,.T.);
#5499=EDGE_CURVE('',#4437,#4615,#6812,.T.);
#5500=EDGE_CURVE('',#4615,#4616,#6813,.T.);
#5501=EDGE_CURVE('',#4616,#4617,#6814,.T.);
#5502=EDGE_CURVE('',#4617,#4618,#95,.T.);
#5503=EDGE_CURVE('',#4618,#4619,#6815,.T.);
#5504=EDGE_CURVE('',#4619,#4620,#6816,.T.);
#5505=EDGE_CURVE('',#4621,#4620,#6817,.T.);
#5506=EDGE_CURVE('',#4621,#4622,#6818,.T.);
#5507=EDGE_CURVE('',#4623,#4622,#6819,.T.);
#5508=EDGE_CURVE('',#4623,#4624,#6820,.T.);
#5509=EDGE_CURVE('',#4624,#4625,#6821,.T.);
#5510=EDGE_CURVE('',#4625,#4626,#6822,.T.);
#5511=EDGE_CURVE('',#4626,#4627,#6823,.T.);
#5512=EDGE_CURVE('',#4628,#4627,#6824,.T.);
#5513=EDGE_CURVE('',#4629,#4628,#6825,.T.);
#5514=EDGE_CURVE('',#4629,#4630,#6826,.T.);
#5515=EDGE_CURVE('',#4630,#4631,#6827,.T.);
#5516=EDGE_CURVE('',#4632,#4631,#6828,.T.);
#5517=EDGE_CURVE('',#4633,#4632,#6829,.T.);
#5518=EDGE_CURVE('',#4633,#4634,#6830,.T.);
#5519=EDGE_CURVE('',#4634,#4635,#6831,.T.);
#5520=EDGE_CURVE('',#4636,#4635,#6832,.T.);
#5521=EDGE_CURVE('',#4637,#4636,#6833,.T.);
#5522=EDGE_CURVE('',#4637,#4638,#6834,.T.);
#5523=EDGE_CURVE('',#4638,#4639,#6835,.T.);
#5524=EDGE_CURVE('',#4640,#4639,#6836,.T.);
#5525=EDGE_CURVE('',#4641,#4640,#6837,.T.);
#5526=EDGE_CURVE('',#4641,#4642,#6838,.T.);
#5527=EDGE_CURVE('',#4642,#4643,#6839,.T.);
#5528=EDGE_CURVE('',#4644,#4643,#6840,.T.);
#5529=EDGE_CURVE('',#4645,#4644,#6841,.T.);
#5530=EDGE_CURVE('',#4645,#4646,#6842,.T.);
#5531=EDGE_CURVE('',#4646,#4647,#6843,.T.);
#5532=EDGE_CURVE('',#4648,#4647,#6844,.T.);
#5533=EDGE_CURVE('',#4649,#4648,#6845,.T.);
#5534=EDGE_CURVE('',#4649,#4650,#6846,.T.);
#5535=EDGE_CURVE('',#4650,#4651,#6847,.T.);
#5536=EDGE_CURVE('',#4652,#4651,#6848,.T.);
#5537=EDGE_CURVE('',#4653,#4652,#6849,.T.);
#5538=EDGE_CURVE('',#4653,#4654,#6850,.T.);
#5539=EDGE_CURVE('',#4654,#4655,#6851,.T.);
#5540=EDGE_CURVE('',#4656,#4655,#6852,.T.);
#5541=EDGE_CURVE('',#4657,#4656,#6853,.T.);
#5542=EDGE_CURVE('',#4657,#4658,#6854,.T.);
#5543=EDGE_CURVE('',#4659,#4658,#6855,.T.);
#5544=EDGE_CURVE('',#4660,#4659,#6856,.T.);
#5545=EDGE_CURVE('',#4660,#4661,#6857,.T.);
#5546=EDGE_CURVE('',#4661,#4662,#6858,.T.);
#5547=EDGE_CURVE('',#4662,#4663,#6859,.T.);
#5548=EDGE_CURVE('',#4663,#4664,#6860,.T.);
#5549=EDGE_CURVE('',#4664,#4665,#6861,.T.);
#5550=EDGE_CURVE('',#4665,#4666,#96,.T.);
#5551=EDGE_CURVE('',#4666,#4667,#6862,.T.);
#5552=EDGE_CURVE('',#4667,#4668,#6863,.T.);
#5553=EDGE_CURVE('',#4668,#4444,#6864,.T.);
#5554=EDGE_CURVE('',#4443,#4610,#6865,.T.);
#5555=EDGE_CURVE('',#4610,#4669,#6866,.T.);
#5556=EDGE_CURVE('',#4442,#4669,#6867,.T.);
#5557=EDGE_CURVE('',#4669,#4670,#6868,.T.);
#5558=EDGE_CURVE('',#4441,#4670,#6869,.T.);
#5559=EDGE_CURVE('',#4670,#4671,#6870,.T.);
#5560=EDGE_CURVE('',#4440,#4671,#6871,.T.);
#5561=EDGE_CURVE('',#4671,#4598,#6872,.T.);
#5562=EDGE_CURVE('',#4605,#4482,#6873,.T.);
#5563=EDGE_CURVE('',#4479,#4481,#6874,.T.);
#5564=EDGE_CURVE('',#4542,#4545,#6875,.T.);
#5565=EDGE_CURVE('',#4538,#4541,#6876,.T.);
#5566=EDGE_CURVE('',#4534,#4537,#6877,.T.);
#5567=EDGE_CURVE('',#4530,#4533,#6878,.T.);
#5568=EDGE_CURVE('',#4526,#4529,#6879,.T.);
#5569=EDGE_CURVE('',#4522,#4525,#6880,.T.);
#5570=EDGE_CURVE('',#4518,#4521,#6881,.T.);
#5571=EDGE_CURVE('',#4514,#4517,#6882,.T.);
#5572=EDGE_CURVE('',#4510,#4513,#6883,.T.);
#5573=EDGE_CURVE('',#4506,#4509,#6884,.T.);
#5574=EDGE_CURVE('',#4502,#4505,#6885,.T.);
#5575=EDGE_CURVE('',#4498,#4501,#6886,.T.);
#5576=EDGE_CURVE('',#4494,#4497,#6887,.T.);
#5577=EDGE_CURVE('',#4490,#4493,#6888,.T.);
#5578=EDGE_CURVE('',#4486,#4489,#6889,.T.);
#5579=EDGE_CURVE('',#4606,#4485,#6890,.T.);
#5580=EDGE_CURVE('',#4672,#4484,#6891,.T.);
#5581=EDGE_CURVE('',#4455,#4672,#6892,.T.);
#5582=EDGE_CURVE('',#4476,#4673,#6893,.T.);
#5583=EDGE_CURVE('',#4673,#4483,#6894,.T.);
#5584=EDGE_CURVE('',#4674,#4597,#6895,.T.);
#5585=EDGE_CURVE('',#4460,#4674,#6896,.T.);
#5586=EDGE_CURVE('',#4675,#4596,#6897,.T.);
#5587=EDGE_CURVE('',#4674,#4675,#6898,.T.);
#5588=EDGE_CURVE('',#4676,#4595,#6899,.T.);
#5589=EDGE_CURVE('',#4677,#4676,#6900,.T.);
#5590=EDGE_CURVE('',#4678,#4677,#6901,.T.);
#5591=EDGE_CURVE('',#4675,#4678,#6902,.T.);
#5592=EDGE_CURVE('',#4679,#4594,#6903,.T.);
#5593=EDGE_CURVE('',#4676,#4679,#6904,.T.);
#5594=EDGE_CURVE('',#4679,#4461,#6905,.T.);
#5595=EDGE_CURVE('',#4555,#4559,#6906,.T.);
#5596=EDGE_CURVE('',#4677,#4680,#6907,.T.);
#5597=EDGE_CURVE('',#4678,#4681,#6908,.T.);
#5598=EDGE_CURVE('',#4681,#4680,#6909,.T.);
#5599=EDGE_CURVE('',#4680,#4682,#6910,.T.);
#5600=EDGE_CURVE('',#4681,#4683,#6911,.T.);
#5601=EDGE_CURVE('',#4683,#4682,#6912,.T.);
#5602=EDGE_CURVE('',#4682,#4684,#6913,.T.);
#5603=EDGE_CURVE('',#4683,#4685,#6914,.T.);
#5604=EDGE_CURVE('',#4685,#4684,#6915,.T.);
#5605=EDGE_CURVE('',#4684,#4677,#6916,.T.);
#5606=EDGE_CURVE('',#4685,#4678,#6917,.T.);
#5607=EDGE_CURVE('',#4556,#4558,#6918,.T.);
#5608=EDGE_CURVE('',#4686,#4560,#6919,.T.);
#5609=EDGE_CURVE('',#4686,#4687,#6920,.T.);
#5610=EDGE_CURVE('',#4688,#4687,#6921,.T.);
#5611=EDGE_CURVE('',#4689,#4688,#6922,.T.);
#5612=EDGE_CURVE('',#4689,#4464,#6923,.T.);
#5613=EDGE_CURVE('',#4690,#4457,#6924,.T.);
#5614=EDGE_CURVE('',#4690,#4691,#6925,.T.);
#5615=EDGE_CURVE('',#4561,#4691,#6926,.T.);
#5616=EDGE_CURVE('',#4690,#4687,#6927,.T.);
#5617=EDGE_CURVE('',#4692,#4456,#6928,.T.);
#5618=EDGE_CURVE('',#4688,#4692,#6929,.T.);
#5619=EDGE_CURVE('',#4484,#4689,#6930,.T.);
#5620=EDGE_CURVE('',#4672,#4692,#6931,.T.);
#5621=EDGE_CURVE('',#4592,#4582,#6932,.T.);
#5622=EDGE_CURVE('',#4591,#4583,#6933,.T.);
#5623=EDGE_CURVE('',#4590,#4586,#6934,.T.);
#5624=EDGE_CURVE('',#4587,#4584,#6935,.T.);
#5625=EDGE_CURVE('',#4593,#4585,#6936,.T.);
#5626=EDGE_CURVE('',#4588,#4693,#6937,.T.);
#5627=EDGE_CURVE('',#4694,#4693,#6938,.T.);
#5628=EDGE_CURVE('',#4589,#4694,#6939,.T.);
#5629=EDGE_CURVE('',#4693,#4695,#6940,.T.);
#5630=EDGE_CURVE('',#4696,#4695,#6941,.T.);
#5631=EDGE_CURVE('',#4694,#4696,#6942,.T.);
#5632=EDGE_CURVE('',#4695,#4586,#6943,.T.);
#5633=EDGE_CURVE('',#4696,#4590,#6944,.T.);
#5634=EDGE_CURVE('',#4569,#4574,#6945,.T.);
#5635=EDGE_CURVE('',#4570,#4577,#6946,.T.);
#5636=EDGE_CURVE('',#4571,#4576,#6947,.T.);
#5637=EDGE_CURVE('',#4697,#4698,#6948,.T.);
#5638=EDGE_CURVE('',#4697,#4578,#6949,.T.);
#5639=EDGE_CURVE('',#4699,#4467,#6950,.T.);
#5640=EDGE_CURVE('',#4699,#4700,#6951,.T.);
#5641=EDGE_CURVE('',#4700,#4698,#6952,.T.);
#5642=EDGE_CURVE('',#4701,#4702,#6953,.T.);
#5643=EDGE_CURVE('',#4701,#4474,#6954,.T.);
#5644=EDGE_CURVE('',#4580,#4702,#6955,.T.);
#5645=EDGE_CURVE('',#4701,#4698,#6956,.T.);
#5646=EDGE_CURVE('',#4700,#4703,#6957,.T.);
#5647=EDGE_CURVE('',#4703,#4475,#6958,.T.);
#5648=EDGE_CURVE('',#4483,#4699,#6959,.T.);
#5649=EDGE_CURVE('',#4673,#4703,#6960,.T.);
#5650=EDGE_CURVE('',#4479,#4704,#6961,.T.);
#5651=EDGE_CURVE('',#4481,#4705,#6962,.T.);
#5652=EDGE_CURVE('',#4704,#4705,#6963,.T.);
#5653=EDGE_CURVE('',#4542,#4706,#6964,.T.);
#5654=EDGE_CURVE('',#4545,#4707,#6965,.T.);
#5655=EDGE_CURVE('',#4706,#4707,#6966,.T.);
#5656=EDGE_CURVE('',#4538,#4708,#6967,.T.);
#5657=EDGE_CURVE('',#4541,#4709,#6968,.T.);
#5658=EDGE_CURVE('',#4708,#4709,#6969,.T.);
#5659=EDGE_CURVE('',#4534,#4710,#6970,.T.);
#5660=EDGE_CURVE('',#4537,#4711,#6971,.T.);
#5661=EDGE_CURVE('',#4710,#4711,#6972,.T.);
#5662=EDGE_CURVE('',#4530,#4712,#6973,.T.);
#5663=EDGE_CURVE('',#4533,#4713,#6974,.T.);
#5664=EDGE_CURVE('',#4712,#4713,#6975,.T.);
#5665=EDGE_CURVE('',#4526,#4714,#6976,.T.);
#5666=EDGE_CURVE('',#4529,#4715,#6977,.T.);
#5667=EDGE_CURVE('',#4714,#4715,#6978,.T.);
#5668=EDGE_CURVE('',#4522,#4716,#6979,.T.);
#5669=EDGE_CURVE('',#4525,#4717,#6980,.T.);
#5670=EDGE_CURVE('',#4716,#4717,#6981,.T.);
#5671=EDGE_CURVE('',#4518,#4718,#6982,.T.);
#5672=EDGE_CURVE('',#4521,#4719,#6983,.T.);
#5673=EDGE_CURVE('',#4718,#4719,#6984,.T.);
#5674=EDGE_CURVE('',#4514,#4720,#6985,.T.);
#5675=EDGE_CURVE('',#4517,#4721,#6986,.T.);
#5676=EDGE_CURVE('',#4720,#4721,#6987,.T.);
#5677=EDGE_CURVE('',#4510,#4722,#6988,.T.);
#5678=EDGE_CURVE('',#4513,#4723,#6989,.T.);
#5679=EDGE_CURVE('',#4722,#4723,#6990,.T.);
#5680=EDGE_CURVE('',#4506,#4724,#6991,.T.);
#5681=EDGE_CURVE('',#4509,#4725,#6992,.T.);
#5682=EDGE_CURVE('',#4724,#4725,#6993,.T.);
#5683=EDGE_CURVE('',#4502,#4726,#6994,.T.);
#5684=EDGE_CURVE('',#4505,#4727,#6995,.T.);
#5685=EDGE_CURVE('',#4726,#4727,#6996,.T.);
#5686=EDGE_CURVE('',#4498,#4728,#6997,.T.);
#5687=EDGE_CURVE('',#4501,#4729,#6998,.T.);
#5688=EDGE_CURVE('',#4728,#4729,#6999,.T.);
#5689=EDGE_CURVE('',#4494,#4730,#7000,.T.);
#5690=EDGE_CURVE('',#4497,#4731,#7001,.T.);
#5691=EDGE_CURVE('',#4730,#4731,#7002,.T.);
#5692=EDGE_CURVE('',#4490,#4732,#7003,.T.);
#5693=EDGE_CURVE('',#4493,#4733,#7004,.T.);
#5694=EDGE_CURVE('',#4732,#4733,#7005,.T.);
#5695=EDGE_CURVE('',#4486,#4734,#7006,.T.);
#5696=EDGE_CURVE('',#4489,#4735,#7007,.T.);
#5697=EDGE_CURVE('',#4734,#4735,#7008,.T.);
#5698=EDGE_CURVE('',#4614,#4736,#7009,.T.);
#5699=EDGE_CURVE('',#4736,#4737,#7010,.T.);
#5700=EDGE_CURVE('',#4429,#4737,#7011,.T.);
#5701=EDGE_CURVE('',#4453,#4738,#7012,.T.);
#5702=EDGE_CURVE('',#4738,#4739,#7013,.T.);
#5703=EDGE_CURVE('',#4611,#4739,#7014,.T.);
#5704=EDGE_CURVE('',#4740,#4686,#7015,.T.);
#5705=EDGE_CURVE('',#4691,#4741,#7016,.T.);
#5706=EDGE_CURVE('',#4449,#4741,#7017,.T.);
#5707=EDGE_CURVE('',#4448,#4742,#7018,.T.);
#5708=EDGE_CURVE('',#4742,#4743,#7019,.T.);
#5709=EDGE_CURVE('',#4743,#4740,#7020,.T.);
#5710=EDGE_CURVE('',#4744,#4740,#7021,.T.);
#5711=EDGE_CURVE('',#4745,#4744,#7022,.T.);
#5712=EDGE_CURVE('',#4741,#4745,#7023,.T.);
#5713=EDGE_CURVE('',#4568,#4746,#7024,.T.);
#5714=EDGE_CURVE('',#4747,#4573,#7025,.T.);
#5715=EDGE_CURVE('',#4748,#4747,#97,.T.);
#5716=EDGE_CURVE('',#4749,#4748,#7026,.T.);
#5717=EDGE_CURVE('',#4750,#4749,#7027,.T.);
#5718=EDGE_CURVE('',#4750,#4751,#7028,.T.);
#5719=EDGE_CURVE('',#4746,#4751,#98,.T.);
#5720=EDGE_CURVE('',#4752,#4746,#7029,.T.);
#5721=EDGE_CURVE('',#4753,#4752,#7030,.T.);
#5722=EDGE_CURVE('',#4753,#4747,#7031,.T.);
#5723=EDGE_CURVE('',#4754,#4661,#7032,.T.);
#5724=EDGE_CURVE('',#4754,#4755,#7033,.T.);
#5725=EDGE_CURVE('',#4755,#4658,#7034,.T.);
#5726=EDGE_CURVE('',#4657,#4756,#7035,.T.);
#5727=EDGE_CURVE('',#4756,#4757,#7036,.T.);
#5728=EDGE_CURVE('',#4654,#4757,#7037,.T.);
#5729=EDGE_CURVE('',#4653,#4758,#7038,.T.);
#5730=EDGE_CURVE('',#4758,#4759,#7039,.T.);
#5731=EDGE_CURVE('',#4650,#4759,#7040,.T.);
#5732=EDGE_CURVE('',#4649,#4760,#7041,.T.);
#5733=EDGE_CURVE('',#4760,#4761,#7042,.T.);
#5734=EDGE_CURVE('',#4646,#4761,#7043,.T.);
#5735=EDGE_CURVE('',#4645,#4762,#7044,.T.);
#5736=EDGE_CURVE('',#4762,#4763,#7045,.T.);
#5737=EDGE_CURVE('',#4642,#4763,#7046,.T.);
#5738=EDGE_CURVE('',#4641,#4764,#7047,.T.);
#5739=EDGE_CURVE('',#4764,#4765,#7048,.T.);
#5740=EDGE_CURVE('',#4638,#4765,#7049,.T.);
#5741=EDGE_CURVE('',#4637,#4766,#7050,.T.);
#5742=EDGE_CURVE('',#4766,#4767,#7051,.T.);
#5743=EDGE_CURVE('',#4634,#4767,#7052,.T.);
#5744=EDGE_CURVE('',#4633,#4768,#7053,.T.);
#5745=EDGE_CURVE('',#4768,#4769,#7054,.T.);
#5746=EDGE_CURVE('',#4630,#4769,#7055,.T.);
#5747=EDGE_CURVE('',#4629,#4770,#7056,.T.);
#5748=EDGE_CURVE('',#4770,#4771,#7057,.T.);
#5749=EDGE_CURVE('',#4626,#4771,#7058,.T.);
#5750=EDGE_CURVE('',#4772,#4625,#7059,.T.);
#5751=EDGE_CURVE('',#4773,#4772,#7060,.T.);
#5752=EDGE_CURVE('',#4773,#4622,#7061,.T.);
#5753=EDGE_CURVE('',#4774,#4621,#7062,.T.);
#5754=EDGE_CURVE('',#4775,#4774,#7063,.T.);
#5755=EDGE_CURVE('',#4775,#4776,#7064,.T.);
#5756=EDGE_CURVE('',#4776,#4777,#7065,.T.);
#5757=EDGE_CURVE('',#4778,#4777,#7066,.T.);
#5758=EDGE_CURVE('',#4779,#4778,#7067,.T.);
#5759=EDGE_CURVE('',#4779,#4780,#7068,.T.);
#5760=EDGE_CURVE('',#4781,#4780,#7069,.T.);
#5761=EDGE_CURVE('',#4782,#4781,#7070,.T.);
#5762=EDGE_CURVE('',#4783,#4782,#7071,.T.);
#5763=EDGE_CURVE('',#4784,#4783,#7072,.T.);
#5764=EDGE_CURVE('',#4785,#4784,#7073,.T.);
#5765=EDGE_CURVE('',#4785,#4786,#7074,.T.);
#5766=EDGE_CURVE('',#4787,#4786,#7075,.T.);
#5767=EDGE_CURVE('',#4788,#4787,#7076,.T.);
#5768=EDGE_CURVE('',#4789,#4788,#7077,.T.);
#5769=EDGE_CURVE('',#4789,#4790,#7078,.T.);
#5770=EDGE_CURVE('',#4791,#4790,#7079,.T.);
#5771=EDGE_CURVE('',#4792,#4791,#7080,.T.);
#5772=EDGE_CURVE('',#4793,#4792,#7081,.T.);
#5773=EDGE_CURVE('',#4793,#4794,#7082,.T.);
#5774=EDGE_CURVE('',#4795,#4794,#7083,.T.);
#5775=EDGE_CURVE('',#4796,#4795,#7084,.T.);
#5776=EDGE_CURVE('',#4797,#4796,#7085,.T.);
#5777=EDGE_CURVE('',#4797,#4798,#7086,.T.);
#5778=EDGE_CURVE('',#4799,#4798,#7087,.T.);
#5779=EDGE_CURVE('',#4800,#4799,#7088,.T.);
#5780=EDGE_CURVE('',#4801,#4800,#7089,.T.);
#5781=EDGE_CURVE('',#4801,#4802,#7090,.T.);
#5782=EDGE_CURVE('',#4803,#4802,#7091,.T.);
#5783=EDGE_CURVE('',#4804,#4803,#7092,.T.);
#5784=EDGE_CURVE('',#4805,#4804,#7093,.T.);
#5785=EDGE_CURVE('',#4805,#4806,#7094,.T.);
#5786=EDGE_CURVE('',#4807,#4806,#7095,.T.);
#5787=EDGE_CURVE('',#4808,#4807,#7096,.T.);
#5788=EDGE_CURVE('',#4809,#4808,#7097,.T.);
#5789=EDGE_CURVE('',#4809,#4810,#7098,.T.);
#5790=EDGE_CURVE('',#4811,#4810,#7099,.T.);
#5791=EDGE_CURVE('',#4812,#4811,#7100,.T.);
#5792=EDGE_CURVE('',#4813,#4812,#7101,.T.);
#5793=EDGE_CURVE('',#4813,#4814,#7102,.T.);
#5794=EDGE_CURVE('',#4815,#4814,#7103,.T.);
#5795=EDGE_CURVE('',#4815,#4816,#7104,.T.);
#5796=EDGE_CURVE('',#4816,#4817,#7105,.T.);
#5797=EDGE_CURVE('',#4818,#4817,#7106,.T.);
#5798=EDGE_CURVE('',#4819,#4818,#7107,.T.);
#5799=EDGE_CURVE('',#4820,#4819,#7108,.T.);
#5800=EDGE_CURVE('',#4820,#4743,#7109,.T.);
#5801=EDGE_CURVE('',#4742,#4821,#7110,.T.);
#5802=EDGE_CURVE('',#4662,#4821,#7111,.T.);
#5803=EDGE_CURVE('',#4818,#4822,#7112,.T.);
#5804=EDGE_CURVE('',#4823,#4822,#7113,.T.);
#5805=EDGE_CURVE('',#4815,#4823,#7114,.T.);
#5806=EDGE_CURVE('',#4824,#4814,#7115,.T.);
#5807=EDGE_CURVE('',#4824,#4825,#7116,.T.);
#5808=EDGE_CURVE('',#4825,#4811,#7117,.T.);
#5809=EDGE_CURVE('',#4826,#4810,#7118,.T.);
#5810=EDGE_CURVE('',#4826,#4827,#7119,.T.);
#5811=EDGE_CURVE('',#4827,#4807,#7120,.T.);
#5812=EDGE_CURVE('',#4828,#4806,#7121,.T.);
#5813=EDGE_CURVE('',#4828,#4829,#7122,.T.);
#5814=EDGE_CURVE('',#4829,#4803,#7123,.T.);
#5815=EDGE_CURVE('',#4830,#4802,#7124,.T.);
#5816=EDGE_CURVE('',#4830,#4831,#7125,.T.);
#5817=EDGE_CURVE('',#4831,#4799,#7126,.T.);
#5818=EDGE_CURVE('',#4832,#4798,#7127,.T.);
#5819=EDGE_CURVE('',#4832,#4833,#7128,.T.);
#5820=EDGE_CURVE('',#4833,#4795,#7129,.T.);
#5821=EDGE_CURVE('',#4834,#4794,#7130,.T.);
#5822=EDGE_CURVE('',#4834,#4835,#7131,.T.);
#5823=EDGE_CURVE('',#4835,#4791,#7132,.T.);
#5824=EDGE_CURVE('',#4836,#4790,#7133,.T.);
#5825=EDGE_CURVE('',#4836,#4837,#7134,.T.);
#5826=EDGE_CURVE('',#4837,#4787,#7135,.T.);
#5827=EDGE_CURVE('',#4838,#4786,#7136,.T.);
#5828=EDGE_CURVE('',#4838,#4839,#7137,.T.);
#5829=EDGE_CURVE('',#4839,#4783,#7138,.T.);
#5830=EDGE_CURVE('',#4782,#4840,#7139,.T.);
#5831=EDGE_CURVE('',#4841,#4840,#7140,.T.);
#5832=EDGE_CURVE('',#4779,#4841,#7141,.T.);
#5833=EDGE_CURVE('',#4778,#4842,#7142,.T.);
#5834=EDGE_CURVE('',#4843,#4842,#7143,.T.);
#5835=EDGE_CURVE('',#4844,#4843,#7144,.T.);
#5836=EDGE_CURVE('',#4845,#4844,#99,.T.);
#5837=EDGE_CURVE('',#4421,#4845,#7145,.T.);
#5838=EDGE_CURVE('',#4846,#4427,#7146,.T.);
#5839=EDGE_CURVE('',#4847,#4846,#100,.T.);
#5840=EDGE_CURVE('',#4848,#4847,#7147,.T.);
#5841=EDGE_CURVE('',#4849,#4848,#7148,.T.);
#5842=EDGE_CURVE('',#4819,#4849,#7149,.T.);
#5843=EDGE_CURVE('',#4850,#4851,#7150,.T.);
#5844=EDGE_CURVE('',#4422,#4850,#7151,.T.);
#5845=EDGE_CURVE('',#4852,#4420,#7152,.T.);
#5846=EDGE_CURVE('',#4852,#4853,#101,.T.);
#5847=EDGE_CURVE('',#4854,#4853,#7153,.T.);
#5848=EDGE_CURVE('',#4749,#4854,#7154,.T.);
#5849=EDGE_CURVE('',#4748,#4855,#7155,.T.);
#5850=EDGE_CURVE('',#4777,#4855,#7156,.T.);
#5851=EDGE_CURVE('',#4776,#4856,#7157,.T.);
#5852=EDGE_CURVE('',#4856,#4857,#7158,.T.);
#5853=EDGE_CURVE('',#4858,#4857,#7159,.T.);
#5854=EDGE_CURVE('',#4859,#4858,#7160,.T.);
#5855=EDGE_CURVE('',#4859,#4851,#7161,.T.);
#5856=EDGE_CURVE('',#4860,#4861,#7162,.T.);
#5857=EDGE_CURVE('',#4862,#4860,#7163,.T.);
#5858=EDGE_CURVE('',#4862,#4863,#7164,.T.);
#5859=EDGE_CURVE('',#4863,#4738,#7165,.T.);
#5860=EDGE_CURVE('',#4864,#4452,#7166,.T.);
#5861=EDGE_CURVE('',#4865,#4864,#7167,.T.);
#5862=EDGE_CURVE('',#4865,#4861,#7168,.T.);
#5863=EDGE_CURVE('',#4866,#4867,#7169,.T.);
#5864=EDGE_CURVE('',#4866,#4851,#7170,.T.);
#5865=EDGE_CURVE('',#4868,#4859,#7171,.T.);
#5866=EDGE_CURVE('',#4868,#4428,#7172,.T.);
#5867=EDGE_CURVE('',#4869,#4737,#7173,.T.);
#5868=EDGE_CURVE('',#4867,#4869,#7174,.T.);
#5869=EDGE_CURVE('',#4858,#4870,#7175,.T.);
#5870=EDGE_CURVE('',#4857,#4871,#7176,.T.);
#5871=EDGE_CURVE('',#4431,#4871,#7177,.T.);
#5872=EDGE_CURVE('',#4870,#4430,#7178,.T.);
#5873=EDGE_CURVE('',#4872,#4618,#7179,.T.);
#5874=EDGE_CURVE('',#4872,#4873,#7180,.T.);
#5875=EDGE_CURVE('',#4873,#4619,#7181,.T.);
#5876=EDGE_CURVE('',#4874,#4616,#7182,.T.);
#5877=EDGE_CURVE('',#4874,#4435,#7183,.T.);
#5878=EDGE_CURVE('',#4434,#4875,#7184,.T.);
#5879=EDGE_CURVE('',#4875,#4617,#7185,.T.);
#5880=EDGE_CURVE('',#4872,#4875,#102,.T.);
#5881=EDGE_CURVE('',#4845,#4852,#7186,.T.);
#5882=EDGE_CURVE('',#4844,#4853,#7187,.T.);
#5883=EDGE_CURVE('',#4446,#4876,#7188,.T.);
#5884=EDGE_CURVE('',#4876,#4667,#7189,.T.);
#5885=EDGE_CURVE('',#4877,#4666,#7190,.T.);
#5886=EDGE_CURVE('',#4877,#4447,#7191,.T.);
#5887=EDGE_CURVE('',#4878,#4879,#7192,.T.);
#5888=EDGE_CURVE('',#4879,#4665,#7193,.T.);
#5889=EDGE_CURVE('',#4878,#4664,#7194,.T.);
#5890=EDGE_CURVE('',#4879,#4877,#103,.T.);
#5891=EDGE_CURVE('',#4855,#4753,#104,.T.);
#5892=EDGE_CURVE('',#4752,#4880,#105,.T.);
#5893=EDGE_CURVE('',#4880,#4774,#7195,.T.);
#5894=EDGE_CURVE('',#4620,#4842,#7196,.T.);
#5895=EDGE_CURVE('',#4820,#4881,#7197,.T.);
#5896=EDGE_CURVE('',#4663,#4849,#7198,.T.);
#5897=EDGE_CURVE('',#4882,#4821,#7199,.T.);
#5898=EDGE_CURVE('',#4883,#4882,#106,.T.);
#5899=EDGE_CURVE('',#4884,#4883,#7200,.T.);
#5900=EDGE_CURVE('',#4881,#4884,#107,.T.);
#5901=EDGE_CURVE('',#4843,#4854,#7201,.T.);
#5902=EDGE_CURVE('',#4873,#4750,#7202,.T.);
#5903=EDGE_CURVE('',#4426,#4885,#7203,.T.);
#5904=EDGE_CURVE('',#4846,#4885,#7204,.T.);
#5905=EDGE_CURVE('',#4886,#4887,#7205,.T.);
#5906=EDGE_CURVE('',#4887,#4878,#7206,.T.);
#5907=EDGE_CURVE('',#4848,#4888,#7207,.T.);
#5908=EDGE_CURVE('',#4888,#4886,#7208,.T.);
#5909=EDGE_CURVE('',#4847,#4889,#7209,.T.);
#5910=EDGE_CURVE('',#4889,#4888,#7210,.T.);
#5911=EDGE_CURVE('',#4885,#4889,#108,.T.);
#5912=EDGE_CURVE('',#4890,#4891,#7211,.T.);
#5913=EDGE_CURVE('',#4890,#4892,#7212,.T.);
#5914=EDGE_CURVE('',#4892,#4893,#7213,.T.);
#5915=EDGE_CURVE('',#4894,#4893,#7214,.T.);
#5916=EDGE_CURVE('',#4895,#4894,#7215,.T.);
#5917=EDGE_CURVE('',#4895,#4896,#7216,.T.);
#5918=EDGE_CURVE('',#4896,#4897,#7217,.T.);
#5919=EDGE_CURVE('',#4898,#4897,#7218,.T.);
#5920=EDGE_CURVE('',#4899,#4898,#7219,.T.);
#5921=EDGE_CURVE('',#4899,#4900,#7220,.T.);
#5922=EDGE_CURVE('',#4900,#4901,#7221,.T.);
#5923=EDGE_CURVE('',#4902,#4901,#7222,.T.);
#5924=EDGE_CURVE('',#4903,#4902,#7223,.T.);
#5925=EDGE_CURVE('',#4903,#4904,#7224,.T.);
#5926=EDGE_CURVE('',#4904,#4905,#7225,.T.);
#5927=EDGE_CURVE('',#4906,#4905,#7226,.T.);
#5928=EDGE_CURVE('',#4907,#4906,#7227,.T.);
#5929=EDGE_CURVE('',#4907,#4908,#7228,.T.);
#5930=EDGE_CURVE('',#4908,#4909,#7229,.T.);
#5931=EDGE_CURVE('',#4910,#4909,#7230,.T.);
#5932=EDGE_CURVE('',#4911,#4910,#7231,.T.);
#5933=EDGE_CURVE('',#4911,#4912,#7232,.T.);
#5934=EDGE_CURVE('',#4912,#4913,#7233,.T.);
#5935=EDGE_CURVE('',#4914,#4913,#7234,.T.);
#5936=EDGE_CURVE('',#4915,#4914,#7235,.T.);
#5937=EDGE_CURVE('',#4915,#4916,#7236,.T.);
#5938=EDGE_CURVE('',#4916,#4917,#7237,.T.);
#5939=EDGE_CURVE('',#4918,#4917,#7238,.T.);
#5940=EDGE_CURVE('',#4919,#4918,#7239,.T.);
#5941=EDGE_CURVE('',#4919,#4920,#7240,.T.);
#5942=EDGE_CURVE('',#4920,#4921,#7241,.T.);
#5943=EDGE_CURVE('',#4922,#4921,#7242,.T.);
#5944=EDGE_CURVE('',#4923,#4922,#7243,.T.);
#5945=EDGE_CURVE('',#4923,#4924,#7244,.T.);
#5946=EDGE_CURVE('',#4924,#4925,#7245,.T.);
#5947=EDGE_CURVE('',#4926,#4925,#7246,.T.);
#5948=EDGE_CURVE('',#4927,#4926,#7247,.T.);
#5949=EDGE_CURVE('',#4927,#4928,#7248,.T.);
#5950=EDGE_CURVE('',#4928,#4929,#7249,.T.);
#5951=EDGE_CURVE('',#4930,#4929,#7250,.T.);
#5952=EDGE_CURVE('',#4931,#4930,#7251,.T.);
#5953=EDGE_CURVE('',#4931,#4932,#7252,.T.);
#5954=EDGE_CURVE('',#4932,#4933,#7253,.T.);
#5955=EDGE_CURVE('',#4934,#4933,#7254,.T.);
#5956=EDGE_CURVE('',#4935,#4934,#7255,.T.);
#5957=EDGE_CURVE('',#4935,#4936,#7256,.T.);
#5958=EDGE_CURVE('',#4936,#4937,#7257,.T.);
#5959=EDGE_CURVE('',#4938,#4937,#7258,.T.);
#5960=EDGE_CURVE('',#4939,#4938,#7259,.T.);
#5961=EDGE_CURVE('',#4939,#4940,#7260,.T.);
#5962=EDGE_CURVE('',#4940,#4941,#7261,.T.);
#5963=EDGE_CURVE('',#4942,#4941,#7262,.T.);
#5964=EDGE_CURVE('',#4943,#4942,#7263,.T.);
#5965=EDGE_CURVE('',#4943,#4944,#7264,.T.);
#5966=EDGE_CURVE('',#4944,#4945,#7265,.T.);
#5967=EDGE_CURVE('',#4946,#4945,#7266,.T.);
#5968=EDGE_CURVE('',#4947,#4946,#7267,.T.);
#5969=EDGE_CURVE('',#4947,#4948,#7268,.T.);
#5970=EDGE_CURVE('',#4948,#4949,#7269,.T.);
#5971=EDGE_CURVE('',#4950,#4949,#7270,.T.);
#5972=EDGE_CURVE('',#4951,#4950,#7271,.T.);
#5973=EDGE_CURVE('',#4951,#4952,#7272,.T.);
#5974=EDGE_CURVE('',#4952,#4953,#7273,.T.);
#5975=EDGE_CURVE('',#4869,#4953,#7274,.T.);
#5976=EDGE_CURVE('',#4736,#4954,#7275,.T.);
#5977=EDGE_CURVE('',#4955,#4954,#7276,.T.);
#5978=EDGE_CURVE('',#4739,#4955,#7277,.T.);
#5979=EDGE_CURVE('',#4891,#4863,#7278,.T.);
#5980=EDGE_CURVE('',#4891,#4956,#7279,.T.);
#5981=EDGE_CURVE('',#4957,#4862,#7280,.T.);
#5982=EDGE_CURVE('',#4734,#4957,#7281,.T.);
#5983=EDGE_CURVE('',#4735,#4958,#7282,.T.);
#5984=EDGE_CURVE('',#4959,#4958,#7283,.T.);
#5985=EDGE_CURVE('',#4732,#4959,#7284,.T.);
#5986=EDGE_CURVE('',#4733,#4960,#7285,.T.);
#5987=EDGE_CURVE('',#4961,#4960,#7286,.T.);
#5988=EDGE_CURVE('',#4730,#4961,#7287,.T.);
#5989=EDGE_CURVE('',#4731,#4962,#7288,.T.);
#5990=EDGE_CURVE('',#4963,#4962,#7289,.T.);
#5991=EDGE_CURVE('',#4728,#4963,#7290,.T.);
#5992=EDGE_CURVE('',#4729,#4964,#7291,.T.);
#5993=EDGE_CURVE('',#4965,#4964,#7292,.T.);
#5994=EDGE_CURVE('',#4726,#4965,#7293,.T.);
#5995=EDGE_CURVE('',#4727,#4966,#7294,.T.);
#5996=EDGE_CURVE('',#4967,#4966,#7295,.T.);
#5997=EDGE_CURVE('',#4724,#4967,#7296,.T.);
#5998=EDGE_CURVE('',#4725,#4968,#7297,.T.);
#5999=EDGE_CURVE('',#4969,#4968,#7298,.T.);
#6000=EDGE_CURVE('',#4722,#4969,#7299,.T.);
#6001=EDGE_CURVE('',#4723,#4970,#7300,.T.);
#6002=EDGE_CURVE('',#4971,#4970,#7301,.T.);
#6003=EDGE_CURVE('',#4720,#4971,#7302,.T.);
#6004=EDGE_CURVE('',#4721,#4972,#7303,.T.);
#6005=EDGE_CURVE('',#4973,#4972,#7304,.T.);
#6006=EDGE_CURVE('',#4718,#4973,#7305,.T.);
#6007=EDGE_CURVE('',#4719,#4974,#7306,.T.);
#6008=EDGE_CURVE('',#4975,#4974,#7307,.T.);
#6009=EDGE_CURVE('',#4716,#4975,#7308,.T.);
#6010=EDGE_CURVE('',#4717,#4976,#7309,.T.);
#6011=EDGE_CURVE('',#4977,#4976,#7310,.T.);
#6012=EDGE_CURVE('',#4714,#4977,#7311,.T.);
#6013=EDGE_CURVE('',#4715,#4978,#7312,.T.);
#6014=EDGE_CURVE('',#4979,#4978,#7313,.T.);
#6015=EDGE_CURVE('',#4712,#4979,#7314,.T.);
#6016=EDGE_CURVE('',#4713,#4980,#7315,.T.);
#6017=EDGE_CURVE('',#4981,#4980,#7316,.T.);
#6018=EDGE_CURVE('',#4710,#4981,#7317,.T.);
#6019=EDGE_CURVE('',#4711,#4982,#7318,.T.);
#6020=EDGE_CURVE('',#4983,#4982,#7319,.T.);
#6021=EDGE_CURVE('',#4708,#4983,#7320,.T.);
#6022=EDGE_CURVE('',#4709,#4984,#7321,.T.);
#6023=EDGE_CURVE('',#4985,#4984,#7322,.T.);
#6024=EDGE_CURVE('',#4706,#4985,#7323,.T.);
#6025=EDGE_CURVE('',#4707,#4986,#7324,.T.);
#6026=EDGE_CURVE('',#4987,#4986,#7325,.T.);
#6027=EDGE_CURVE('',#4704,#4987,#7326,.T.);
#6028=EDGE_CURVE('',#4705,#4988,#7327,.T.);
#6029=EDGE_CURVE('',#4867,#4988,#7328,.T.);
#6030=EDGE_CURVE('',#4953,#4989,#7329,.T.);
#6031=EDGE_CURVE('',#4989,#4990,#7330,.T.);
#6032=EDGE_CURVE('',#4950,#4990,#7331,.T.);
#6033=EDGE_CURVE('',#4949,#4991,#7332,.T.);
#6034=EDGE_CURVE('',#4991,#4992,#7333,.T.);
#6035=EDGE_CURVE('',#4946,#4992,#7334,.T.);
#6036=EDGE_CURVE('',#4945,#4993,#7335,.T.);
#6037=EDGE_CURVE('',#4993,#4994,#7336,.T.);
#6038=EDGE_CURVE('',#4942,#4994,#7337,.T.);
#6039=EDGE_CURVE('',#4941,#4995,#7338,.T.);
#6040=EDGE_CURVE('',#4995,#4996,#7339,.T.);
#6041=EDGE_CURVE('',#4938,#4996,#7340,.T.);
#6042=EDGE_CURVE('',#4937,#4997,#7341,.T.);
#6043=EDGE_CURVE('',#4997,#4998,#7342,.T.);
#6044=EDGE_CURVE('',#4934,#4998,#7343,.T.);
#6045=EDGE_CURVE('',#4933,#4999,#7344,.T.);
#6046=EDGE_CURVE('',#4999,#5000,#7345,.T.);
#6047=EDGE_CURVE('',#4930,#5000,#7346,.T.);
#6048=EDGE_CURVE('',#4929,#5001,#7347,.T.);
#6049=EDGE_CURVE('',#5001,#5002,#7348,.T.);
#6050=EDGE_CURVE('',#4926,#5002,#7349,.T.);
#6051=EDGE_CURVE('',#4925,#5003,#7350,.T.);
#6052=EDGE_CURVE('',#5003,#5004,#7351,.T.);
#6053=EDGE_CURVE('',#4922,#5004,#7352,.T.);
#6054=EDGE_CURVE('',#4921,#5005,#7353,.T.);
#6055=EDGE_CURVE('',#5005,#5006,#7354,.T.);
#6056=EDGE_CURVE('',#4918,#5006,#7355,.T.);
#6057=EDGE_CURVE('',#4917,#5007,#7356,.T.);
#6058=EDGE_CURVE('',#5007,#5008,#7357,.T.);
#6059=EDGE_CURVE('',#4914,#5008,#7358,.T.);
#6060=EDGE_CURVE('',#4913,#5009,#7359,.T.);
#6061=EDGE_CURVE('',#5009,#5010,#7360,.T.);
#6062=EDGE_CURVE('',#4910,#5010,#7361,.T.);
#6063=EDGE_CURVE('',#4909,#5011,#7362,.T.);
#6064=EDGE_CURVE('',#5011,#5012,#7363,.T.);
#6065=EDGE_CURVE('',#4906,#5012,#7364,.T.);
#6066=EDGE_CURVE('',#4905,#5013,#7365,.T.);
#6067=EDGE_CURVE('',#5013,#5014,#7366,.T.);
#6068=EDGE_CURVE('',#4902,#5014,#7367,.T.);
#6069=EDGE_CURVE('',#4901,#5015,#7368,.T.);
#6070=EDGE_CURVE('',#5015,#5016,#7369,.T.);
#6071=EDGE_CURVE('',#4898,#5016,#7370,.T.);
#6072=EDGE_CURVE('',#4897,#5017,#7371,.T.);
#6073=EDGE_CURVE('',#5017,#5018,#7372,.T.);
#6074=EDGE_CURVE('',#4894,#5018,#7373,.T.);
#6075=EDGE_CURVE('',#4893,#5019,#7374,.T.);
#6076=EDGE_CURVE('',#5019,#4956,#7375,.T.);
#6077=EDGE_CURVE('',#5020,#4425,#7376,.T.);
#6078=EDGE_CURVE('',#4861,#5020,#7377,.T.);
#6079=EDGE_CURVE('',#5021,#4865,#7378,.T.);
#6080=EDGE_CURVE('',#5021,#4744,#7379,.T.);
#6081=EDGE_CURVE('',#5022,#4881,#7380,.T.);
#6082=EDGE_CURVE('',#4886,#5022,#7381,.T.);
#6083=EDGE_CURVE('',#4554,#5023,#7382,.T.);
#6084=EDGE_CURVE('',#5023,#5024,#109,.T.);
#6085=EDGE_CURVE('',#4887,#5024,#7383,.T.);
#6086=EDGE_CURVE('',#5022,#5025,#110,.T.);
#6087=EDGE_CURVE('',#5025,#4557,#7384,.T.);
#6088=EDGE_CURVE('',#5024,#4882,#7385,.T.);
#6089=EDGE_CURVE('',#5026,#5021,#7386,.T.);
#6090=EDGE_CURVE('',#5026,#4451,#7387,.T.);
#6091=EDGE_CURVE('',#4450,#4745,#7388,.T.);
#6092=EDGE_CURVE('',#4697,#4856,#7389,.T.);
#6093=EDGE_CURVE('',#5027,#4702,#7390,.T.);
#6094=EDGE_CURVE('',#4871,#5027,#7391,.T.);
#6095=EDGE_CURVE('',#4432,#5027,#7392,.T.);
#6096=EDGE_CURVE('',#4433,#4775,#7393,.T.);
#6097=EDGE_CURVE('',#4751,#4880,#7394,.T.);
#6098=EDGE_CURVE('',#4884,#5025,#7395,.T.);
#6099=EDGE_CURVE('',#4883,#5023,#7396,.T.);
#6100=EDGE_CURVE('',#4868,#4870,#7397,.T.);
#6101=EDGE_CURVE('',#5026,#4864,#7398,.T.);
#6102=EDGE_CURVE('',#5028,#4613,#7399,.T.);
#6103=EDGE_CURVE('',#5029,#4612,#7400,.T.);
#6104=EDGE_CURVE('',#5029,#5028,#7401,.T.);
#6105=EDGE_CURVE('',#4954,#5028,#111,.T.);
#6106=EDGE_CURVE('',#4955,#5029,#112,.T.);
#6107=EDGE_CURVE('',#5030,#5020,#7402,.T.);
#6108=EDGE_CURVE('',#4860,#5030,#7403,.T.);
#6109=EDGE_CURVE('',#5030,#4424,#7404,.T.);
#6110=EDGE_CURVE('',#5031,#4850,#7405,.T.);
#6111=EDGE_CURVE('',#4423,#5031,#7406,.T.);
#6112=EDGE_CURVE('',#5031,#4866,#7407,.T.);
#6113=EDGE_CURVE('',#4957,#5032,#7408,.T.);
#6114=EDGE_CURVE('',#4988,#5033,#7409,.T.);
#6115=EDGE_CURVE('',#5033,#5034,#7410,.T.);
#6116=EDGE_CURVE('',#4987,#5034,#7411,.T.);
#6117=EDGE_CURVE('',#4986,#5035,#7412,.T.);
#6118=EDGE_CURVE('',#5035,#5036,#7413,.T.);
#6119=EDGE_CURVE('',#4985,#5036,#7414,.T.);
#6120=EDGE_CURVE('',#4984,#5037,#7415,.T.);
#6121=EDGE_CURVE('',#5037,#5038,#7416,.T.);
#6122=EDGE_CURVE('',#4983,#5038,#7417,.T.);
#6123=EDGE_CURVE('',#4982,#5039,#7418,.T.);
#6124=EDGE_CURVE('',#5039,#5040,#7419,.T.);
#6125=EDGE_CURVE('',#4981,#5040,#7420,.T.);
#6126=EDGE_CURVE('',#4980,#5041,#7421,.T.);
#6127=EDGE_CURVE('',#5041,#5042,#7422,.T.);
#6128=EDGE_CURVE('',#4979,#5042,#7423,.T.);
#6129=EDGE_CURVE('',#4978,#5043,#7424,.T.);
#6130=EDGE_CURVE('',#5043,#5044,#7425,.T.);
#6131=EDGE_CURVE('',#4977,#5044,#7426,.T.);
#6132=EDGE_CURVE('',#4976,#5045,#7427,.T.);
#6133=EDGE_CURVE('',#5045,#5046,#7428,.T.);
#6134=EDGE_CURVE('',#4975,#5046,#7429,.T.);
#6135=EDGE_CURVE('',#4974,#5047,#7430,.T.);
#6136=EDGE_CURVE('',#5047,#5048,#7431,.T.);
#6137=EDGE_CURVE('',#4973,#5048,#7432,.T.);
#6138=EDGE_CURVE('',#4972,#5049,#7433,.T.);
#6139=EDGE_CURVE('',#5049,#5050,#7434,.T.);
#6140=EDGE_CURVE('',#4971,#5050,#7435,.T.);
#6141=EDGE_CURVE('',#4970,#5051,#7436,.T.);
#6142=EDGE_CURVE('',#5051,#5052,#7437,.T.);
#6143=EDGE_CURVE('',#4969,#5052,#7438,.T.);
#6144=EDGE_CURVE('',#4968,#5053,#7439,.T.);
#6145=EDGE_CURVE('',#5053,#5054,#7440,.T.);
#6146=EDGE_CURVE('',#4967,#5054,#7441,.T.);
#6147=EDGE_CURVE('',#4966,#5055,#7442,.T.);
#6148=EDGE_CURVE('',#5055,#5056,#7443,.T.);
#6149=EDGE_CURVE('',#4965,#5056,#7444,.T.);
#6150=EDGE_CURVE('',#4964,#5057,#7445,.T.);
#6151=EDGE_CURVE('',#5057,#5058,#7446,.T.);
#6152=EDGE_CURVE('',#4963,#5058,#7447,.T.);
#6153=EDGE_CURVE('',#4962,#5059,#7448,.T.);
#6154=EDGE_CURVE('',#5059,#5060,#7449,.T.);
#6155=EDGE_CURVE('',#4961,#5060,#7450,.T.);
#6156=EDGE_CURVE('',#4960,#5061,#7451,.T.);
#6157=EDGE_CURVE('',#5061,#5062,#7452,.T.);
#6158=EDGE_CURVE('',#4959,#5062,#7453,.T.);
#6159=EDGE_CURVE('',#4958,#5063,#7454,.T.);
#6160=EDGE_CURVE('',#5063,#5032,#7455,.T.);
#6161=EDGE_CURVE('',#5064,#4436,#7456,.T.);
#6162=EDGE_CURVE('',#4615,#5064,#7457,.T.);
#6163=EDGE_CURVE('',#4874,#5064,#7458,.T.);
#6164=EDGE_CURVE('',#4668,#5065,#7459,.T.);
#6165=EDGE_CURVE('',#4445,#5065,#7460,.T.);
#6166=EDGE_CURVE('',#5065,#4876,#7461,.T.);
#6167=EDGE_CURVE('',#5034,#4478,#7462,.T.);
#6168=EDGE_CURVE('',#5033,#4480,#7463,.T.);
#6169=EDGE_CURVE('',#5066,#4951,#113,.T.);
#6170=EDGE_CURVE('',#4990,#5067,#7464,.T.);
#6171=EDGE_CURVE('',#5067,#5068,#114,.T.);
#6172=EDGE_CURVE('',#5068,#5066,#7465,.T.);
#6173=EDGE_CURVE('',#5069,#4952,#115,.T.);
#6174=EDGE_CURVE('',#5070,#5069,#7466,.T.);
#6175=EDGE_CURVE('',#5071,#5070,#116,.T.);
#6176=EDGE_CURVE('',#4989,#5071,#7467,.T.);
#6177=EDGE_CURVE('',#5066,#5069,#7468,.T.);
#6178=EDGE_CURVE('',#5067,#5071,#7469,.T.);
#6179=EDGE_CURVE('',#5068,#5070,#7470,.T.);
#6180=EDGE_CURVE('',#4785,#5072,#117,.T.);
#6181=EDGE_CURVE('',#4784,#5073,#118,.T.);
#6182=EDGE_CURVE('',#5072,#5073,#7471,.T.);
#6183=EDGE_CURVE('',#5073,#5074,#7472,.T.);
#6184=EDGE_CURVE('',#5075,#5074,#7473,.T.);
#6185=EDGE_CURVE('',#5072,#5075,#7474,.T.);
#6186=EDGE_CURVE('',#5074,#5076,#7475,.T.);
#6187=EDGE_CURVE('',#5077,#5076,#7476,.T.);
#6188=EDGE_CURVE('',#5075,#5077,#7477,.T.);
#6189=EDGE_CURVE('',#5077,#4838,#7478,.T.);
#6190=EDGE_CURVE('',#5076,#4839,#7479,.T.);
#6191=EDGE_CURVE('',#5078,#4770,#119,.T.);
#6192=EDGE_CURVE('',#5079,#5078,#7480,.T.);
#6193=EDGE_CURVE('',#5079,#4771,#120,.T.);
#6194=EDGE_CURVE('',#4628,#5080,#7481,.T.);
#6195=EDGE_CURVE('',#4627,#5081,#7482,.T.);
#6196=EDGE_CURVE('',#5081,#5080,#7483,.T.);
#6197=EDGE_CURVE('',#5080,#5082,#7484,.T.);
#6198=EDGE_CURVE('',#5081,#5083,#7485,.T.);
#6199=EDGE_CURVE('',#5083,#5082,#7486,.T.);
#6200=EDGE_CURVE('',#5082,#5078,#7487,.T.);
#6201=EDGE_CURVE('',#5083,#5079,#7488,.T.);
#6202=EDGE_CURVE('',#5036,#4543,#7489,.T.);
#6203=EDGE_CURVE('',#5035,#4544,#7490,.T.);
#6204=EDGE_CURVE('',#5084,#4947,#121,.T.);
#6205=EDGE_CURVE('',#4992,#5085,#7491,.T.);
#6206=EDGE_CURVE('',#5085,#5086,#122,.T.);
#6207=EDGE_CURVE('',#5086,#5084,#7492,.T.);
#6208=EDGE_CURVE('',#5087,#4948,#123,.T.);
#6209=EDGE_CURVE('',#5088,#5087,#7493,.T.);
#6210=EDGE_CURVE('',#5089,#5088,#124,.T.);
#6211=EDGE_CURVE('',#4991,#5089,#7494,.T.);
#6212=EDGE_CURVE('',#5084,#5087,#7495,.T.);
#6213=EDGE_CURVE('',#5085,#5089,#7496,.T.);
#6214=EDGE_CURVE('',#5086,#5088,#7497,.T.);
#6215=EDGE_CURVE('',#5038,#4539,#7498,.T.);
#6216=EDGE_CURVE('',#5037,#4540,#7499,.T.);
#6217=EDGE_CURVE('',#5090,#4943,#125,.T.);
#6218=EDGE_CURVE('',#4994,#5091,#7500,.T.);
#6219=EDGE_CURVE('',#5091,#5092,#126,.T.);
#6220=EDGE_CURVE('',#5092,#5090,#7501,.T.);
#6221=EDGE_CURVE('',#5093,#4944,#127,.T.);
#6222=EDGE_CURVE('',#5094,#5093,#7502,.T.);
#6223=EDGE_CURVE('',#5095,#5094,#128,.T.);
#6224=EDGE_CURVE('',#4993,#5095,#7503,.T.);
#6225=EDGE_CURVE('',#5090,#5093,#7504,.T.);
#6226=EDGE_CURVE('',#5091,#5095,#7505,.T.);
#6227=EDGE_CURVE('',#5092,#5094,#7506,.T.);
#6228=EDGE_CURVE('',#5040,#4535,#7507,.T.);
#6229=EDGE_CURVE('',#5039,#4536,#7508,.T.);
#6230=EDGE_CURVE('',#5096,#4939,#129,.T.);
#6231=EDGE_CURVE('',#4996,#5097,#7509,.T.);
#6232=EDGE_CURVE('',#5097,#5098,#130,.T.);
#6233=EDGE_CURVE('',#5098,#5096,#7510,.T.);
#6234=EDGE_CURVE('',#5099,#4940,#131,.T.);
#6235=EDGE_CURVE('',#5100,#5099,#7511,.T.);
#6236=EDGE_CURVE('',#5101,#5100,#132,.T.);
#6237=EDGE_CURVE('',#4995,#5101,#7512,.T.);
#6238=EDGE_CURVE('',#5096,#5099,#7513,.T.);
#6239=EDGE_CURVE('',#5097,#5101,#7514,.T.);
#6240=EDGE_CURVE('',#5098,#5100,#7515,.T.);
#6241=EDGE_CURVE('',#5042,#4531,#7516,.T.);
#6242=EDGE_CURVE('',#5041,#4532,#7517,.T.);
#6243=EDGE_CURVE('',#5102,#4935,#133,.T.);
#6244=EDGE_CURVE('',#4998,#5103,#7518,.T.);
#6245=EDGE_CURVE('',#5103,#5104,#134,.T.);
#6246=EDGE_CURVE('',#5104,#5102,#7519,.T.);
#6247=EDGE_CURVE('',#5105,#4936,#135,.T.);
#6248=EDGE_CURVE('',#5106,#5105,#7520,.T.);
#6249=EDGE_CURVE('',#5107,#5106,#136,.T.);
#6250=EDGE_CURVE('',#4997,#5107,#7521,.T.);
#6251=EDGE_CURVE('',#5102,#5105,#7522,.T.);
#6252=EDGE_CURVE('',#5103,#5107,#7523,.T.);
#6253=EDGE_CURVE('',#5104,#5106,#7524,.T.);
#6254=EDGE_CURVE('',#5044,#4527,#7525,.T.);
#6255=EDGE_CURVE('',#5043,#4528,#7526,.T.);
#6256=EDGE_CURVE('',#5108,#4931,#137,.T.);
#6257=EDGE_CURVE('',#5000,#5109,#7527,.T.);
#6258=EDGE_CURVE('',#5109,#5110,#138,.T.);
#6259=EDGE_CURVE('',#5110,#5108,#7528,.T.);
#6260=EDGE_CURVE('',#5111,#4932,#139,.T.);
#6261=EDGE_CURVE('',#5112,#5111,#7529,.T.);
#6262=EDGE_CURVE('',#5113,#5112,#140,.T.);
#6263=EDGE_CURVE('',#4999,#5113,#7530,.T.);
#6264=EDGE_CURVE('',#5108,#5111,#7531,.T.);
#6265=EDGE_CURVE('',#5109,#5113,#7532,.T.);
#6266=EDGE_CURVE('',#5110,#5112,#7533,.T.);
#6267=EDGE_CURVE('',#5046,#4523,#7534,.T.);
#6268=EDGE_CURVE('',#5045,#4524,#7535,.T.);
#6269=EDGE_CURVE('',#5114,#4927,#141,.T.);
#6270=EDGE_CURVE('',#5002,#5115,#7536,.T.);
#6271=EDGE_CURVE('',#5115,#5116,#142,.T.);
#6272=EDGE_CURVE('',#5116,#5114,#7537,.T.);
#6273=EDGE_CURVE('',#5117,#4928,#143,.T.);
#6274=EDGE_CURVE('',#5118,#5117,#7538,.T.);
#6275=EDGE_CURVE('',#5119,#5118,#144,.T.);
#6276=EDGE_CURVE('',#5001,#5119,#7539,.T.);
#6277=EDGE_CURVE('',#5114,#5117,#7540,.T.);
#6278=EDGE_CURVE('',#5115,#5119,#7541,.T.);
#6279=EDGE_CURVE('',#5116,#5118,#7542,.T.);
#6280=EDGE_CURVE('',#5048,#4519,#7543,.T.);
#6281=EDGE_CURVE('',#5047,#4520,#7544,.T.);
#6282=EDGE_CURVE('',#5120,#4923,#145,.T.);
#6283=EDGE_CURVE('',#5004,#5121,#7545,.T.);
#6284=EDGE_CURVE('',#5121,#5122,#146,.T.);
#6285=EDGE_CURVE('',#5122,#5120,#7546,.T.);
#6286=EDGE_CURVE('',#5123,#4924,#147,.T.);
#6287=EDGE_CURVE('',#5124,#5123,#7547,.T.);
#6288=EDGE_CURVE('',#5125,#5124,#148,.T.);
#6289=EDGE_CURVE('',#5003,#5125,#7548,.T.);
#6290=EDGE_CURVE('',#5120,#5123,#7549,.T.);
#6291=EDGE_CURVE('',#5121,#5125,#7550,.T.);
#6292=EDGE_CURVE('',#5122,#5124,#7551,.T.);
#6293=EDGE_CURVE('',#5050,#4515,#7552,.T.);
#6294=EDGE_CURVE('',#5049,#4516,#7553,.T.);
#6295=EDGE_CURVE('',#5126,#4919,#149,.T.);
#6296=EDGE_CURVE('',#5006,#5127,#7554,.T.);
#6297=EDGE_CURVE('',#5127,#5128,#150,.T.);
#6298=EDGE_CURVE('',#5128,#5126,#7555,.T.);
#6299=EDGE_CURVE('',#5129,#4920,#151,.T.);
#6300=EDGE_CURVE('',#5130,#5129,#7556,.T.);
#6301=EDGE_CURVE('',#5131,#5130,#152,.T.);
#6302=EDGE_CURVE('',#5005,#5131,#7557,.T.);
#6303=EDGE_CURVE('',#5126,#5129,#7558,.T.);
#6304=EDGE_CURVE('',#5127,#5131,#7559,.T.);
#6305=EDGE_CURVE('',#5128,#5130,#7560,.T.);
#6306=EDGE_CURVE('',#5052,#4511,#7561,.T.);
#6307=EDGE_CURVE('',#5051,#4512,#7562,.T.);
#6308=EDGE_CURVE('',#5132,#4915,#153,.T.);
#6309=EDGE_CURVE('',#5008,#5133,#7563,.T.);
#6310=EDGE_CURVE('',#5133,#5134,#154,.T.);
#6311=EDGE_CURVE('',#5134,#5132,#7564,.T.);
#6312=EDGE_CURVE('',#5135,#4916,#155,.T.);
#6313=EDGE_CURVE('',#5136,#5135,#7565,.T.);
#6314=EDGE_CURVE('',#5137,#5136,#156,.T.);
#6315=EDGE_CURVE('',#5007,#5137,#7566,.T.);
#6316=EDGE_CURVE('',#5132,#5135,#7567,.T.);
#6317=EDGE_CURVE('',#5133,#5137,#7568,.T.);
#6318=EDGE_CURVE('',#5134,#5136,#7569,.T.);
#6319=EDGE_CURVE('',#5054,#4507,#7570,.T.);
#6320=EDGE_CURVE('',#5053,#4508,#7571,.T.);
#6321=EDGE_CURVE('',#5138,#4911,#157,.T.);
#6322=EDGE_CURVE('',#5010,#5139,#7572,.T.);
#6323=EDGE_CURVE('',#5139,#5140,#158,.T.);
#6324=EDGE_CURVE('',#5140,#5138,#7573,.T.);
#6325=EDGE_CURVE('',#5141,#4912,#159,.T.);
#6326=EDGE_CURVE('',#5142,#5141,#7574,.T.);
#6327=EDGE_CURVE('',#5143,#5142,#160,.T.);
#6328=EDGE_CURVE('',#5009,#5143,#7575,.T.);
#6329=EDGE_CURVE('',#5138,#5141,#7576,.T.);
#6330=EDGE_CURVE('',#5139,#5143,#7577,.T.);
#6331=EDGE_CURVE('',#5140,#5142,#7578,.T.);
#6332=EDGE_CURVE('',#5056,#4503,#7579,.T.);
#6333=EDGE_CURVE('',#5055,#4504,#7580,.T.);
#6334=EDGE_CURVE('',#5144,#4907,#161,.T.);
#6335=EDGE_CURVE('',#5012,#5145,#7581,.T.);
#6336=EDGE_CURVE('',#5145,#5146,#162,.T.);
#6337=EDGE_CURVE('',#5146,#5144,#7582,.T.);
#6338=EDGE_CURVE('',#5147,#4908,#163,.T.);
#6339=EDGE_CURVE('',#5148,#5147,#7583,.T.);
#6340=EDGE_CURVE('',#5149,#5148,#164,.T.);
#6341=EDGE_CURVE('',#5011,#5149,#7584,.T.);
#6342=EDGE_CURVE('',#5144,#5147,#7585,.T.);
#6343=EDGE_CURVE('',#5145,#5149,#7586,.T.);
#6344=EDGE_CURVE('',#5146,#5148,#7587,.T.);
#6345=EDGE_CURVE('',#5058,#4499,#7588,.T.);
#6346=EDGE_CURVE('',#5057,#4500,#7589,.T.);
#6347=EDGE_CURVE('',#5150,#4903,#165,.T.);
#6348=EDGE_CURVE('',#5014,#5151,#7590,.T.);
#6349=EDGE_CURVE('',#5151,#5152,#166,.T.);
#6350=EDGE_CURVE('',#5152,#5150,#7591,.T.);
#6351=EDGE_CURVE('',#5153,#4904,#167,.T.);
#6352=EDGE_CURVE('',#5154,#5153,#7592,.T.);
#6353=EDGE_CURVE('',#5155,#5154,#168,.T.);
#6354=EDGE_CURVE('',#5013,#5155,#7593,.T.);
#6355=EDGE_CURVE('',#5150,#5153,#7594,.T.);
#6356=EDGE_CURVE('',#5151,#5155,#7595,.T.);
#6357=EDGE_CURVE('',#5152,#5154,#7596,.T.);
#6358=EDGE_CURVE('',#5060,#4495,#7597,.T.);
#6359=EDGE_CURVE('',#5059,#4496,#7598,.T.);
#6360=EDGE_CURVE('',#5156,#4899,#169,.T.);
#6361=EDGE_CURVE('',#5016,#5157,#7599,.T.);
#6362=EDGE_CURVE('',#5157,#5158,#170,.T.);
#6363=EDGE_CURVE('',#5158,#5156,#7600,.T.);
#6364=EDGE_CURVE('',#5159,#4900,#171,.T.);
#6365=EDGE_CURVE('',#5160,#5159,#7601,.T.);
#6366=EDGE_CURVE('',#5161,#5160,#172,.T.);
#6367=EDGE_CURVE('',#5015,#5161,#7602,.T.);
#6368=EDGE_CURVE('',#5156,#5159,#7603,.T.);
#6369=EDGE_CURVE('',#5157,#5161,#7604,.T.);
#6370=EDGE_CURVE('',#5158,#5160,#7605,.T.);
#6371=EDGE_CURVE('',#5062,#4491,#7606,.T.);
#6372=EDGE_CURVE('',#5061,#4492,#7607,.T.);
#6373=EDGE_CURVE('',#5162,#4895,#173,.T.);
#6374=EDGE_CURVE('',#5018,#5163,#7608,.T.);
#6375=EDGE_CURVE('',#5163,#5164,#174,.T.);
#6376=EDGE_CURVE('',#5164,#5162,#7609,.T.);
#6377=EDGE_CURVE('',#5165,#4896,#175,.T.);
#6378=EDGE_CURVE('',#5166,#5165,#7610,.T.);
#6379=EDGE_CURVE('',#5167,#5166,#176,.T.);
#6380=EDGE_CURVE('',#5017,#5167,#7611,.T.);
#6381=EDGE_CURVE('',#5162,#5165,#7612,.T.);
#6382=EDGE_CURVE('',#5163,#5167,#7613,.T.);
#6383=EDGE_CURVE('',#5164,#5166,#7614,.T.);
#6384=EDGE_CURVE('',#5032,#4487,#7615,.T.);
#6385=EDGE_CURVE('',#5063,#4488,#7616,.T.);
#6386=EDGE_CURVE('',#5168,#4890,#177,.T.);
#6387=EDGE_CURVE('',#4956,#5169,#7617,.T.);
#6388=EDGE_CURVE('',#5169,#5170,#178,.T.);
#6389=EDGE_CURVE('',#5170,#5168,#7618,.T.);
#6390=EDGE_CURVE('',#5171,#4892,#179,.T.);
#6391=EDGE_CURVE('',#5172,#5171,#7619,.T.);
#6392=EDGE_CURVE('',#5173,#5172,#180,.T.);
#6393=EDGE_CURVE('',#5019,#5173,#7620,.T.);
#6394=EDGE_CURVE('',#5168,#5171,#7621,.T.);
#6395=EDGE_CURVE('',#5169,#5173,#7622,.T.);
#6396=EDGE_CURVE('',#5170,#5172,#7623,.T.);
#6397=EDGE_CURVE('',#4789,#5174,#181,.T.);
#6398=EDGE_CURVE('',#4788,#5175,#182,.T.);
#6399=EDGE_CURVE('',#5174,#5175,#7624,.T.);
#6400=EDGE_CURVE('',#5174,#5176,#7625,.T.);
#6401=EDGE_CURVE('',#5176,#5177,#7626,.T.);
#6402=EDGE_CURVE('',#5177,#4836,#7627,.T.);
#6403=EDGE_CURVE('',#5178,#4837,#7628,.T.);
#6404=EDGE_CURVE('',#5179,#5178,#7629,.T.);
#6405=EDGE_CURVE('',#5175,#5179,#7630,.T.);
#6406=EDGE_CURVE('',#5176,#5179,#7631,.T.);
#6407=EDGE_CURVE('',#5177,#5178,#7632,.T.);
#6408=EDGE_CURVE('',#4793,#5180,#183,.T.);
#6409=EDGE_CURVE('',#4792,#5181,#184,.T.);
#6410=EDGE_CURVE('',#5180,#5181,#7633,.T.);
#6411=EDGE_CURVE('',#5180,#5182,#7634,.T.);
#6412=EDGE_CURVE('',#5182,#5183,#7635,.T.);
#6413=EDGE_CURVE('',#5183,#4834,#7636,.T.);
#6414=EDGE_CURVE('',#5184,#4835,#7637,.T.);
#6415=EDGE_CURVE('',#5185,#5184,#7638,.T.);
#6416=EDGE_CURVE('',#5181,#5185,#7639,.T.);
#6417=EDGE_CURVE('',#5182,#5185,#7640,.T.);
#6418=EDGE_CURVE('',#5183,#5184,#7641,.T.);
#6419=EDGE_CURVE('',#4797,#5186,#185,.T.);
#6420=EDGE_CURVE('',#4796,#5187,#186,.T.);
#6421=EDGE_CURVE('',#5186,#5187,#7642,.T.);
#6422=EDGE_CURVE('',#5186,#5188,#7643,.T.);
#6423=EDGE_CURVE('',#5188,#5189,#7644,.T.);
#6424=EDGE_CURVE('',#5189,#4832,#7645,.T.);
#6425=EDGE_CURVE('',#5190,#4833,#7646,.T.);
#6426=EDGE_CURVE('',#5191,#5190,#7647,.T.);
#6427=EDGE_CURVE('',#5187,#5191,#7648,.T.);
#6428=EDGE_CURVE('',#5188,#5191,#7649,.T.);
#6429=EDGE_CURVE('',#5189,#5190,#7650,.T.);
#6430=EDGE_CURVE('',#4801,#5192,#187,.T.);
#6431=EDGE_CURVE('',#4800,#5193,#188,.T.);
#6432=EDGE_CURVE('',#5192,#5193,#7651,.T.);
#6433=EDGE_CURVE('',#5192,#5194,#7652,.T.);
#6434=EDGE_CURVE('',#5194,#5195,#7653,.T.);
#6435=EDGE_CURVE('',#5195,#4830,#7654,.T.);
#6436=EDGE_CURVE('',#5196,#4831,#7655,.T.);
#6437=EDGE_CURVE('',#5197,#5196,#7656,.T.);
#6438=EDGE_CURVE('',#5193,#5197,#7657,.T.);
#6439=EDGE_CURVE('',#5194,#5197,#7658,.T.);
#6440=EDGE_CURVE('',#5195,#5196,#7659,.T.);
#6441=EDGE_CURVE('',#4805,#5198,#189,.T.);
#6442=EDGE_CURVE('',#4804,#5199,#190,.T.);
#6443=EDGE_CURVE('',#5198,#5199,#7660,.T.);
#6444=EDGE_CURVE('',#5198,#5200,#7661,.T.);
#6445=EDGE_CURVE('',#5200,#5201,#7662,.T.);
#6446=EDGE_CURVE('',#5201,#4828,#7663,.T.);
#6447=EDGE_CURVE('',#5202,#4829,#7664,.T.);
#6448=EDGE_CURVE('',#5203,#5202,#7665,.T.);
#6449=EDGE_CURVE('',#5199,#5203,#7666,.T.);
#6450=EDGE_CURVE('',#5200,#5203,#7667,.T.);
#6451=EDGE_CURVE('',#5201,#5202,#7668,.T.);
#6452=EDGE_CURVE('',#4809,#5204,#191,.T.);
#6453=EDGE_CURVE('',#4808,#5205,#192,.T.);
#6454=EDGE_CURVE('',#5204,#5205,#7669,.T.);
#6455=EDGE_CURVE('',#5204,#5206,#7670,.T.);
#6456=EDGE_CURVE('',#5206,#5207,#7671,.T.);
#6457=EDGE_CURVE('',#5207,#4826,#7672,.T.);
#6458=EDGE_CURVE('',#5208,#4827,#7673,.T.);
#6459=EDGE_CURVE('',#5209,#5208,#7674,.T.);
#6460=EDGE_CURVE('',#5205,#5209,#7675,.T.);
#6461=EDGE_CURVE('',#5206,#5209,#7676,.T.);
#6462=EDGE_CURVE('',#5207,#5208,#7677,.T.);
#6463=EDGE_CURVE('',#4813,#5210,#193,.T.);
#6464=EDGE_CURVE('',#4812,#5211,#194,.T.);
#6465=EDGE_CURVE('',#5210,#5211,#7678,.T.);
#6466=EDGE_CURVE('',#5210,#5212,#7679,.T.);
#6467=EDGE_CURVE('',#5212,#5213,#7680,.T.);
#6468=EDGE_CURVE('',#5213,#4824,#7681,.T.);
#6469=EDGE_CURVE('',#5214,#4825,#7682,.T.);
#6470=EDGE_CURVE('',#5215,#5214,#7683,.T.);
#6471=EDGE_CURVE('',#5211,#5215,#7684,.T.);
#6472=EDGE_CURVE('',#5212,#5215,#7685,.T.);
#6473=EDGE_CURVE('',#5213,#5214,#7686,.T.);
#6474=EDGE_CURVE('',#5216,#4768,#195,.T.);
#6475=EDGE_CURVE('',#5217,#5216,#7687,.T.);
#6476=EDGE_CURVE('',#5217,#4769,#196,.T.);
#6477=EDGE_CURVE('',#4632,#5218,#7688,.T.);
#6478=EDGE_CURVE('',#4631,#5219,#7689,.T.);
#6479=EDGE_CURVE('',#5219,#5218,#7690,.T.);
#6480=EDGE_CURVE('',#5218,#5220,#7691,.T.);
#6481=EDGE_CURVE('',#5219,#5221,#7692,.T.);
#6482=EDGE_CURVE('',#5221,#5220,#7693,.T.);
#6483=EDGE_CURVE('',#5220,#5216,#7694,.T.);
#6484=EDGE_CURVE('',#5221,#5217,#7695,.T.);
#6485=EDGE_CURVE('',#5222,#4766,#197,.T.);
#6486=EDGE_CURVE('',#5223,#5222,#7696,.T.);
#6487=EDGE_CURVE('',#5223,#4767,#198,.T.);
#6488=EDGE_CURVE('',#4636,#5224,#7697,.T.);
#6489=EDGE_CURVE('',#4635,#5225,#7698,.T.);
#6490=EDGE_CURVE('',#5225,#5224,#7699,.T.);
#6491=EDGE_CURVE('',#5224,#5226,#7700,.T.);
#6492=EDGE_CURVE('',#5225,#5227,#7701,.T.);
#6493=EDGE_CURVE('',#5227,#5226,#7702,.T.);
#6494=EDGE_CURVE('',#5226,#5222,#7703,.T.);
#6495=EDGE_CURVE('',#5227,#5223,#7704,.T.);
#6496=EDGE_CURVE('',#5228,#4764,#199,.T.);
#6497=EDGE_CURVE('',#5229,#5228,#7705,.T.);
#6498=EDGE_CURVE('',#5229,#4765,#200,.T.);
#6499=EDGE_CURVE('',#4640,#5230,#7706,.T.);
#6500=EDGE_CURVE('',#4639,#5231,#7707,.T.);
#6501=EDGE_CURVE('',#5231,#5230,#7708,.T.);
#6502=EDGE_CURVE('',#5230,#5232,#7709,.T.);
#6503=EDGE_CURVE('',#5231,#5233,#7710,.T.);
#6504=EDGE_CURVE('',#5233,#5232,#7711,.T.);
#6505=EDGE_CURVE('',#5232,#5228,#7712,.T.);
#6506=EDGE_CURVE('',#5233,#5229,#7713,.T.);
#6507=EDGE_CURVE('',#5234,#4762,#201,.T.);
#6508=EDGE_CURVE('',#5235,#5234,#7714,.T.);
#6509=EDGE_CURVE('',#5235,#4763,#202,.T.);
#6510=EDGE_CURVE('',#4644,#5236,#7715,.T.);
#6511=EDGE_CURVE('',#4643,#5237,#7716,.T.);
#6512=EDGE_CURVE('',#5237,#5236,#7717,.T.);
#6513=EDGE_CURVE('',#5236,#5238,#7718,.T.);
#6514=EDGE_CURVE('',#5237,#5239,#7719,.T.);
#6515=EDGE_CURVE('',#5239,#5238,#7720,.T.);
#6516=EDGE_CURVE('',#5238,#5234,#7721,.T.);
#6517=EDGE_CURVE('',#5239,#5235,#7722,.T.);
#6518=EDGE_CURVE('',#5240,#4760,#203,.T.);
#6519=EDGE_CURVE('',#5241,#5240,#7723,.T.);
#6520=EDGE_CURVE('',#5241,#4761,#204,.T.);
#6521=EDGE_CURVE('',#4648,#5242,#7724,.T.);
#6522=EDGE_CURVE('',#4647,#5243,#7725,.T.);
#6523=EDGE_CURVE('',#5243,#5242,#7726,.T.);
#6524=EDGE_CURVE('',#5242,#5244,#7727,.T.);
#6525=EDGE_CURVE('',#5243,#5245,#7728,.T.);
#6526=EDGE_CURVE('',#5245,#5244,#7729,.T.);
#6527=EDGE_CURVE('',#5244,#5240,#7730,.T.);
#6528=EDGE_CURVE('',#5245,#5241,#7731,.T.);
#6529=EDGE_CURVE('',#5246,#4758,#205,.T.);
#6530=EDGE_CURVE('',#5247,#5246,#7732,.T.);
#6531=EDGE_CURVE('',#5247,#4759,#206,.T.);
#6532=EDGE_CURVE('',#4652,#5248,#7733,.T.);
#6533=EDGE_CURVE('',#4651,#5249,#7734,.T.);
#6534=EDGE_CURVE('',#5249,#5248,#7735,.T.);
#6535=EDGE_CURVE('',#5248,#5250,#7736,.T.);
#6536=EDGE_CURVE('',#5249,#5251,#7737,.T.);
#6537=EDGE_CURVE('',#5251,#5250,#7738,.T.);
#6538=EDGE_CURVE('',#5250,#5246,#7739,.T.);
#6539=EDGE_CURVE('',#5251,#5247,#7740,.T.);
#6540=EDGE_CURVE('',#5252,#4756,#207,.T.);
#6541=EDGE_CURVE('',#5253,#5252,#7741,.T.);
#6542=EDGE_CURVE('',#5253,#4757,#208,.T.);
#6543=EDGE_CURVE('',#4656,#5254,#7742,.T.);
#6544=EDGE_CURVE('',#4655,#5255,#7743,.T.);
#6545=EDGE_CURVE('',#5255,#5254,#7744,.T.);
#6546=EDGE_CURVE('',#5254,#5256,#7745,.T.);
#6547=EDGE_CURVE('',#5255,#5257,#7746,.T.);
#6548=EDGE_CURVE('',#5257,#5256,#7747,.T.);
#6549=EDGE_CURVE('',#5256,#5252,#7748,.T.);
#6550=EDGE_CURVE('',#5257,#5253,#7749,.T.);
#6551=EDGE_CURVE('',#5258,#4780,#209,.T.);
#6552=EDGE_CURVE('',#5259,#5258,#7750,.T.);
#6553=EDGE_CURVE('',#5259,#4781,#210,.T.);
#6554=EDGE_CURVE('',#4841,#5260,#7751,.T.);
#6555=EDGE_CURVE('',#5260,#5261,#7752,.T.);
#6556=EDGE_CURVE('',#5261,#5258,#7753,.T.);
#6557=EDGE_CURVE('',#5262,#5259,#7754,.T.);
#6558=EDGE_CURVE('',#5263,#5262,#7755,.T.);
#6559=EDGE_CURVE('',#4840,#5263,#7756,.T.);
#6560=EDGE_CURVE('',#5262,#5261,#7757,.T.);
#6561=EDGE_CURVE('',#5263,#5260,#7758,.T.);
#6562=EDGE_CURVE('',#4772,#5264,#211,.T.);
#6563=EDGE_CURVE('',#5264,#5265,#7759,.T.);
#6564=EDGE_CURVE('',#4773,#5265,#212,.T.);
#6565=EDGE_CURVE('',#5265,#5266,#7760,.T.);
#6566=EDGE_CURVE('',#5266,#5267,#7761,.T.);
#6567=EDGE_CURVE('',#5267,#4623,#7762,.T.);
#6568=EDGE_CURVE('',#5268,#4624,#7763,.T.);
#6569=EDGE_CURVE('',#5269,#5268,#7764,.T.);
#6570=EDGE_CURVE('',#5264,#5269,#7765,.T.);
#6571=EDGE_CURVE('',#5268,#5267,#7766,.T.);
#6572=EDGE_CURVE('',#5269,#5266,#7767,.T.);
#6573=EDGE_CURVE('',#5270,#4817,#213,.T.);
#6574=EDGE_CURVE('',#5271,#4816,#214,.T.);
#6575=EDGE_CURVE('',#5271,#5270,#7768,.T.);
#6576=EDGE_CURVE('',#5272,#5270,#7769,.T.);
#6577=EDGE_CURVE('',#5273,#5272,#7770,.T.);
#6578=EDGE_CURVE('',#4822,#5273,#7771,.T.);
#6579=EDGE_CURVE('',#4823,#5274,#7772,.T.);
#6580=EDGE_CURVE('',#5274,#5275,#7773,.T.);
#6581=EDGE_CURVE('',#5275,#5271,#7774,.T.);
#6582=EDGE_CURVE('',#5275,#5272,#7775,.T.);
#6583=EDGE_CURVE('',#5274,#5273,#7776,.T.);
#6584=EDGE_CURVE('',#4755,#5276,#215,.T.);
#6585=EDGE_CURVE('',#4754,#5277,#216,.T.);
#6586=EDGE_CURVE('',#5276,#5277,#7777,.T.);
#6587=EDGE_CURVE('',#5278,#4660,#7778,.T.);
#6588=EDGE_CURVE('',#5279,#5278,#7779,.T.);
#6589=EDGE_CURVE('',#5277,#5279,#7780,.T.);
#6590=EDGE_CURVE('',#5276,#5280,#7781,.T.);
#6591=EDGE_CURVE('',#5280,#5281,#7782,.T.);
#6592=EDGE_CURVE('',#5281,#4659,#7783,.T.);
#6593=EDGE_CURVE('',#5281,#5278,#7784,.T.);
#6594=EDGE_CURVE('',#5280,#5279,#7785,.T.);
#6595=LINE('',#11762,#7786);
#6596=LINE('',#11765,#7787);
#6597=LINE('',#11767,#7788);
#6598=LINE('',#11769,#7789);
#6599=LINE('',#11771,#7790);
#6600=LINE('',#11773,#7791);
#6601=LINE('',#11775,#7792);
#6602=LINE('',#11777,#7793);
#6603=LINE('',#11778,#7794);
#6604=LINE('',#11781,#7795);
#6605=LINE('',#11783,#7796);
#6606=LINE('',#11785,#7797);
#6607=LINE('',#11787,#7798);
#6608=LINE('',#11789,#7799);
#6609=LINE('',#11791,#7800);
#6610=LINE('',#11793,#7801);
#6611=LINE('',#11795,#7802);
#6612=LINE('',#11797,#7803);
#6613=LINE('',#11799,#7804);
#6614=LINE('',#11801,#7805);
#6615=LINE('',#11803,#7806);
#6616=LINE('',#11805,#7807);
#6617=LINE('',#11807,#7808);
#6618=LINE('',#11809,#7809);
#6619=LINE('',#11811,#7810);
#6620=LINE('',#11813,#7811);
#6621=LINE('',#11815,#7812);
#6622=LINE('',#11817,#7813);
#6623=LINE('',#11819,#7814);
#6624=LINE('',#11821,#7815);
#6625=LINE('',#11823,#7816);
#6626=LINE('',#11825,#7817);
#6627=LINE('',#11827,#7818);
#6628=LINE('',#11829,#7819);
#6629=LINE('',#11831,#7820);
#6630=LINE('',#11833,#7821);
#6631=LINE('',#11835,#7822);
#6632=LINE('',#11837,#7823);
#6633=LINE('',#11839,#7824);
#6634=LINE('',#11841,#7825);
#6635=LINE('',#11843,#7826);
#6636=LINE('',#11845,#7827);
#6637=LINE('',#11847,#7828);
#6638=LINE('',#11849,#7829);
#6639=LINE('',#11851,#7830);
#6640=LINE('',#11853,#7831);
#6641=LINE('',#11855,#7832);
#6642=LINE('',#11857,#7833);
#6643=LINE('',#11859,#7834);
#6644=LINE('',#11861,#7835);
#6645=LINE('',#11863,#7836);
#6646=LINE('',#11865,#7837);
#6647=LINE('',#11867,#7838);
#6648=LINE('',#11869,#7839);
#6649=LINE('',#11871,#7840);
#6650=LINE('',#11873,#7841);
#6651=LINE('',#11875,#7842);
#6652=LINE('',#11877,#7843);
#6653=LINE('',#11879,#7844);
#6654=LINE('',#11882,#7845);
#6655=LINE('',#11884,#7846);
#6656=LINE('',#11886,#7847);
#6657=LINE('',#11888,#7848);
#6658=LINE('',#11890,#7849);
#6659=LINE('',#11891,#7850);
#6660=LINE('',#11893,#7851);
#6661=LINE('',#11895,#7852);
#6662=LINE('',#11897,#7853);
#6663=LINE('',#11899,#7854);
#6664=LINE('',#11901,#7855);
#6665=LINE('',#11903,#7856);
#6666=LINE('',#11905,#7857);
#6667=LINE('',#11907,#7858);
#6668=LINE('',#11909,#7859);
#6669=LINE('',#11911,#7860);
#6670=LINE('',#11913,#7861);
#6671=LINE('',#11915,#7862);
#6672=LINE('',#11917,#7863);
#6673=LINE('',#11919,#7864);
#6674=LINE('',#11921,#7865);
#6675=LINE('',#11923,#7866);
#6676=LINE('',#11925,#7867);
#6677=LINE('',#11927,#7868);
#6678=LINE('',#11929,#7869);
#6679=LINE('',#11931,#7870);
#6680=LINE('',#11933,#7871);
#6681=LINE('',#11935,#7872);
#6682=LINE('',#11937,#7873);
#6683=LINE('',#11939,#7874);
#6684=LINE('',#11941,#7875);
#6685=LINE('',#11943,#7876);
#6686=LINE('',#11945,#7877);
#6687=LINE('',#11947,#7878);
#6688=LINE('',#11949,#7879);
#6689=LINE('',#11951,#7880);
#6690=LINE('',#11953,#7881);
#6691=LINE('',#11955,#7882);
#6692=LINE('',#11957,#7883);
#6693=LINE('',#11959,#7884);
#6694=LINE('',#11961,#7885);
#6695=LINE('',#11963,#7886);
#6696=LINE('',#11965,#7887);
#6697=LINE('',#11967,#7888);
#6698=LINE('',#11969,#7889);
#6699=LINE('',#11971,#7890);
#6700=LINE('',#11973,#7891);
#6701=LINE('',#11975,#7892);
#6702=LINE('',#11977,#7893);
#6703=LINE('',#11979,#7894);
#6704=LINE('',#11981,#7895);
#6705=LINE('',#11983,#7896);
#6706=LINE('',#11985,#7897);
#6707=LINE('',#11987,#7898);
#6708=LINE('',#11989,#7899);
#6709=LINE('',#11991,#7900);
#6710=LINE('',#11993,#7901);
#6711=LINE('',#11995,#7902);
#6712=LINE('',#11997,#7903);
#6713=LINE('',#11999,#7904);
#6714=LINE('',#12001,#7905);
#6715=LINE('',#12003,#7906);
#6716=LINE('',#12005,#7907);
#6717=LINE('',#12007,#7908);
#6718=LINE('',#12009,#7909);
#6719=LINE('',#12011,#7910);
#6720=LINE('',#12013,#7911);
#6721=LINE('',#12015,#7912);
#6722=LINE('',#12017,#7913);
#6723=LINE('',#12020,#7914);
#6724=LINE('',#12022,#7915);
#6725=LINE('',#12024,#7916);
#6726=LINE('',#12026,#7917);
#6727=LINE('',#12029,#7918);
#6728=LINE('',#12031,#7919);
#6729=LINE('',#12033,#7920);
#6730=LINE('',#12035,#7921);
#6731=LINE('',#12037,#7922);
#6732=LINE('',#12038,#7923);
#6733=LINE('',#12040,#7924);
#6734=LINE('',#12042,#7925);
#6735=LINE('',#12044,#7926);
#6736=LINE('',#12046,#7927);
#6737=LINE('',#12047,#7928);
#6738=LINE('',#12049,#7929);
#6739=LINE('',#12051,#7930);
#6740=LINE('',#12053,#7931);
#6741=LINE('',#12056,#7932);
#6742=LINE('',#12058,#7933);
#6743=LINE('',#12060,#7934);
#6744=LINE('',#12062,#7935);
#6745=LINE('',#12065,#7936);
#6746=LINE('',#12067,#7937);
#6747=LINE('',#12069,#7938);
#6748=LINE('',#12071,#7939);
#6749=LINE('',#12073,#7940);
#6750=LINE('',#12075,#7941);
#6751=LINE('',#12077,#7942);
#6752=LINE('',#12079,#7943);
#6753=LINE('',#12081,#7944);
#6754=LINE('',#12083,#7945);
#6755=LINE('',#12086,#7946);
#6756=LINE('',#12087,#7947);
#6757=LINE('',#12089,#7948);
#6758=LINE('',#12091,#7949);
#6759=LINE('',#12093,#7950);
#6760=LINE('',#12095,#7951);
#6761=LINE('',#12098,#7952);
#6762=LINE('',#12100,#7953);
#6763=LINE('',#12102,#7954);
#6764=LINE('',#12104,#7955);
#6765=LINE('',#12105,#7956);
#6766=LINE('',#12106,#7957);
#6767=LINE('',#12108,#7958);
#6768=LINE('',#12110,#7959);
#6769=LINE('',#12112,#7960);
#6770=LINE('',#12114,#7961);
#6771=LINE('',#12116,#7962);
#6772=LINE('',#12119,#7963);
#6773=LINE('',#12121,#7964);
#6774=LINE('',#12123,#7965);
#6775=LINE('',#12125,#7966);
#6776=LINE('',#12127,#7967);
#6777=LINE('',#12129,#7968);
#6778=LINE('',#12130,#7969);
#6779=LINE('',#12132,#7970);
#6780=LINE('',#12133,#7971);
#6781=LINE('',#12135,#7972);
#6782=LINE('',#12136,#7973);
#6783=LINE('',#12137,#7974);
#6784=LINE('',#12139,#7975);
#6785=LINE('',#12141,#7976);
#6786=LINE('',#12143,#7977);
#6787=LINE('',#12145,#7978);
#6788=LINE('',#12147,#7979);
#6789=LINE('',#12150,#7980);
#6790=LINE('',#12151,#7981);
#6791=LINE('',#12153,#7982);
#6792=LINE('',#12156,#7983);
#6793=LINE('',#12158,#7984);
#6794=LINE('',#12160,#7985);
#6795=LINE('',#12162,#7986);
#6796=LINE('',#12164,#7987);
#6797=LINE('',#12165,#7988);
#6798=LINE('',#12167,#7989);
#6799=LINE('',#12169,#7990);
#6800=LINE('',#12170,#7991);
#6801=LINE('',#12172,#7992);
#6802=LINE('',#12174,#7993);
#6803=LINE('',#12176,#7994);
#6804=LINE('',#12178,#7995);
#6805=LINE('',#12180,#7996);
#6806=LINE('',#12182,#7997);
#6807=LINE('',#12184,#7998);
#6808=LINE('',#12186,#7999);
#6809=LINE('',#12188,#8000);
#6810=LINE('',#12190,#8001);
#6811=LINE('',#12191,#8002);
#6812=LINE('',#12192,#8003);
#6813=LINE('',#12194,#8004);
#6814=LINE('',#12196,#8005);
#6815=LINE('',#12200,#8006);
#6816=LINE('',#12202,#8007);
#6817=LINE('',#12204,#8008);
#6818=LINE('',#12206,#8009);
#6819=LINE('',#12208,#8010);
#6820=LINE('',#12210,#8011);
#6821=LINE('',#12212,#8012);
#6822=LINE('',#12214,#8013);
#6823=LINE('',#12216,#8014);
#6824=LINE('',#12218,#8015);
#6825=LINE('',#12220,#8016);
#6826=LINE('',#12222,#8017);
#6827=LINE('',#12224,#8018);
#6828=LINE('',#12226,#8019);
#6829=LINE('',#12228,#8020);
#6830=LINE('',#12230,#8021);
#6831=LINE('',#12232,#8022);
#6832=LINE('',#12234,#8023);
#6833=LINE('',#12236,#8024);
#6834=LINE('',#12238,#8025);
#6835=LINE('',#12240,#8026);
#6836=LINE('',#12242,#8027);
#6837=LINE('',#12244,#8028);
#6838=LINE('',#12246,#8029);
#6839=LINE('',#12248,#8030);
#6840=LINE('',#12250,#8031);
#6841=LINE('',#12252,#8032);
#6842=LINE('',#12254,#8033);
#6843=LINE('',#12256,#8034);
#6844=LINE('',#12258,#8035);
#6845=LINE('',#12260,#8036);
#6846=LINE('',#12262,#8037);
#6847=LINE('',#12264,#8038);
#6848=LINE('',#12266,#8039);
#6849=LINE('',#12268,#8040);
#6850=LINE('',#12270,#8041);
#6851=LINE('',#12272,#8042);
#6852=LINE('',#12274,#8043);
#6853=LINE('',#12276,#8044);
#6854=LINE('',#12278,#8045);
#6855=LINE('',#12280,#8046);
#6856=LINE('',#12282,#8047);
#6857=LINE('',#12284,#8048);
#6858=LINE('',#12286,#8049);
#6859=LINE('',#12288,#8050);
#6860=LINE('',#12290,#8051);
#6861=LINE('',#12292,#8052);
#6862=LINE('',#12296,#8053);
#6863=LINE('',#12298,#8054);
#6864=LINE('',#12300,#8055);
#6865=LINE('',#12301,#8056);
#6866=LINE('',#12303,#8057);
#6867=LINE('',#12305,#8058);
#6868=LINE('',#12307,#8059);
#6869=LINE('',#12309,#8060);
#6870=LINE('',#12311,#8061);
#6871=LINE('',#12313,#8062);
#6872=LINE('',#12315,#8063);
#6873=LINE('',#12318,#8064);
#6874=LINE('',#12319,#8065);
#6875=LINE('',#12320,#8066);
#6876=LINE('',#12321,#8067);
#6877=LINE('',#12322,#8068);
#6878=LINE('',#12323,#8069);
#6879=LINE('',#12324,#8070);
#6880=LINE('',#12325,#8071);
#6881=LINE('',#12326,#8072);
#6882=LINE('',#12327,#8073);
#6883=LINE('',#12328,#8074);
#6884=LINE('',#12329,#8075);
#6885=LINE('',#12330,#8076);
#6886=LINE('',#12331,#8077);
#6887=LINE('',#12332,#8078);
#6888=LINE('',#12333,#8079);
#6889=LINE('',#12334,#8080);
#6890=LINE('',#12335,#8081);
#6891=LINE('',#12337,#8082);
#6892=LINE('',#12339,#8083);
#6893=LINE('',#12341,#8084);
#6894=LINE('',#12343,#8085);
#6895=LINE('',#12345,#8086);
#6896=LINE('',#12347,#8087);
#6897=LINE('',#12349,#8088);
#6898=LINE('',#12351,#8089);
#6899=LINE('',#12353,#8090);
#6900=LINE('',#12355,#8091);
#6901=LINE('',#12357,#8092);
#6902=LINE('',#12359,#8093);
#6903=LINE('',#12361,#8094);
#6904=LINE('',#12363,#8095);
#6905=LINE('',#12365,#8096);
#6906=LINE('',#12367,#8097);
#6907=LINE('',#12368,#8098);
#6908=LINE('',#12370,#8099);
#6909=LINE('',#12372,#8100);
#6910=LINE('',#12374,#8101);
#6911=LINE('',#12376,#8102);
#6912=LINE('',#12378,#8103);
#6913=LINE('',#12380,#8104);
#6914=LINE('',#12382,#8105);
#6915=LINE('',#12384,#8106);
#6916=LINE('',#12386,#8107);
#6917=LINE('',#12387,#8108);
#6918=LINE('',#12391,#8109);
#6919=LINE('',#12394,#8110);
#6920=LINE('',#12396,#8111);
#6921=LINE('',#12398,#8112);
#6922=LINE('',#12400,#8113);
#6923=LINE('',#12402,#8114);
#6924=LINE('',#12404,#8115);
#6925=LINE('',#12406,#8116);
#6926=LINE('',#12408,#8117);
#6927=LINE('',#12410,#8118);
#6928=LINE('',#12411,#8119);
#6929=LINE('',#12413,#8120);
#6930=LINE('',#12415,#8121);
#6931=LINE('',#12417,#8122);
#6932=LINE('',#12420,#8123);
#6933=LINE('',#12422,#8124);
#6934=LINE('',#12424,#8125);
#6935=LINE('',#12425,#8126);
#6936=LINE('',#12427,#8127);
#6937=LINE('',#12430,#8128);
#6938=LINE('',#12432,#8129);
#6939=LINE('',#12434,#8130);
#6940=LINE('',#12436,#8131);
#6941=LINE('',#12438,#8132);
#6942=LINE('',#12440,#8133);
#6943=LINE('',#12442,#8134);
#6944=LINE('',#12443,#8135);
#6945=LINE('',#12447,#8136);
#6946=LINE('',#12448,#8137);
#6947=LINE('',#12450,#8138);
#6948=LINE('',#12453,#8139);
#6949=LINE('',#12456,#8140);
#6950=LINE('',#12457,#8141);
#6951=LINE('',#12459,#8142);
#6952=LINE('',#12461,#8143);
#6953=LINE('',#12463,#8144);
#6954=LINE('',#12466,#8145);
#6955=LINE('',#12467,#8146);
#6956=LINE('',#12469,#8147);
#6957=LINE('',#12470,#8148);
#6958=LINE('',#12472,#8149);
#6959=LINE('',#12474,#8150);
#6960=LINE('',#12476,#8151);
#6961=LINE('',#12479,#8152);
#6962=LINE('',#12481,#8153);
#6963=LINE('',#12483,#8154);
#6964=LINE('',#12485,#8155);
#6965=LINE('',#12487,#8156);
#6966=LINE('',#12489,#8157);
#6967=LINE('',#12491,#8158);
#6968=LINE('',#12493,#8159);
#6969=LINE('',#12495,#8160);
#6970=LINE('',#12497,#8161);
#6971=LINE('',#12499,#8162);
#6972=LINE('',#12501,#8163);
#6973=LINE('',#12503,#8164);
#6974=LINE('',#12505,#8165);
#6975=LINE('',#12507,#8166);
#6976=LINE('',#12509,#8167);
#6977=LINE('',#12511,#8168);
#6978=LINE('',#12513,#8169);
#6979=LINE('',#12515,#8170);
#6980=LINE('',#12517,#8171);
#6981=LINE('',#12519,#8172);
#6982=LINE('',#12521,#8173);
#6983=LINE('',#12523,#8174);
#6984=LINE('',#12525,#8175);
#6985=LINE('',#12527,#8176);
#6986=LINE('',#12529,#8177);
#6987=LINE('',#12531,#8178);
#6988=LINE('',#12533,#8179);
#6989=LINE('',#12535,#8180);
#6990=LINE('',#12537,#8181);
#6991=LINE('',#12539,#8182);
#6992=LINE('',#12541,#8183);
#6993=LINE('',#12543,#8184);
#6994=LINE('',#12545,#8185);
#6995=LINE('',#12547,#8186);
#6996=LINE('',#12549,#8187);
#6997=LINE('',#12551,#8188);
#6998=LINE('',#12553,#8189);
#6999=LINE('',#12555,#8190);
#7000=LINE('',#12557,#8191);
#7001=LINE('',#12559,#8192);
#7002=LINE('',#12561,#8193);
#7003=LINE('',#12563,#8194);
#7004=LINE('',#12565,#8195);
#7005=LINE('',#12567,#8196);
#7006=LINE('',#12569,#8197);
#7007=LINE('',#12571,#8198);
#7008=LINE('',#12573,#8199);
#7009=LINE('',#12575,#8200);
#7010=LINE('',#12577,#8201);
#7011=LINE('',#12579,#8202);
#7012=LINE('',#12581,#8203);
#7013=LINE('',#12583,#8204);
#7014=LINE('',#12585,#8205);
#7015=LINE('',#12587,#8206);
#7016=LINE('',#12589,#8207);
#7017=LINE('',#12591,#8208);
#7018=LINE('',#12592,#8209);
#7019=LINE('',#12594,#8210);
#7020=LINE('',#12596,#8211);
#7021=LINE('',#12598,#8212);
#7022=LINE('',#12600,#8213);
#7023=LINE('',#12602,#8214);
#7024=LINE('',#12604,#8215);
#7025=LINE('',#12606,#8216);
#7026=LINE('',#12610,#8217);
#7027=LINE('',#12612,#8218);
#7028=LINE('',#12614,#8219);
#7029=LINE('',#12618,#8220);
#7030=LINE('',#12620,#8221);
#7031=LINE('',#12622,#8222);
#7032=LINE('',#12624,#8223);
#7033=LINE('',#12626,#8224);
#7034=LINE('',#12628,#8225);
#7035=LINE('',#12629,#8226);
#7036=LINE('',#12631,#8227);
#7037=LINE('',#12633,#8228);
#7038=LINE('',#12634,#8229);
#7039=LINE('',#12636,#8230);
#7040=LINE('',#12638,#8231);
#7041=LINE('',#12639,#8232);
#7042=LINE('',#12641,#8233);
#7043=LINE('',#12643,#8234);
#7044=LINE('',#12644,#8235);
#7045=LINE('',#12646,#8236);
#7046=LINE('',#12648,#8237);
#7047=LINE('',#12649,#8238);
#7048=LINE('',#12651,#8239);
#7049=LINE('',#12653,#8240);
#7050=LINE('',#12654,#8241);
#7051=LINE('',#12656,#8242);
#7052=LINE('',#12658,#8243);
#7053=LINE('',#12659,#8244);
#7054=LINE('',#12661,#8245);
#7055=LINE('',#12663,#8246);
#7056=LINE('',#12664,#8247);
#7057=LINE('',#12666,#8248);
#7058=LINE('',#12668,#8249);
#7059=LINE('',#12669,#8250);
#7060=LINE('',#12671,#8251);
#7061=LINE('',#12673,#8252);
#7062=LINE('',#12674,#8253);
#7063=LINE('',#12676,#8254);
#7064=LINE('',#12678,#8255);
#7065=LINE('',#12680,#8256);
#7066=LINE('',#12682,#8257);
#7067=LINE('',#12684,#8258);
#7068=LINE('',#12686,#8259);
#7069=LINE('',#12688,#8260);
#7070=LINE('',#12690,#8261);
#7071=LINE('',#12692,#8262);
#7072=LINE('',#12694,#8263);
#7073=LINE('',#12696,#8264);
#7074=LINE('',#12698,#8265);
#7075=LINE('',#12700,#8266);
#7076=LINE('',#12702,#8267);
#7077=LINE('',#12704,#8268);
#7078=LINE('',#12706,#8269);
#7079=LINE('',#12708,#8270);
#7080=LINE('',#12710,#8271);
#7081=LINE('',#12712,#8272);
#7082=LINE('',#12714,#8273);
#7083=LINE('',#12716,#8274);
#7084=LINE('',#12718,#8275);
#7085=LINE('',#12720,#8276);
#7086=LINE('',#12722,#8277);
#7087=LINE('',#12724,#8278);
#7088=LINE('',#12726,#8279);
#7089=LINE('',#12728,#8280);
#7090=LINE('',#12730,#8281);
#7091=LINE('',#12732,#8282);
#7092=LINE('',#12734,#8283);
#7093=LINE('',#12736,#8284);
#7094=LINE('',#12738,#8285);
#7095=LINE('',#12740,#8286);
#7096=LINE('',#12742,#8287);
#7097=LINE('',#12744,#8288);
#7098=LINE('',#12746,#8289);
#7099=LINE('',#12748,#8290);
#7100=LINE('',#12750,#8291);
#7101=LINE('',#12752,#8292);
#7102=LINE('',#12754,#8293);
#7103=LINE('',#12756,#8294);
#7104=LINE('',#12758,#8295);
#7105=LINE('',#12760,#8296);
#7106=LINE('',#12762,#8297);
#7107=LINE('',#12764,#8298);
#7108=LINE('',#12766,#8299);
#7109=LINE('',#12768,#8300);
#7110=LINE('',#12769,#8301);
#7111=LINE('',#12771,#8302);
#7112=LINE('',#12773,#8303);
#7113=LINE('',#12775,#8304);
#7114=LINE('',#12777,#8305);
#7115=LINE('',#12778,#8306);
#7116=LINE('',#12780,#8307);
#7117=LINE('',#12782,#8308);
#7118=LINE('',#12783,#8309);
#7119=LINE('',#12785,#8310);
#7120=LINE('',#12787,#8311);
#7121=LINE('',#12788,#8312);
#7122=LINE('',#12790,#8313);
#7123=LINE('',#12792,#8314);
#7124=LINE('',#12793,#8315);
#7125=LINE('',#12795,#8316);
#7126=LINE('',#12797,#8317);
#7127=LINE('',#12798,#8318);
#7128=LINE('',#12800,#8319);
#7129=LINE('',#12802,#8320);
#7130=LINE('',#12803,#8321);
#7131=LINE('',#12805,#8322);
#7132=LINE('',#12807,#8323);
#7133=LINE('',#12808,#8324);
#7134=LINE('',#12810,#8325);
#7135=LINE('',#12812,#8326);
#7136=LINE('',#12813,#8327);
#7137=LINE('',#12815,#8328);
#7138=LINE('',#12817,#8329);
#7139=LINE('',#12818,#8330);
#7140=LINE('',#12820,#8331);
#7141=LINE('',#12822,#8332);
#7142=LINE('',#12823,#8333);
#7143=LINE('',#12825,#8334);
#7144=LINE('',#12827,#8335);
#7145=LINE('',#12831,#8336);
#7146=LINE('',#12832,#8337);
#7147=LINE('',#12836,#8338);
#7148=LINE('',#12838,#8339);
#7149=LINE('',#12840,#8340);
#7150=LINE('',#12842,#8341);
#7151=LINE('',#12845,#8342);
#7152=LINE('',#12846,#8343);
#7153=LINE('',#12850,#8344);
#7154=LINE('',#12852,#8345);
#7155=LINE('',#12853,#8346);
#7156=LINE('',#12855,#8347);
#7157=LINE('',#12856,#8348);
#7158=LINE('',#12858,#8349);
#7159=LINE('',#12860,#8350);
#7160=LINE('',#12862,#8351);
#7161=LINE('',#12864,#8352);
#7162=LINE('',#12866,#8353);
#7163=LINE('',#12869,#8354);
#7164=LINE('',#12871,#8355);
#7165=LINE('',#12873,#8356);
#7166=LINE('',#12874,#8357);
#7167=LINE('',#12876,#8358);
#7168=LINE('',#12878,#8359);
#7169=LINE('',#12880,#8360);
#7170=LINE('',#12883,#8361);
#7171=LINE('',#12884,#8362);
#7172=LINE('',#12886,#8363);
#7173=LINE('',#12887,#8364);
#7174=LINE('',#12889,#8365);
#7175=LINE('',#12891,#8366);
#7176=LINE('',#12893,#8367);
#7177=LINE('',#12895,#8368);
#7178=LINE('',#12896,#8369);
#7179=LINE('',#12898,#8370);
#7180=LINE('',#12900,#8371);
#7181=LINE('',#12902,#8372);
#7182=LINE('',#12904,#8373);
#7183=LINE('',#12906,#8374);
#7184=LINE('',#12907,#8375);
#7185=LINE('',#12909,#8376);
#7186=LINE('',#12913,#8377);
#7187=LINE('',#12914,#8378);
#7188=LINE('',#12916,#8379);
#7189=LINE('',#12918,#8380);
#7190=LINE('',#12919,#8381);
#7191=LINE('',#12921,#8382);
#7192=LINE('',#12923,#8383);
#7193=LINE('',#12926,#8384);
#7194=LINE('',#12927,#8385);
#7195=LINE('',#12934,#8386);
#7196=LINE('',#12935,#8387);
#7197=LINE('',#12937,#8388);
#7198=LINE('',#12939,#8389);
#7199=LINE('',#12940,#8390);
#7200=LINE('',#12944,#8391);
#7201=LINE('',#12948,#8392);
#7202=LINE('',#12950,#8393);
#7203=LINE('',#12953,#8394);
#7204=LINE('',#12955,#8395);
#7205=LINE('',#12957,#8396);
#7206=LINE('',#12960,#8397);
#7207=LINE('',#12961,#8398);
#7208=LINE('',#12963,#8399);
#7209=LINE('',#12965,#8400);
#7210=LINE('',#12967,#8401);
#7211=LINE('',#12971,#8402);
#7212=LINE('',#12974,#8403);
#7213=LINE('',#12976,#8404);
#7214=LINE('',#12978,#8405);
#7215=LINE('',#12980,#8406);
#7216=LINE('',#12982,#8407);
#7217=LINE('',#12984,#8408);
#7218=LINE('',#12986,#8409);
#7219=LINE('',#12988,#8410);
#7220=LINE('',#12990,#8411);
#7221=LINE('',#12992,#8412);
#7222=LINE('',#12994,#8413);
#7223=LINE('',#12996,#8414);
#7224=LINE('',#12998,#8415);
#7225=LINE('',#13000,#8416);
#7226=LINE('',#13002,#8417);
#7227=LINE('',#13004,#8418);
#7228=LINE('',#13006,#8419);
#7229=LINE('',#13008,#8420);
#7230=LINE('',#13010,#8421);
#7231=LINE('',#13012,#8422);
#7232=LINE('',#13014,#8423);
#7233=LINE('',#13016,#8424);
#7234=LINE('',#13018,#8425);
#7235=LINE('',#13020,#8426);
#7236=LINE('',#13022,#8427);
#7237=LINE('',#13024,#8428);
#7238=LINE('',#13026,#8429);
#7239=LINE('',#13028,#8430);
#7240=LINE('',#13030,#8431);
#7241=LINE('',#13032,#8432);
#7242=LINE('',#13034,#8433);
#7243=LINE('',#13036,#8434);
#7244=LINE('',#13038,#8435);
#7245=LINE('',#13040,#8436);
#7246=LINE('',#13042,#8437);
#7247=LINE('',#13044,#8438);
#7248=LINE('',#13046,#8439);
#7249=LINE('',#13048,#8440);
#7250=LINE('',#13050,#8441);
#7251=LINE('',#13052,#8442);
#7252=LINE('',#13054,#8443);
#7253=LINE('',#13056,#8444);
#7254=LINE('',#13058,#8445);
#7255=LINE('',#13060,#8446);
#7256=LINE('',#13062,#8447);
#7257=LINE('',#13064,#8448);
#7258=LINE('',#13066,#8449);
#7259=LINE('',#13068,#8450);
#7260=LINE('',#13070,#8451);
#7261=LINE('',#13072,#8452);
#7262=LINE('',#13074,#8453);
#7263=LINE('',#13076,#8454);
#7264=LINE('',#13078,#8455);
#7265=LINE('',#13080,#8456);
#7266=LINE('',#13082,#8457);
#7267=LINE('',#13084,#8458);
#7268=LINE('',#13086,#8459);
#7269=LINE('',#13088,#8460);
#7270=LINE('',#13090,#8461);
#7271=LINE('',#13092,#8462);
#7272=LINE('',#13094,#8463);
#7273=LINE('',#13096,#8464);
#7274=LINE('',#13098,#8465);
#7275=LINE('',#13099,#8466);
#7276=LINE('',#13101,#8467);
#7277=LINE('',#13103,#8468);
#7278=LINE('',#13104,#8469);
#7279=LINE('',#13106,#8470);
#7280=LINE('',#13108,#8471);
#7281=LINE('',#13110,#8472);
#7282=LINE('',#13111,#8473);
#7283=LINE('',#13113,#8474);
#7284=LINE('',#13115,#8475);
#7285=LINE('',#13116,#8476);
#7286=LINE('',#13118,#8477);
#7287=LINE('',#13120,#8478);
#7288=LINE('',#13121,#8479);
#7289=LINE('',#13123,#8480);
#7290=LINE('',#13125,#8481);
#7291=LINE('',#13126,#8482);
#7292=LINE('',#13128,#8483);
#7293=LINE('',#13130,#8484);
#7294=LINE('',#13131,#8485);
#7295=LINE('',#13133,#8486);
#7296=LINE('',#13135,#8487);
#7297=LINE('',#13136,#8488);
#7298=LINE('',#13138,#8489);
#7299=LINE('',#13140,#8490);
#7300=LINE('',#13141,#8491);
#7301=LINE('',#13143,#8492);
#7302=LINE('',#13145,#8493);
#7303=LINE('',#13146,#8494);
#7304=LINE('',#13148,#8495);
#7305=LINE('',#13150,#8496);
#7306=LINE('',#13151,#8497);
#7307=LINE('',#13153,#8498);
#7308=LINE('',#13155,#8499);
#7309=LINE('',#13156,#8500);
#7310=LINE('',#13158,#8501);
#7311=LINE('',#13160,#8502);
#7312=LINE('',#13161,#8503);
#7313=LINE('',#13163,#8504);
#7314=LINE('',#13165,#8505);
#7315=LINE('',#13166,#8506);
#7316=LINE('',#13168,#8507);
#7317=LINE('',#13170,#8508);
#7318=LINE('',#13171,#8509);
#7319=LINE('',#13173,#8510);
#7320=LINE('',#13175,#8511);
#7321=LINE('',#13176,#8512);
#7322=LINE('',#13178,#8513);
#7323=LINE('',#13180,#8514);
#7324=LINE('',#13181,#8515);
#7325=LINE('',#13183,#8516);
#7326=LINE('',#13185,#8517);
#7327=LINE('',#13186,#8518);
#7328=LINE('',#13188,#8519);
#7329=LINE('',#13189,#8520);
#7330=LINE('',#13191,#8521);
#7331=LINE('',#13193,#8522);
#7332=LINE('',#13194,#8523);
#7333=LINE('',#13196,#8524);
#7334=LINE('',#13198,#8525);
#7335=LINE('',#13199,#8526);
#7336=LINE('',#13201,#8527);
#7337=LINE('',#13203,#8528);
#7338=LINE('',#13204,#8529);
#7339=LINE('',#13206,#8530);
#7340=LINE('',#13208,#8531);
#7341=LINE('',#13209,#8532);
#7342=LINE('',#13211,#8533);
#7343=LINE('',#13213,#8534);
#7344=LINE('',#13214,#8535);
#7345=LINE('',#13216,#8536);
#7346=LINE('',#13218,#8537);
#7347=LINE('',#13219,#8538);
#7348=LINE('',#13221,#8539);
#7349=LINE('',#13223,#8540);
#7350=LINE('',#13224,#8541);
#7351=LINE('',#13226,#8542);
#7352=LINE('',#13228,#8543);
#7353=LINE('',#13229,#8544);
#7354=LINE('',#13231,#8545);
#7355=LINE('',#13233,#8546);
#7356=LINE('',#13234,#8547);
#7357=LINE('',#13236,#8548);
#7358=LINE('',#13238,#8549);
#7359=LINE('',#13239,#8550);
#7360=LINE('',#13241,#8551);
#7361=LINE('',#13243,#8552);
#7362=LINE('',#13244,#8553);
#7363=LINE('',#13246,#8554);
#7364=LINE('',#13248,#8555);
#7365=LINE('',#13249,#8556);
#7366=LINE('',#13251,#8557);
#7367=LINE('',#13253,#8558);
#7368=LINE('',#13254,#8559);
#7369=LINE('',#13256,#8560);
#7370=LINE('',#13258,#8561);
#7371=LINE('',#13259,#8562);
#7372=LINE('',#13261,#8563);
#7373=LINE('',#13263,#8564);
#7374=LINE('',#13264,#8565);
#7375=LINE('',#13266,#8566);
#7376=LINE('',#13268,#8567);
#7377=LINE('',#13270,#8568);
#7378=LINE('',#13271,#8569);
#7379=LINE('',#13273,#8570);
#7380=LINE('',#13274,#8571);
#7381=LINE('',#13276,#8572);
#7382=LINE('',#13278,#8573);
#7383=LINE('',#13282,#8574);
#7384=LINE('',#13285,#8575);
#7385=LINE('',#13287,#8576);
#7386=LINE('',#13289,#8577);
#7387=LINE('',#13291,#8578);
#7388=LINE('',#13292,#8579);
#7389=LINE('',#13295,#8580);
#7390=LINE('',#13296,#8581);
#7391=LINE('',#13298,#8582);
#7392=LINE('',#13300,#8583);
#7393=LINE('',#13302,#8584);
#7394=LINE('',#13304,#8585);
#7395=LINE('',#13306,#8586);
#7396=LINE('',#13307,#8587);
#7397=LINE('',#13313,#8588);
#7398=LINE('',#13316,#8589);
#7399=LINE('',#13319,#8590);
#7400=LINE('',#13321,#8591);
#7401=LINE('',#13323,#8592);
#7402=LINE('',#13330,#8593);
#7403=LINE('',#13332,#8594);
#7404=LINE('',#13334,#8595);
#7405=LINE('',#13336,#8596);
#7406=LINE('',#13338,#8597);
#7407=LINE('',#13340,#8598);
#7408=LINE('',#13342,#8599);
#7409=LINE('',#13344,#8600);
#7410=LINE('',#13346,#8601);
#7411=LINE('',#13348,#8602);
#7412=LINE('',#13349,#8603);
#7413=LINE('',#13351,#8604);
#7414=LINE('',#13353,#8605);
#7415=LINE('',#13354,#8606);
#7416=LINE('',#13356,#8607);
#7417=LINE('',#13358,#8608);
#7418=LINE('',#13359,#8609);
#7419=LINE('',#13361,#8610);
#7420=LINE('',#13363,#8611);
#7421=LINE('',#13364,#8612);
#7422=LINE('',#13366,#8613);
#7423=LINE('',#13368,#8614);
#7424=LINE('',#13369,#8615);
#7425=LINE('',#13371,#8616);
#7426=LINE('',#13373,#8617);
#7427=LINE('',#13374,#8618);
#7428=LINE('',#13376,#8619);
#7429=LINE('',#13378,#8620);
#7430=LINE('',#13379,#8621);
#7431=LINE('',#13381,#8622);
#7432=LINE('',#13383,#8623);
#7433=LINE('',#13384,#8624);
#7434=LINE('',#13386,#8625);
#7435=LINE('',#13388,#8626);
#7436=LINE('',#13389,#8627);
#7437=LINE('',#13391,#8628);
#7438=LINE('',#13393,#8629);
#7439=LINE('',#13394,#8630);
#7440=LINE('',#13396,#8631);
#7441=LINE('',#13398,#8632);
#7442=LINE('',#13399,#8633);
#7443=LINE('',#13401,#8634);
#7444=LINE('',#13403,#8635);
#7445=LINE('',#13404,#8636);
#7446=LINE('',#13406,#8637);
#7447=LINE('',#13408,#8638);
#7448=LINE('',#13409,#8639);
#7449=LINE('',#13411,#8640);
#7450=LINE('',#13413,#8641);
#7451=LINE('',#13414,#8642);
#7452=LINE('',#13416,#8643);
#7453=LINE('',#13418,#8644);
#7454=LINE('',#13419,#8645);
#7455=LINE('',#13421,#8646);
#7456=LINE('',#13423,#8647);
#7457=LINE('',#13425,#8648);
#7458=LINE('',#13427,#8649);
#7459=LINE('',#13430,#8650);
#7460=LINE('',#13432,#8651);
#7461=LINE('',#13434,#8652);
#7462=LINE('',#13437,#8653);
#7463=LINE('',#13439,#8654);
#7464=LINE('',#13444,#8655);
#7465=LINE('',#13448,#8656);
#7466=LINE('',#13452,#8657);
#7467=LINE('',#13456,#8658);
#7468=LINE('',#13458,#8659);
#7469=LINE('',#13460,#8660);
#7470=LINE('',#13462,#8661);
#7471=LINE('',#13469,#8662);
#7472=LINE('',#13471,#8663);
#7473=LINE('',#13473,#8664);
#7474=LINE('',#13475,#8665);
#7475=LINE('',#13477,#8666);
#7476=LINE('',#13479,#8667);
#7477=LINE('',#13481,#8668);
#7478=LINE('',#13483,#8669);
#7479=LINE('',#13484,#8670);
#7480=LINE('',#13490,#8671);
#7481=LINE('',#13494,#8672);
#7482=LINE('',#13496,#8673);
#7483=LINE('',#13498,#8674);
#7484=LINE('',#13500,#8675);
#7485=LINE('',#13502,#8676);
#7486=LINE('',#13504,#8677);
#7487=LINE('',#13506,#8678);
#7488=LINE('',#13507,#8679);
#7489=LINE('',#13511,#8680);
#7490=LINE('',#13513,#8681);
#7491=LINE('',#13518,#8682);
#7492=LINE('',#13522,#8683);
#7493=LINE('',#13526,#8684);
#7494=LINE('',#13530,#8685);
#7495=LINE('',#13532,#8686);
#7496=LINE('',#13534,#8687);
#7497=LINE('',#13536,#8688);
#7498=LINE('',#13539,#8689);
#7499=LINE('',#13541,#8690);
#7500=LINE('',#13546,#8691);
#7501=LINE('',#13550,#8692);
#7502=LINE('',#13554,#8693);
#7503=LINE('',#13558,#8694);
#7504=LINE('',#13560,#8695);
#7505=LINE('',#13562,#8696);
#7506=LINE('',#13564,#8697);
#7507=LINE('',#13567,#8698);
#7508=LINE('',#13569,#8699);
#7509=LINE('',#13574,#8700);
#7510=LINE('',#13578,#8701);
#7511=LINE('',#13582,#8702);
#7512=LINE('',#13586,#8703);
#7513=LINE('',#13588,#8704);
#7514=LINE('',#13590,#8705);
#7515=LINE('',#13592,#8706);
#7516=LINE('',#13595,#8707);
#7517=LINE('',#13597,#8708);
#7518=LINE('',#13602,#8709);
#7519=LINE('',#13606,#8710);
#7520=LINE('',#13610,#8711);
#7521=LINE('',#13614,#8712);
#7522=LINE('',#13616,#8713);
#7523=LINE('',#13618,#8714);
#7524=LINE('',#13620,#8715);
#7525=LINE('',#13623,#8716);
#7526=LINE('',#13625,#8717);
#7527=LINE('',#13630,#8718);
#7528=LINE('',#13634,#8719);
#7529=LINE('',#13638,#8720);
#7530=LINE('',#13642,#8721);
#7531=LINE('',#13644,#8722);
#7532=LINE('',#13646,#8723);
#7533=LINE('',#13648,#8724);
#7534=LINE('',#13651,#8725);
#7535=LINE('',#13653,#8726);
#7536=LINE('',#13658,#8727);
#7537=LINE('',#13662,#8728);
#7538=LINE('',#13666,#8729);
#7539=LINE('',#13670,#8730);
#7540=LINE('',#13672,#8731);
#7541=LINE('',#13674,#8732);
#7542=LINE('',#13676,#8733);
#7543=LINE('',#13679,#8734);
#7544=LINE('',#13681,#8735);
#7545=LINE('',#13686,#8736);
#7546=LINE('',#13690,#8737);
#7547=LINE('',#13694,#8738);
#7548=LINE('',#13698,#8739);
#7549=LINE('',#13700,#8740);
#7550=LINE('',#13702,#8741);
#7551=LINE('',#13704,#8742);
#7552=LINE('',#13707,#8743);
#7553=LINE('',#13709,#8744);
#7554=LINE('',#13714,#8745);
#7555=LINE('',#13718,#8746);
#7556=LINE('',#13722,#8747);
#7557=LINE('',#13726,#8748);
#7558=LINE('',#13728,#8749);
#7559=LINE('',#13730,#8750);
#7560=LINE('',#13732,#8751);
#7561=LINE('',#13735,#8752);
#7562=LINE('',#13737,#8753);
#7563=LINE('',#13742,#8754);
#7564=LINE('',#13746,#8755);
#7565=LINE('',#13750,#8756);
#7566=LINE('',#13754,#8757);
#7567=LINE('',#13756,#8758);
#7568=LINE('',#13758,#8759);
#7569=LINE('',#13760,#8760);
#7570=LINE('',#13763,#8761);
#7571=LINE('',#13765,#8762);
#7572=LINE('',#13770,#8763);
#7573=LINE('',#13774,#8764);
#7574=LINE('',#13778,#8765);
#7575=LINE('',#13782,#8766);
#7576=LINE('',#13784,#8767);
#7577=LINE('',#13786,#8768);
#7578=LINE('',#13788,#8769);
#7579=LINE('',#13791,#8770);
#7580=LINE('',#13793,#8771);
#7581=LINE('',#13798,#8772);
#7582=LINE('',#13802,#8773);
#7583=LINE('',#13806,#8774);
#7584=LINE('',#13810,#8775);
#7585=LINE('',#13812,#8776);
#7586=LINE('',#13814,#8777);
#7587=LINE('',#13816,#8778);
#7588=LINE('',#13819,#8779);
#7589=LINE('',#13821,#8780);
#7590=LINE('',#13826,#8781);
#7591=LINE('',#13830,#8782);
#7592=LINE('',#13834,#8783);
#7593=LINE('',#13838,#8784);
#7594=LINE('',#13840,#8785);
#7595=LINE('',#13842,#8786);
#7596=LINE('',#13844,#8787);
#7597=LINE('',#13847,#8788);
#7598=LINE('',#13849,#8789);
#7599=LINE('',#13854,#8790);
#7600=LINE('',#13858,#8791);
#7601=LINE('',#13862,#8792);
#7602=LINE('',#13866,#8793);
#7603=LINE('',#13868,#8794);
#7604=LINE('',#13870,#8795);
#7605=LINE('',#13872,#8796);
#7606=LINE('',#13875,#8797);
#7607=LINE('',#13877,#8798);
#7608=LINE('',#13882,#8799);
#7609=LINE('',#13886,#8800);
#7610=LINE('',#13890,#8801);
#7611=LINE('',#13894,#8802);
#7612=LINE('',#13896,#8803);
#7613=LINE('',#13898,#8804);
#7614=LINE('',#13900,#8805);
#7615=LINE('',#13903,#8806);
#7616=LINE('',#13905,#8807);
#7617=LINE('',#13910,#8808);
#7618=LINE('',#13914,#8809);
#7619=LINE('',#13918,#8810);
#7620=LINE('',#13922,#8811);
#7621=LINE('',#13924,#8812);
#7622=LINE('',#13926,#8813);
#7623=LINE('',#13928,#8814);
#7624=LINE('',#13935,#8815);
#7625=LINE('',#13937,#8816);
#7626=LINE('',#13939,#8817);
#7627=LINE('',#13941,#8818);
#7628=LINE('',#13943,#8819);
#7629=LINE('',#13945,#8820);
#7630=LINE('',#13947,#8821);
#7631=LINE('',#13949,#8822);
#7632=LINE('',#13951,#8823);
#7633=LINE('',#13958,#8824);
#7634=LINE('',#13960,#8825);
#7635=LINE('',#13962,#8826);
#7636=LINE('',#13964,#8827);
#7637=LINE('',#13966,#8828);
#7638=LINE('',#13968,#8829);
#7639=LINE('',#13970,#8830);
#7640=LINE('',#13972,#8831);
#7641=LINE('',#13974,#8832);
#7642=LINE('',#13981,#8833);
#7643=LINE('',#13983,#8834);
#7644=LINE('',#13985,#8835);
#7645=LINE('',#13987,#8836);
#7646=LINE('',#13989,#8837);
#7647=LINE('',#13991,#8838);
#7648=LINE('',#13993,#8839);
#7649=LINE('',#13995,#8840);
#7650=LINE('',#13997,#8841);
#7651=LINE('',#14004,#8842);
#7652=LINE('',#14006,#8843);
#7653=LINE('',#14008,#8844);
#7654=LINE('',#14010,#8845);
#7655=LINE('',#14012,#8846);
#7656=LINE('',#14014,#8847);
#7657=LINE('',#14016,#8848);
#7658=LINE('',#14018,#8849);
#7659=LINE('',#14020,#8850);
#7660=LINE('',#14027,#8851);
#7661=LINE('',#14029,#8852);
#7662=LINE('',#14031,#8853);
#7663=LINE('',#14033,#8854);
#7664=LINE('',#14035,#8855);
#7665=LINE('',#14037,#8856);
#7666=LINE('',#14039,#8857);
#7667=LINE('',#14041,#8858);
#7668=LINE('',#14043,#8859);
#7669=LINE('',#14050,#8860);
#7670=LINE('',#14052,#8861);
#7671=LINE('',#14054,#8862);
#7672=LINE('',#14056,#8863);
#7673=LINE('',#14058,#8864);
#7674=LINE('',#14060,#8865);
#7675=LINE('',#14062,#8866);
#7676=LINE('',#14064,#8867);
#7677=LINE('',#14066,#8868);
#7678=LINE('',#14073,#8869);
#7679=LINE('',#14075,#8870);
#7680=LINE('',#14077,#8871);
#7681=LINE('',#14079,#8872);
#7682=LINE('',#14081,#8873);
#7683=LINE('',#14083,#8874);
#7684=LINE('',#14085,#8875);
#7685=LINE('',#14087,#8876);
#7686=LINE('',#14089,#8877);
#7687=LINE('',#14094,#8878);
#7688=LINE('',#14098,#8879);
#7689=LINE('',#14100,#8880);
#7690=LINE('',#14102,#8881);
#7691=LINE('',#14104,#8882);
#7692=LINE('',#14106,#8883);
#7693=LINE('',#14108,#8884);
#7694=LINE('',#14110,#8885);
#7695=LINE('',#14111,#8886);
#7696=LINE('',#14117,#8887);
#7697=LINE('',#14121,#8888);
#7698=LINE('',#14123,#8889);
#7699=LINE('',#14125,#8890);
#7700=LINE('',#14127,#8891);
#7701=LINE('',#14129,#8892);
#7702=LINE('',#14131,#8893);
#7703=LINE('',#14133,#8894);
#7704=LINE('',#14134,#8895);
#7705=LINE('',#14140,#8896);
#7706=LINE('',#14144,#8897);
#7707=LINE('',#14146,#8898);
#7708=LINE('',#14148,#8899);
#7709=LINE('',#14150,#8900);
#7710=LINE('',#14152,#8901);
#7711=LINE('',#14154,#8902);
#7712=LINE('',#14156,#8903);
#7713=LINE('',#14157,#8904);
#7714=LINE('',#14163,#8905);
#7715=LINE('',#14167,#8906);
#7716=LINE('',#14169,#8907);
#7717=LINE('',#14171,#8908);
#7718=LINE('',#14173,#8909);
#7719=LINE('',#14175,#8910);
#7720=LINE('',#14177,#8911);
#7721=LINE('',#14179,#8912);
#7722=LINE('',#14180,#8913);
#7723=LINE('',#14186,#8914);
#7724=LINE('',#14190,#8915);
#7725=LINE('',#14192,#8916);
#7726=LINE('',#14194,#8917);
#7727=LINE('',#14196,#8918);
#7728=LINE('',#14198,#8919);
#7729=LINE('',#14200,#8920);
#7730=LINE('',#14202,#8921);
#7731=LINE('',#14203,#8922);
#7732=LINE('',#14209,#8923);
#7733=LINE('',#14213,#8924);
#7734=LINE('',#14215,#8925);
#7735=LINE('',#14217,#8926);
#7736=LINE('',#14219,#8927);
#7737=LINE('',#14221,#8928);
#7738=LINE('',#14223,#8929);
#7739=LINE('',#14225,#8930);
#7740=LINE('',#14226,#8931);
#7741=LINE('',#14232,#8932);
#7742=LINE('',#14236,#8933);
#7743=LINE('',#14238,#8934);
#7744=LINE('',#14240,#8935);
#7745=LINE('',#14242,#8936);
#7746=LINE('',#14244,#8937);
#7747=LINE('',#14246,#8938);
#7748=LINE('',#14248,#8939);
#7749=LINE('',#14249,#8940);
#7750=LINE('',#14255,#8941);
#7751=LINE('',#14259,#8942);
#7752=LINE('',#14261,#8943);
#7753=LINE('',#14263,#8944);
#7754=LINE('',#14265,#8945);
#7755=LINE('',#14267,#8946);
#7756=LINE('',#14269,#8947);
#7757=LINE('',#14271,#8948);
#7758=LINE('',#14273,#8949);
#7759=LINE('',#14278,#8950);
#7760=LINE('',#14282,#8951);
#7761=LINE('',#14284,#8952);
#7762=LINE('',#14286,#8953);
#7763=LINE('',#14288,#8954);
#7764=LINE('',#14290,#8955);
#7765=LINE('',#14292,#8956);
#7766=LINE('',#14294,#8957);
#7767=LINE('',#14296,#8958);
#7768=LINE('',#14303,#8959);
#7769=LINE('',#14305,#8960);
#7770=LINE('',#14307,#8961);
#7771=LINE('',#14309,#8962);
#7772=LINE('',#14311,#8963);
#7773=LINE('',#14313,#8964);
#7774=LINE('',#14315,#8965);
#7775=LINE('',#14317,#8966);
#7776=LINE('',#14319,#8967);
#7777=LINE('',#14326,#8968);
#7778=LINE('',#14328,#8969);
#7779=LINE('',#14330,#8970);
#7780=LINE('',#14332,#8971);
#7781=LINE('',#14334,#8972);
#7782=LINE('',#14336,#8973);
#7783=LINE('',#14338,#8974);
#7784=LINE('',#14340,#8975);
#7785=LINE('',#14342,#8976);
#7786=VECTOR('',#9510,1.);
#7787=VECTOR('',#9511,1.);
#7788=VECTOR('',#9512,1.);
#7789=VECTOR('',#9513,1.);
#7790=VECTOR('',#9514,1.);
#7791=VECTOR('',#9515,1.);
#7792=VECTOR('',#9516,1.);
#7793=VECTOR('',#9517,1.);
#7794=VECTOR('',#9518,1.);
#7795=VECTOR('',#9519,1.);
#7796=VECTOR('',#9520,1.);
#7797=VECTOR('',#9521,1.);
#7798=VECTOR('',#9522,1.);
#7799=VECTOR('',#9523,1.);
#7800=VECTOR('',#9524,1.);
#7801=VECTOR('',#9525,1.);
#7802=VECTOR('',#9526,1.);
#7803=VECTOR('',#9527,1.);
#7804=VECTOR('',#9528,1.);
#7805=VECTOR('',#9529,1.);
#7806=VECTOR('',#9530,1.);
#7807=VECTOR('',#9531,1.);
#7808=VECTOR('',#9532,1.);
#7809=VECTOR('',#9533,1.);
#7810=VECTOR('',#9534,1.);
#7811=VECTOR('',#9535,1.);
#7812=VECTOR('',#9536,1.);
#7813=VECTOR('',#9537,1.);
#7814=VECTOR('',#9538,1.);
#7815=VECTOR('',#9539,1.);
#7816=VECTOR('',#9540,1.);
#7817=VECTOR('',#9541,1.);
#7818=VECTOR('',#9542,1.);
#7819=VECTOR('',#9543,1.);
#7820=VECTOR('',#9544,1.);
#7821=VECTOR('',#9545,1.);
#7822=VECTOR('',#9546,1.);
#7823=VECTOR('',#9547,1.);
#7824=VECTOR('',#9548,1.);
#7825=VECTOR('',#9549,1.);
#7826=VECTOR('',#9550,1.);
#7827=VECTOR('',#9551,1.);
#7828=VECTOR('',#9552,1.);
#7829=VECTOR('',#9553,1.);
#7830=VECTOR('',#9554,1.);
#7831=VECTOR('',#9555,1.);
#7832=VECTOR('',#9556,1.);
#7833=VECTOR('',#9557,1.);
#7834=VECTOR('',#9558,1.);
#7835=VECTOR('',#9559,1.);
#7836=VECTOR('',#9560,1.);
#7837=VECTOR('',#9561,1.);
#7838=VECTOR('',#9562,1.);
#7839=VECTOR('',#9563,1.);
#7840=VECTOR('',#9564,1.);
#7841=VECTOR('',#9565,1.);
#7842=VECTOR('',#9566,1.);
#7843=VECTOR('',#9567,1.);
#7844=VECTOR('',#9570,1.);
#7845=VECTOR('',#9571,1.);
#7846=VECTOR('',#9572,1.);
#7847=VECTOR('',#9573,1.);
#7848=VECTOR('',#9574,1.);
#7849=VECTOR('',#9575,1.);
#7850=VECTOR('',#9576,1.);
#7851=VECTOR('',#9577,1.);
#7852=VECTOR('',#9578,1.);
#7853=VECTOR('',#9579,1.);
#7854=VECTOR('',#9580,1.);
#7855=VECTOR('',#9581,1.);
#7856=VECTOR('',#9582,1.);
#7857=VECTOR('',#9583,1.);
#7858=VECTOR('',#9584,1.);
#7859=VECTOR('',#9585,1.);
#7860=VECTOR('',#9586,1.);
#7861=VECTOR('',#9587,1.);
#7862=VECTOR('',#9588,1.);
#7863=VECTOR('',#9589,1.);
#7864=VECTOR('',#9590,1.);
#7865=VECTOR('',#9591,1.);
#7866=VECTOR('',#9592,1.);
#7867=VECTOR('',#9593,1.);
#7868=VECTOR('',#9594,1.);
#7869=VECTOR('',#9595,1.);
#7870=VECTOR('',#9596,1.);
#7871=VECTOR('',#9597,1.);
#7872=VECTOR('',#9598,1.);
#7873=VECTOR('',#9599,1.);
#7874=VECTOR('',#9600,1.);
#7875=VECTOR('',#9601,1.);
#7876=VECTOR('',#9602,1.);
#7877=VECTOR('',#9603,1.);
#7878=VECTOR('',#9604,1.);
#7879=VECTOR('',#9605,1.);
#7880=VECTOR('',#9606,1.);
#7881=VECTOR('',#9607,1.);
#7882=VECTOR('',#9608,1.);
#7883=VECTOR('',#9609,1.);
#7884=VECTOR('',#9610,1.);
#7885=VECTOR('',#9611,1.);
#7886=VECTOR('',#9612,1.);
#7887=VECTOR('',#9613,1.);
#7888=VECTOR('',#9614,1.);
#7889=VECTOR('',#9615,1.);
#7890=VECTOR('',#9616,1.);
#7891=VECTOR('',#9617,1.);
#7892=VECTOR('',#9618,1.);
#7893=VECTOR('',#9619,1.);
#7894=VECTOR('',#9620,1.);
#7895=VECTOR('',#9621,1.);
#7896=VECTOR('',#9622,1.);
#7897=VECTOR('',#9623,1.);
#7898=VECTOR('',#9624,1.);
#7899=VECTOR('',#9625,1.);
#7900=VECTOR('',#9626,1.);
#7901=VECTOR('',#9627,1.);
#7902=VECTOR('',#9628,1.);
#7903=VECTOR('',#9629,1.);
#7904=VECTOR('',#9630,1.);
#7905=VECTOR('',#9631,1.);
#7906=VECTOR('',#9632,1.);
#7907=VECTOR('',#9633,1.);
#7908=VECTOR('',#9634,1.);
#7909=VECTOR('',#9635,1.);
#7910=VECTOR('',#9636,1.);
#7911=VECTOR('',#9637,1.);
#7912=VECTOR('',#9638,1.);
#7913=VECTOR('',#9641,1.);
#7914=VECTOR('',#9642,1.);
#7915=VECTOR('',#9643,1.);
#7916=VECTOR('',#9644,1.);
#7917=VECTOR('',#9647,1.);
#7918=VECTOR('',#9648,1.);
#7919=VECTOR('',#9649,1.);
#7920=VECTOR('',#9650,1.);
#7921=VECTOR('',#9653,1.);
#7922=VECTOR('',#9654,1.);
#7923=VECTOR('',#9655,1.);
#7924=VECTOR('',#9656,1.);
#7925=VECTOR('',#9657,1.);
#7926=VECTOR('',#9660,1.);
#7927=VECTOR('',#9661,1.);
#7928=VECTOR('',#9662,1.);
#7929=VECTOR('',#9663,1.);
#7930=VECTOR('',#9664,1.);
#7931=VECTOR('',#9667,1.);
#7932=VECTOR('',#9668,1.);
#7933=VECTOR('',#9669,1.);
#7934=VECTOR('',#9670,1.);
#7935=VECTOR('',#9673,1.);
#7936=VECTOR('',#9674,1.);
#7937=VECTOR('',#9675,1.);
#7938=VECTOR('',#9676,1.);
#7939=VECTOR('',#9679,1.);
#7940=VECTOR('',#9680,1.);
#7941=VECTOR('',#9681,1.);
#7942=VECTOR('',#9682,1.);
#7943=VECTOR('',#9683,1.);
#7944=VECTOR('',#9684,1.);
#7945=VECTOR('',#9687,1.);
#7946=VECTOR('',#9688,1.);
#7947=VECTOR('',#9689,1.);
#7948=VECTOR('',#9690,1.);
#7949=VECTOR('',#9691,1.);
#7950=VECTOR('',#9692,1.);
#7951=VECTOR('',#9695,1.);
#7952=VECTOR('',#9696,1.);
#7953=VECTOR('',#9697,1.);
#7954=VECTOR('',#9698,1.);
#7955=VECTOR('',#9701,1.);
#7956=VECTOR('',#9702,1.);
#7957=VECTOR('',#9703,1.);
#7958=VECTOR('',#9704,1.);
#7959=VECTOR('',#9705,1.);
#7960=VECTOR('',#9706,1.);
#7961=VECTOR('',#9707,1.);
#7962=VECTOR('',#9710,1.);
#7963=VECTOR('',#9711,1.);
#7964=VECTOR('',#9712,1.);
#7965=VECTOR('',#9713,1.);
#7966=VECTOR('',#9714,1.);
#7967=VECTOR('',#9715,1.);
#7968=VECTOR('',#9716,1.);
#7969=VECTOR('',#9717,1.);
#7970=VECTOR('',#9718,1.);
#7971=VECTOR('',#9719,1.);
#7972=VECTOR('',#9722,1.);
#7973=VECTOR('',#9723,1.);
#7974=VECTOR('',#9724,1.);
#7975=VECTOR('',#9725,1.);
#7976=VECTOR('',#9726,1.);
#7977=VECTOR('',#9727,1.);
#7978=VECTOR('',#9728,1.);
#7979=VECTOR('',#9731,1.);
#7980=VECTOR('',#9732,1.);
#7981=VECTOR('',#9733,1.);
#7982=VECTOR('',#9736,1.);
#7983=VECTOR('',#9737,1.);
#7984=VECTOR('',#9738,1.);
#7985=VECTOR('',#9739,1.);
#7986=VECTOR('',#9742,1.);
#7987=VECTOR('',#9743,1.);
#7988=VECTOR('',#9744,1.);
#7989=VECTOR('',#9745,1.);
#7990=VECTOR('',#9746,1.);
#7991=VECTOR('',#9747,1.);
#7992=VECTOR('',#9748,1.);
#7993=VECTOR('',#9751,1.);
#7994=VECTOR('',#9752,1.);
#7995=VECTOR('',#9753,1.);
#7996=VECTOR('',#9756,1.);
#7997=VECTOR('',#9757,1.);
#7998=VECTOR('',#9758,1.);
#7999=VECTOR('',#9759,1.);
#8000=VECTOR('',#9760,1.);
#8001=VECTOR('',#9761,1.);
#8002=VECTOR('',#9762,1.);
#8003=VECTOR('',#9763,1.);
#8004=VECTOR('',#9764,1.);
#8005=VECTOR('',#9765,1.);
#8006=VECTOR('',#9768,1.);
#8007=VECTOR('',#9769,1.);
#8008=VECTOR('',#9770,1.);
#8009=VECTOR('',#9771,1.);
#8010=VECTOR('',#9772,1.);
#8011=VECTOR('',#9773,1.);
#8012=VECTOR('',#9774,1.);
#8013=VECTOR('',#9775,1.);
#8014=VECTOR('',#9776,1.);
#8015=VECTOR('',#9777,1.);
#8016=VECTOR('',#9778,1.);
#8017=VECTOR('',#9779,1.);
#8018=VECTOR('',#9780,1.);
#8019=VECTOR('',#9781,1.);
#8020=VECTOR('',#9782,1.);
#8021=VECTOR('',#9783,1.);
#8022=VECTOR('',#9784,1.);
#8023=VECTOR('',#9785,1.);
#8024=VECTOR('',#9786,1.);
#8025=VECTOR('',#9787,1.);
#8026=VECTOR('',#9788,1.);
#8027=VECTOR('',#9789,1.);
#8028=VECTOR('',#9790,1.);
#8029=VECTOR('',#9791,1.);
#8030=VECTOR('',#9792,1.);
#8031=VECTOR('',#9793,1.);
#8032=VECTOR('',#9794,1.);
#8033=VECTOR('',#9795,1.);
#8034=VECTOR('',#9796,1.);
#8035=VECTOR('',#9797,1.);
#8036=VECTOR('',#9798,1.);
#8037=VECTOR('',#9799,1.);
#8038=VECTOR('',#9800,1.);
#8039=VECTOR('',#9801,1.);
#8040=VECTOR('',#9802,1.);
#8041=VECTOR('',#9803,1.);
#8042=VECTOR('',#9804,1.);
#8043=VECTOR('',#9805,1.);
#8044=VECTOR('',#9806,1.);
#8045=VECTOR('',#9807,1.);
#8046=VECTOR('',#9808,1.);
#8047=VECTOR('',#9809,1.);
#8048=VECTOR('',#9810,1.);
#8049=VECTOR('',#9811,1.);
#8050=VECTOR('',#9812,1.);
#8051=VECTOR('',#9813,1.);
#8052=VECTOR('',#9814,1.);
#8053=VECTOR('',#9817,1.);
#8054=VECTOR('',#9818,1.);
#8055=VECTOR('',#9819,1.);
#8056=VECTOR('',#9820,1.);
#8057=VECTOR('',#9823,1.);
#8058=VECTOR('',#9824,1.);
#8059=VECTOR('',#9827,1.);
#8060=VECTOR('',#9828,1.);
#8061=VECTOR('',#9831,1.);
#8062=VECTOR('',#9832,1.);
#8063=VECTOR('',#9835,1.);
#8064=VECTOR('',#9840,1.);
#8065=VECTOR('',#9841,1.);
#8066=VECTOR('',#9842,1.);
#8067=VECTOR('',#9843,1.);
#8068=VECTOR('',#9844,1.);
#8069=VECTOR('',#9845,1.);
#8070=VECTOR('',#9846,1.);
#8071=VECTOR('',#9847,1.);
#8072=VECTOR('',#9848,1.);
#8073=VECTOR('',#9849,1.);
#8074=VECTOR('',#9850,1.);
#8075=VECTOR('',#9851,1.);
#8076=VECTOR('',#9852,1.);
#8077=VECTOR('',#9853,1.);
#8078=VECTOR('',#9854,1.);
#8079=VECTOR('',#9855,1.);
#8080=VECTOR('',#9856,1.);
#8081=VECTOR('',#9857,1.);
#8082=VECTOR('',#9860,1.);
#8083=VECTOR('',#9861,1.);
#8084=VECTOR('',#9864,1.);
#8085=VECTOR('',#9865,1.);
#8086=VECTOR('',#9868,1.);
#8087=VECTOR('',#9869,1.);
#8088=VECTOR('',#9872,1.);
#8089=VECTOR('',#9873,1.);
#8090=VECTOR('',#9876,1.);
#8091=VECTOR('',#9877,1.);
#8092=VECTOR('',#9878,1.);
#8093=VECTOR('',#9879,1.);
#8094=VECTOR('',#9882,1.);
#8095=VECTOR('',#9883,1.);
#8096=VECTOR('',#9886,1.);
#8097=VECTOR('',#9889,1.);
#8098=VECTOR('',#9890,1.);
#8099=VECTOR('',#9891,1.);
#8100=VECTOR('',#9892,1.);
#8101=VECTOR('',#9895,1.);
#8102=VECTOR('',#9896,1.);
#8103=VECTOR('',#9897,1.);
#8104=VECTOR('',#9900,1.);
#8105=VECTOR('',#9901,1.);
#8106=VECTOR('',#9902,1.);
#8107=VECTOR('',#9905,1.);
#8108=VECTOR('',#9906,1.);
#8109=VECTOR('',#9913,1.);
#8110=VECTOR('',#9918,1.);
#8111=VECTOR('',#9919,1.);
#8112=VECTOR('',#9920,1.);
#8113=VECTOR('',#9921,1.);
#8114=VECTOR('',#9922,1.);
#8115=VECTOR('',#9925,1.);
#8116=VECTOR('',#9926,1.);
#8117=VECTOR('',#9927,1.);
#8118=VECTOR('',#9930,1.);
#8119=VECTOR('',#9931,1.);
#8120=VECTOR('',#9932,1.);
#8121=VECTOR('',#9935,1.);
#8122=VECTOR('',#9938,1.);
#8123=VECTOR('',#9943,1.);
#8124=VECTOR('',#9946,1.);
#8125=VECTOR('',#9949,1.);
#8126=VECTOR('',#9950,1.);
#8127=VECTOR('',#9953,1.);
#8128=VECTOR('',#9958,1.);
#8129=VECTOR('',#9959,1.);
#8130=VECTOR('',#9960,1.);
#8131=VECTOR('',#9963,1.);
#8132=VECTOR('',#9964,1.);
#8133=VECTOR('',#9965,1.);
#8134=VECTOR('',#9968,1.);
#8135=VECTOR('',#9969,1.);
#8136=VECTOR('',#9976,1.);
#8137=VECTOR('',#9977,1.);
#8138=VECTOR('',#9980,1.);
#8139=VECTOR('',#9985,1.);
#8140=VECTOR('',#9986,1.);
#8141=VECTOR('',#9987,1.);
#8142=VECTOR('',#9988,1.);
#8143=VECTOR('',#9989,1.);
#8144=VECTOR('',#9992,1.);
#8145=VECTOR('',#9993,1.);
#8146=VECTOR('',#9994,1.);
#8147=VECTOR('',#9997,1.);
#8148=VECTOR('',#9998,1.);
#8149=VECTOR('',#9999,1.);
#8150=VECTOR('',#10002,1.);
#8151=VECTOR('',#10005,1.);
#8152=VECTOR('',#10010,1.);
#8153=VECTOR('',#10011,1.);
#8154=VECTOR('',#10012,1.);
#8155=VECTOR('',#10015,1.);
#8156=VECTOR('',#10016,1.);
#8157=VECTOR('',#10017,1.);
#8158=VECTOR('',#10020,1.);
#8159=VECTOR('',#10021,1.);
#8160=VECTOR('',#10022,1.);
#8161=VECTOR('',#10025,1.);
#8162=VECTOR('',#10026,1.);
#8163=VECTOR('',#10027,1.);
#8164=VECTOR('',#10030,1.);
#8165=VECTOR('',#10031,1.);
#8166=VECTOR('',#10032,1.);
#8167=VECTOR('',#10035,1.);
#8168=VECTOR('',#10036,1.);
#8169=VECTOR('',#10037,1.);
#8170=VECTOR('',#10040,1.);
#8171=VECTOR('',#10041,1.);
#8172=VECTOR('',#10042,1.);
#8173=VECTOR('',#10045,1.);
#8174=VECTOR('',#10046,1.);
#8175=VECTOR('',#10047,1.);
#8176=VECTOR('',#10050,1.);
#8177=VECTOR('',#10051,1.);
#8178=VECTOR('',#10052,1.);
#8179=VECTOR('',#10055,1.);
#8180=VECTOR('',#10056,1.);
#8181=VECTOR('',#10057,1.);
#8182=VECTOR('',#10060,1.);
#8183=VECTOR('',#10061,1.);
#8184=VECTOR('',#10062,1.);
#8185=VECTOR('',#10065,1.);
#8186=VECTOR('',#10066,1.);
#8187=VECTOR('',#10067,1.);
#8188=VECTOR('',#10070,1.);
#8189=VECTOR('',#10071,1.);
#8190=VECTOR('',#10072,1.);
#8191=VECTOR('',#10075,1.);
#8192=VECTOR('',#10076,1.);
#8193=VECTOR('',#10077,1.);
#8194=VECTOR('',#10080,1.);
#8195=VECTOR('',#10081,1.);
#8196=VECTOR('',#10082,1.);
#8197=VECTOR('',#10085,1.);
#8198=VECTOR('',#10086,1.);
#8199=VECTOR('',#10087,1.);
#8200=VECTOR('',#10090,1.);
#8201=VECTOR('',#10091,1.);
#8202=VECTOR('',#10092,1.);
#8203=VECTOR('',#10095,1.);
#8204=VECTOR('',#10096,1.);
#8205=VECTOR('',#10097,1.);
#8206=VECTOR('',#10100,1.);
#8207=VECTOR('',#10101,1.);
#8208=VECTOR('',#10102,1.);
#8209=VECTOR('',#10103,1.);
#8210=VECTOR('',#10104,1.);
#8211=VECTOR('',#10105,1.);
#8212=VECTOR('',#10108,1.);
#8213=VECTOR('',#10109,1.);
#8214=VECTOR('',#10110,1.);
#8215=VECTOR('',#10113,1.);
#8216=VECTOR('',#10114,1.);
#8217=VECTOR('',#10117,1.);
#8218=VECTOR('',#10118,1.);
#8219=VECTOR('',#10119,1.);
#8220=VECTOR('',#10124,1.);
#8221=VECTOR('',#10125,1.);
#8222=VECTOR('',#10126,1.);
#8223=VECTOR('',#10129,1.);
#8224=VECTOR('',#10130,1.);
#8225=VECTOR('',#10131,1.);
#8226=VECTOR('',#10132,1.);
#8227=VECTOR('',#10133,1.);
#8228=VECTOR('',#10134,1.);
#8229=VECTOR('',#10135,1.);
#8230=VECTOR('',#10136,1.);
#8231=VECTOR('',#10137,1.);
#8232=VECTOR('',#10138,1.);
#8233=VECTOR('',#10139,1.);
#8234=VECTOR('',#10140,1.);
#8235=VECTOR('',#10141,1.);
#8236=VECTOR('',#10142,1.);
#8237=VECTOR('',#10143,1.);
#8238=VECTOR('',#10144,1.);
#8239=VECTOR('',#10145,1.);
#8240=VECTOR('',#10146,1.);
#8241=VECTOR('',#10147,1.);
#8242=VECTOR('',#10148,1.);
#8243=VECTOR('',#10149,1.);
#8244=VECTOR('',#10150,1.);
#8245=VECTOR('',#10151,1.);
#8246=VECTOR('',#10152,1.);
#8247=VECTOR('',#10153,1.);
#8248=VECTOR('',#10154,1.);
#8249=VECTOR('',#10155,1.);
#8250=VECTOR('',#10156,1.);
#8251=VECTOR('',#10157,1.);
#8252=VECTOR('',#10158,1.);
#8253=VECTOR('',#10159,1.);
#8254=VECTOR('',#10160,1.);
#8255=VECTOR('',#10161,1.);
#8256=VECTOR('',#10162,1.);
#8257=VECTOR('',#10163,1.);
#8258=VECTOR('',#10164,1.);
#8259=VECTOR('',#10165,1.);
#8260=VECTOR('',#10166,1.);
#8261=VECTOR('',#10167,1.);
#8262=VECTOR('',#10168,1.);
#8263=VECTOR('',#10169,1.);
#8264=VECTOR('',#10170,1.);
#8265=VECTOR('',#10171,1.);
#8266=VECTOR('',#10172,1.);
#8267=VECTOR('',#10173,1.);
#8268=VECTOR('',#10174,1.);
#8269=VECTOR('',#10175,1.);
#8270=VECTOR('',#10176,1.);
#8271=VECTOR('',#10177,1.);
#8272=VECTOR('',#10178,1.);
#8273=VECTOR('',#10179,1.);
#8274=VECTOR('',#10180,1.);
#8275=VECTOR('',#10181,1.);
#8276=VECTOR('',#10182,1.);
#8277=VECTOR('',#10183,1.);
#8278=VECTOR('',#10184,1.);
#8279=VECTOR('',#10185,1.);
#8280=VECTOR('',#10186,1.);
#8281=VECTOR('',#10187,1.);
#8282=VECTOR('',#10188,1.);
#8283=VECTOR('',#10189,1.);
#8284=VECTOR('',#10190,1.);
#8285=VECTOR('',#10191,1.);
#8286=VECTOR('',#10192,1.);
#8287=VECTOR('',#10193,1.);
#8288=VECTOR('',#10194,1.);
#8289=VECTOR('',#10195,1.);
#8290=VECTOR('',#10196,1.);
#8291=VECTOR('',#10197,1.);
#8292=VECTOR('',#10198,1.);
#8293=VECTOR('',#10199,1.);
#8294=VECTOR('',#10200,1.);
#8295=VECTOR('',#10201,1.);
#8296=VECTOR('',#10202,1.);
#8297=VECTOR('',#10203,1.);
#8298=VECTOR('',#10204,1.);
#8299=VECTOR('',#10205,1.);
#8300=VECTOR('',#10206,1.);
#8301=VECTOR('',#10207,1.);
#8302=VECTOR('',#10208,1.);
#8303=VECTOR('',#10211,1.);
#8304=VECTOR('',#10212,1.);
#8305=VECTOR('',#10213,1.);
#8306=VECTOR('',#10214,1.);
#8307=VECTOR('',#10215,1.);
#8308=VECTOR('',#10216,1.);
#8309=VECTOR('',#10217,1.);
#8310=VECTOR('',#10218,1.);
#8311=VECTOR('',#10219,1.);
#8312=VECTOR('',#10220,1.);
#8313=VECTOR('',#10221,1.);
#8314=VECTOR('',#10222,1.);
#8315=VECTOR('',#10223,1.);
#8316=VECTOR('',#10224,1.);
#8317=VECTOR('',#10225,1.);
#8318=VECTOR('',#10226,1.);
#8319=VECTOR('',#10227,1.);
#8320=VECTOR('',#10228,1.);
#8321=VECTOR('',#10229,1.);
#8322=VECTOR('',#10230,1.);
#8323=VECTOR('',#10231,1.);
#8324=VECTOR('',#10232,1.);
#8325=VECTOR('',#10233,1.);
#8326=VECTOR('',#10234,1.);
#8327=VECTOR('',#10235,1.);
#8328=VECTOR('',#10236,1.);
#8329=VECTOR('',#10237,1.);
#8330=VECTOR('',#10238,1.);
#8331=VECTOR('',#10239,1.);
#8332=VECTOR('',#10240,1.);
#8333=VECTOR('',#10241,1.);
#8334=VECTOR('',#10242,1.);
#8335=VECTOR('',#10243,1.);
#8336=VECTOR('',#10246,1.);
#8337=VECTOR('',#10247,1.);
#8338=VECTOR('',#10250,1.);
#8339=VECTOR('',#10251,1.);
#8340=VECTOR('',#10252,1.);
#8341=VECTOR('',#10255,1.);
#8342=VECTOR('',#10256,1.);
#8343=VECTOR('',#10257,1.);
#8344=VECTOR('',#10260,1.);
#8345=VECTOR('',#10261,1.);
#8346=VECTOR('',#10262,1.);
#8347=VECTOR('',#10263,1.);
#8348=VECTOR('',#10264,1.);
#8349=VECTOR('',#10265,1.);
#8350=VECTOR('',#10266,1.);
#8351=VECTOR('',#10267,1.);
#8352=VECTOR('',#10268,1.);
#8353=VECTOR('',#10271,1.);
#8354=VECTOR('',#10272,1.);
#8355=VECTOR('',#10273,1.);
#8356=VECTOR('',#10274,1.);
#8357=VECTOR('',#10275,1.);
#8358=VECTOR('',#10276,1.);
#8359=VECTOR('',#10277,1.);
#8360=VECTOR('',#10280,1.);
#8361=VECTOR('',#10281,1.);
#8362=VECTOR('',#10282,1.);
#8363=VECTOR('',#10283,1.);
#8364=VECTOR('',#10284,1.);
#8365=VECTOR('',#10285,1.);
#8366=VECTOR('',#10288,1.);
#8367=VECTOR('',#10289,1.);
#8368=VECTOR('',#10290,1.);
#8369=VECTOR('',#10291,1.);
#8370=VECTOR('',#10294,1.);
#8371=VECTOR('',#10295,1.);
#8372=VECTOR('',#10296,1.);
#8373=VECTOR('',#10299,1.);
#8374=VECTOR('',#10300,1.);
#8375=VECTOR('',#10301,1.);
#8376=VECTOR('',#10302,1.);
#8377=VECTOR('',#10309,1.);
#8378=VECTOR('',#10310,1.);
#8379=VECTOR('',#10313,1.);
#8380=VECTOR('',#10314,1.);
#8381=VECTOR('',#10315,1.);
#8382=VECTOR('',#10316,1.);
#8383=VECTOR('',#10319,1.);
#8384=VECTOR('',#10320,1.);
#8385=VECTOR('',#10321,1.);
#8386=VECTOR('',#10332,1.);
#8387=VECTOR('',#10333,1.);
#8388=VECTOR('',#10336,1.);
#8389=VECTOR('',#10337,1.);
#8390=VECTOR('',#10338,1.);
#8391=VECTOR('',#10341,1.);
#8392=VECTOR('',#10346,1.);
#8393=VECTOR('',#10349,1.);
#8394=VECTOR('',#10354,1.);
#8395=VECTOR('',#10355,1.);
#8396=VECTOR('',#10358,1.);
#8397=VECTOR('',#10359,1.);
#8398=VECTOR('',#10360,1.);
#8399=VECTOR('',#10361,1.);
#8400=VECTOR('',#10364,1.);
#8401=VECTOR('',#10365,1.);
#8402=VECTOR('',#10372,1.);
#8403=VECTOR('',#10373,1.);
#8404=VECTOR('',#10374,1.);
#8405=VECTOR('',#10375,1.);
#8406=VECTOR('',#10376,1.);
#8407=VECTOR('',#10377,1.);
#8408=VECTOR('',#10378,1.);
#8409=VECTOR('',#10379,1.);
#8410=VECTOR('',#10380,1.);
#8411=VECTOR('',#10381,1.);
#8412=VECTOR('',#10382,1.);
#8413=VECTOR('',#10383,1.);
#8414=VECTOR('',#10384,1.);
#8415=VECTOR('',#10385,1.);
#8416=VECTOR('',#10386,1.);
#8417=VECTOR('',#10387,1.);
#8418=VECTOR('',#10388,1.);
#8419=VECTOR('',#10389,1.);
#8420=VECTOR('',#10390,1.);
#8421=VECTOR('',#10391,1.);
#8422=VECTOR('',#10392,1.);
#8423=VECTOR('',#10393,1.);
#8424=VECTOR('',#10394,1.);
#8425=VECTOR('',#10395,1.);
#8426=VECTOR('',#10396,1.);
#8427=VECTOR('',#10397,1.);
#8428=VECTOR('',#10398,1.);
#8429=VECTOR('',#10399,1.);
#8430=VECTOR('',#10400,1.);
#8431=VECTOR('',#10401,1.);
#8432=VECTOR('',#10402,1.);
#8433=VECTOR('',#10403,1.);
#8434=VECTOR('',#10404,1.);
#8435=VECTOR('',#10405,1.);
#8436=VECTOR('',#10406,1.);
#8437=VECTOR('',#10407,1.);
#8438=VECTOR('',#10408,1.);
#8439=VECTOR('',#10409,1.);
#8440=VECTOR('',#10410,1.);
#8441=VECTOR('',#10411,1.);
#8442=VECTOR('',#10412,1.);
#8443=VECTOR('',#10413,1.);
#8444=VECTOR('',#10414,1.);
#8445=VECTOR('',#10415,1.);
#8446=VECTOR('',#10416,1.);
#8447=VECTOR('',#10417,1.);
#8448=VECTOR('',#10418,1.);
#8449=VECTOR('',#10419,1.);
#8450=VECTOR('',#10420,1.);
#8451=VECTOR('',#10421,1.);
#8452=VECTOR('',#10422,1.);
#8453=VECTOR('',#10423,1.);
#8454=VECTOR('',#10424,1.);
#8455=VECTOR('',#10425,1.);
#8456=VECTOR('',#10426,1.);
#8457=VECTOR('',#10427,1.);
#8458=VECTOR('',#10428,1.);
#8459=VECTOR('',#10429,1.);
#8460=VECTOR('',#10430,1.);
#8461=VECTOR('',#10431,1.);
#8462=VECTOR('',#10432,1.);
#8463=VECTOR('',#10433,1.);
#8464=VECTOR('',#10434,1.);
#8465=VECTOR('',#10435,1.);
#8466=VECTOR('',#10436,1.);
#8467=VECTOR('',#10437,1.);
#8468=VECTOR('',#10438,1.);
#8469=VECTOR('',#10439,1.);
#8470=VECTOR('',#10442,1.);
#8471=VECTOR('',#10443,1.);
#8472=VECTOR('',#10444,1.);
#8473=VECTOR('',#10445,1.);
#8474=VECTOR('',#10446,1.);
#8475=VECTOR('',#10447,1.);
#8476=VECTOR('',#10448,1.);
#8477=VECTOR('',#10449,1.);
#8478=VECTOR('',#10450,1.);
#8479=VECTOR('',#10451,1.);
#8480=VECTOR('',#10452,1.);
#8481=VECTOR('',#10453,1.);
#8482=VECTOR('',#10454,1.);
#8483=VECTOR('',#10455,1.);
#8484=VECTOR('',#10456,1.);
#8485=VECTOR('',#10457,1.);
#8486=VECTOR('',#10458,1.);
#8487=VECTOR('',#10459,1.);
#8488=VECTOR('',#10460,1.);
#8489=VECTOR('',#10461,1.);
#8490=VECTOR('',#10462,1.);
#8491=VECTOR('',#10463,1.);
#8492=VECTOR('',#10464,1.);
#8493=VECTOR('',#10465,1.);
#8494=VECTOR('',#10466,1.);
#8495=VECTOR('',#10467,1.);
#8496=VECTOR('',#10468,1.);
#8497=VECTOR('',#10469,1.);
#8498=VECTOR('',#10470,1.);
#8499=VECTOR('',#10471,1.);
#8500=VECTOR('',#10472,1.);
#8501=VECTOR('',#10473,1.);
#8502=VECTOR('',#10474,1.);
#8503=VECTOR('',#10475,1.);
#8504=VECTOR('',#10476,1.);
#8505=VECTOR('',#10477,1.);
#8506=VECTOR('',#10478,1.);
#8507=VECTOR('',#10479,1.);
#8508=VECTOR('',#10480,1.);
#8509=VECTOR('',#10481,1.);
#8510=VECTOR('',#10482,1.);
#8511=VECTOR('',#10483,1.);
#8512=VECTOR('',#10484,1.);
#8513=VECTOR('',#10485,1.);
#8514=VECTOR('',#10486,1.);
#8515=VECTOR('',#10487,1.);
#8516=VECTOR('',#10488,1.);
#8517=VECTOR('',#10489,1.);
#8518=VECTOR('',#10490,1.);
#8519=VECTOR('',#10491,1.);
#8520=VECTOR('',#10492,1.);
#8521=VECTOR('',#10493,1.);
#8522=VECTOR('',#10494,1.);
#8523=VECTOR('',#10495,1.);
#8524=VECTOR('',#10496,1.);
#8525=VECTOR('',#10497,1.);
#8526=VECTOR('',#10498,1.);
#8527=VECTOR('',#10499,1.);
#8528=VECTOR('',#10500,1.);
#8529=VECTOR('',#10501,1.);
#8530=VECTOR('',#10502,1.);
#8531=VECTOR('',#10503,1.);
#8532=VECTOR('',#10504,1.);
#8533=VECTOR('',#10505,1.);
#8534=VECTOR('',#10506,1.);
#8535=VECTOR('',#10507,1.);
#8536=VECTOR('',#10508,1.);
#8537=VECTOR('',#10509,1.);
#8538=VECTOR('',#10510,1.);
#8539=VECTOR('',#10511,1.);
#8540=VECTOR('',#10512,1.);
#8541=VECTOR('',#10513,1.);
#8542=VECTOR('',#10514,1.);
#8543=VECTOR('',#10515,1.);
#8544=VECTOR('',#10516,1.);
#8545=VECTOR('',#10517,1.);
#8546=VECTOR('',#10518,1.);
#8547=VECTOR('',#10519,1.);
#8548=VECTOR('',#10520,1.);
#8549=VECTOR('',#10521,1.);
#8550=VECTOR('',#10522,1.);
#8551=VECTOR('',#10523,1.);
#8552=VECTOR('',#10524,1.);
#8553=VECTOR('',#10525,1.);
#8554=VECTOR('',#10526,1.);
#8555=VECTOR('',#10527,1.);
#8556=VECTOR('',#10528,1.);
#8557=VECTOR('',#10529,1.);
#8558=VECTOR('',#10530,1.);
#8559=VECTOR('',#10531,1.);
#8560=VECTOR('',#10532,1.);
#8561=VECTOR('',#10533,1.);
#8562=VECTOR('',#10534,1.);
#8563=VECTOR('',#10535,1.);
#8564=VECTOR('',#10536,1.);
#8565=VECTOR('',#10537,1.);
#8566=VECTOR('',#10538,1.);
#8567=VECTOR('',#10541,1.);
#8568=VECTOR('',#10542,1.);
#8569=VECTOR('',#10543,1.);
#8570=VECTOR('',#10544,1.);
#8571=VECTOR('',#10545,1.);
#8572=VECTOR('',#10546,1.);
#8573=VECTOR('',#10549,1.);
#8574=VECTOR('',#10552,1.);
#8575=VECTOR('',#10555,1.);
#8576=VECTOR('',#10558,1.);
#8577=VECTOR('',#10561,1.);
#8578=VECTOR('',#10562,1.);
#8579=VECTOR('',#10563,1.);
#8580=VECTOR('',#10568,1.);
#8581=VECTOR('',#10569,1.);
#8582=VECTOR('',#10570,1.);
#8583=VECTOR('',#10573,1.);
#8584=VECTOR('',#10576,1.);
#8585=VECTOR('',#10579,1.);
#8586=VECTOR('',#10582,1.);
#8587=VECTOR('',#10583,1.);
#8588=VECTOR('',#10594,1.);
#8589=VECTOR('',#10599,1.);
#8590=VECTOR('',#10604,1.);
#8591=VECTOR('',#10605,1.);
#8592=VECTOR('',#10606,1.);
#8593=VECTOR('',#10619,1.);
#8594=VECTOR('',#10620,1.);
#8595=VECTOR('',#10623,1.);
#8596=VECTOR('',#10626,1.);
#8597=VECTOR('',#10627,1.);
#8598=VECTOR('',#10630,1.);
#8599=VECTOR('',#10633,1.);
#8600=VECTOR('',#10634,1.);
#8601=VECTOR('',#10635,1.);
#8602=VECTOR('',#10636,1.);
#8603=VECTOR('',#10637,1.);
#8604=VECTOR('',#10638,1.);
#8605=VECTOR('',#10639,1.);
#8606=VECTOR('',#10640,1.);
#8607=VECTOR('',#10641,1.);
#8608=VECTOR('',#10642,1.);
#8609=VECTOR('',#10643,1.);
#8610=VECTOR('',#10644,1.);
#8611=VECTOR('',#10645,1.);
#8612=VECTOR('',#10646,1.);
#8613=VECTOR('',#10647,1.);
#8614=VECTOR('',#10648,1.);
#8615=VECTOR('',#10649,1.);
#8616=VECTOR('',#10650,1.);
#8617=VECTOR('',#10651,1.);
#8618=VECTOR('',#10652,1.);
#8619=VECTOR('',#10653,1.);
#8620=VECTOR('',#10654,1.);
#8621=VECTOR('',#10655,1.);
#8622=VECTOR('',#10656,1.);
#8623=VECTOR('',#10657,1.);
#8624=VECTOR('',#10658,1.);
#8625=VECTOR('',#10659,1.);
#8626=VECTOR('',#10660,1.);
#8627=VECTOR('',#10661,1.);
#8628=VECTOR('',#10662,1.);
#8629=VECTOR('',#10663,1.);
#8630=VECTOR('',#10664,1.);
#8631=VECTOR('',#10665,1.);
#8632=VECTOR('',#10666,1.);
#8633=VECTOR('',#10667,1.);
#8634=VECTOR('',#10668,1.);
#8635=VECTOR('',#10669,1.);
#8636=VECTOR('',#10670,1.);
#8637=VECTOR('',#10671,1.);
#8638=VECTOR('',#10672,1.);
#8639=VECTOR('',#10673,1.);
#8640=VECTOR('',#10674,1.);
#8641=VECTOR('',#10675,1.);
#8642=VECTOR('',#10676,1.);
#8643=VECTOR('',#10677,1.);
#8644=VECTOR('',#10678,1.);
#8645=VECTOR('',#10679,1.);
#8646=VECTOR('',#10680,1.);
#8647=VECTOR('',#10683,1.);
#8648=VECTOR('',#10684,1.);
#8649=VECTOR('',#10687,1.);
#8650=VECTOR('',#10692,1.);
#8651=VECTOR('',#10693,1.);
#8652=VECTOR('',#10696,1.);
#8653=VECTOR('',#10701,1.);
#8654=VECTOR('',#10704,1.);
#8655=VECTOR('',#10711,1.);
#8656=VECTOR('',#10714,1.);
#8657=VECTOR('',#10719,1.);
#8658=VECTOR('',#10722,1.);
#8659=VECTOR('',#10725,1.);
#8660=VECTOR('',#10728,1.);
#8661=VECTOR('',#10731,1.);
#8662=VECTOR('',#10740,1.);
#8663=VECTOR('',#10743,1.);
#8664=VECTOR('',#10744,1.);
#8665=VECTOR('',#10745,1.);
#8666=VECTOR('',#10748,1.);
#8667=VECTOR('',#10749,1.);
#8668=VECTOR('',#10750,1.);
#8669=VECTOR('',#10753,1.);
#8670=VECTOR('',#10754,1.);
#8671=VECTOR('',#10763,1.);
#8672=VECTOR('',#10768,1.);
#8673=VECTOR('',#10769,1.);
#8674=VECTOR('',#10770,1.);
#8675=VECTOR('',#10773,1.);
#8676=VECTOR('',#10774,1.);
#8677=VECTOR('',#10775,1.);
#8678=VECTOR('',#10778,1.);
#8679=VECTOR('',#10779,1.);
#8680=VECTOR('',#10786,1.);
#8681=VECTOR('',#10789,1.);
#8682=VECTOR('',#10796,1.);
#8683=VECTOR('',#10799,1.);
#8684=VECTOR('',#10804,1.);
#8685=VECTOR('',#10807,1.);
#8686=VECTOR('',#10810,1.);
#8687=VECTOR('',#10813,1.);
#8688=VECTOR('',#10816,1.);
#8689=VECTOR('',#10821,1.);
#8690=VECTOR('',#10824,1.);
#8691=VECTOR('',#10831,1.);
#8692=VECTOR('',#10834,1.);
#8693=VECTOR('',#10839,1.);
#8694=VECTOR('',#10842,1.);
#8695=VECTOR('',#10845,1.);
#8696=VECTOR('',#10848,1.);
#8697=VECTOR('',#10851,1.);
#8698=VECTOR('',#10856,1.);
#8699=VECTOR('',#10859,1.);
#8700=VECTOR('',#10866,1.);
#8701=VECTOR('',#10869,1.);
#8702=VECTOR('',#10874,1.);
#8703=VECTOR('',#10877,1.);
#8704=VECTOR('',#10880,1.);
#8705=VECTOR('',#10883,1.);
#8706=VECTOR('',#10886,1.);
#8707=VECTOR('',#10891,1.);
#8708=VECTOR('',#10894,1.);
#8709=VECTOR('',#10901,1.);
#8710=VECTOR('',#10904,1.);
#8711=VECTOR('',#10909,1.);
#8712=VECTOR('',#10912,1.);
#8713=VECTOR('',#10915,1.);
#8714=VECTOR('',#10918,1.);
#8715=VECTOR('',#10921,1.);
#8716=VECTOR('',#10926,1.);
#8717=VECTOR('',#10929,1.);
#8718=VECTOR('',#10936,1.);
#8719=VECTOR('',#10939,1.);
#8720=VECTOR('',#10944,1.);
#8721=VECTOR('',#10947,1.);
#8722=VECTOR('',#10950,1.);
#8723=VECTOR('',#10953,1.);
#8724=VECTOR('',#10956,1.);
#8725=VECTOR('',#10961,1.);
#8726=VECTOR('',#10964,1.);
#8727=VECTOR('',#10971,1.);
#8728=VECTOR('',#10974,1.);
#8729=VECTOR('',#10979,1.);
#8730=VECTOR('',#10982,1.);
#8731=VECTOR('',#10985,1.);
#8732=VECTOR('',#10988,1.);
#8733=VECTOR('',#10991,1.);
#8734=VECTOR('',#10996,1.);
#8735=VECTOR('',#10999,1.);
#8736=VECTOR('',#11006,1.);
#8737=VECTOR('',#11009,1.);
#8738=VECTOR('',#11014,1.);
#8739=VECTOR('',#11017,1.);
#8740=VECTOR('',#11020,1.);
#8741=VECTOR('',#11023,1.);
#8742=VECTOR('',#11026,1.);
#8743=VECTOR('',#11031,1.);
#8744=VECTOR('',#11034,1.);
#8745=VECTOR('',#11041,1.);
#8746=VECTOR('',#11044,1.);
#8747=VECTOR('',#11049,1.);
#8748=VECTOR('',#11052,1.);
#8749=VECTOR('',#11055,1.);
#8750=VECTOR('',#11058,1.);
#8751=VECTOR('',#11061,1.);
#8752=VECTOR('',#11066,1.);
#8753=VECTOR('',#11069,1.);
#8754=VECTOR('',#11076,1.);
#8755=VECTOR('',#11079,1.);
#8756=VECTOR('',#11084,1.);
#8757=VECTOR('',#11087,1.);
#8758=VECTOR('',#11090,1.);
#8759=VECTOR('',#11093,1.);
#8760=VECTOR('',#11096,1.);
#8761=VECTOR('',#11101,1.);
#8762=VECTOR('',#11104,1.);
#8763=VECTOR('',#11111,1.);
#8764=VECTOR('',#11114,1.);
#8765=VECTOR('',#11119,1.);
#8766=VECTOR('',#11122,1.);
#8767=VECTOR('',#11125,1.);
#8768=VECTOR('',#11128,1.);
#8769=VECTOR('',#11131,1.);
#8770=VECTOR('',#11136,1.);
#8771=VECTOR('',#11139,1.);
#8772=VECTOR('',#11146,1.);
#8773=VECTOR('',#11149,1.);
#8774=VECTOR('',#11154,1.);
#8775=VECTOR('',#11157,1.);
#8776=VECTOR('',#11160,1.);
#8777=VECTOR('',#11163,1.);
#8778=VECTOR('',#11166,1.);
#8779=VECTOR('',#11171,1.);
#8780=VECTOR('',#11174,1.);
#8781=VECTOR('',#11181,1.);
#8782=VECTOR('',#11184,1.);
#8783=VECTOR('',#11189,1.);
#8784=VECTOR('',#11192,1.);
#8785=VECTOR('',#11195,1.);
#8786=VECTOR('',#11198,1.);
#8787=VECTOR('',#11201,1.);
#8788=VECTOR('',#11206,1.);
#8789=VECTOR('',#11209,1.);
#8790=VECTOR('',#11216,1.);
#8791=VECTOR('',#11219,1.);
#8792=VECTOR('',#11224,1.);
#8793=VECTOR('',#11227,1.);
#8794=VECTOR('',#11230,1.);
#8795=VECTOR('',#11233,1.);
#8796=VECTOR('',#11236,1.);
#8797=VECTOR('',#11241,1.);
#8798=VECTOR('',#11244,1.);
#8799=VECTOR('',#11251,1.);
#8800=VECTOR('',#11254,1.);
#8801=VECTOR('',#11259,1.);
#8802=VECTOR('',#11262,1.);
#8803=VECTOR('',#11265,1.);
#8804=VECTOR('',#11268,1.);
#8805=VECTOR('',#11271,1.);
#8806=VECTOR('',#11276,1.);
#8807=VECTOR('',#11279,1.);
#8808=VECTOR('',#11286,1.);
#8809=VECTOR('',#11289,1.);
#8810=VECTOR('',#11294,1.);
#8811=VECTOR('',#11297,1.);
#8812=VECTOR('',#11300,1.);
#8813=VECTOR('',#11303,1.);
#8814=VECTOR('',#11306,1.);
#8815=VECTOR('',#11315,1.);
#8816=VECTOR('',#11318,1.);
#8817=VECTOR('',#11319,1.);
#8818=VECTOR('',#11320,1.);
#8819=VECTOR('',#11323,1.);
#8820=VECTOR('',#11324,1.);
#8821=VECTOR('',#11325,1.);
#8822=VECTOR('',#11328,1.);
#8823=VECTOR('',#11331,1.);
#8824=VECTOR('',#11340,1.);
#8825=VECTOR('',#11343,1.);
#8826=VECTOR('',#11344,1.);
#8827=VECTOR('',#11345,1.);
#8828=VECTOR('',#11348,1.);
#8829=VECTOR('',#11349,1.);
#8830=VECTOR('',#11350,1.);
#8831=VECTOR('',#11353,1.);
#8832=VECTOR('',#11356,1.);
#8833=VECTOR('',#11365,1.);
#8834=VECTOR('',#11368,1.);
#8835=VECTOR('',#11369,1.);
#8836=VECTOR('',#11370,1.);
#8837=VECTOR('',#11373,1.);
#8838=VECTOR('',#11374,1.);
#8839=VECTOR('',#11375,1.);
#8840=VECTOR('',#11378,1.);
#8841=VECTOR('',#11381,1.);
#8842=VECTOR('',#11390,1.);
#8843=VECTOR('',#11393,1.);
#8844=VECTOR('',#11394,1.);
#8845=VECTOR('',#11395,1.);
#8846=VECTOR('',#11398,1.);
#8847=VECTOR('',#11399,1.);
#8848=VECTOR('',#11400,1.);
#8849=VECTOR('',#11403,1.);
#8850=VECTOR('',#11406,1.);
#8851=VECTOR('',#11415,1.);
#8852=VECTOR('',#11418,1.);
#8853=VECTOR('',#11419,1.);
#8854=VECTOR('',#11420,1.);
#8855=VECTOR('',#11423,1.);
#8856=VECTOR('',#11424,1.);
#8857=VECTOR('',#11425,1.);
#8858=VECTOR('',#11428,1.);
#8859=VECTOR('',#11431,1.);
#8860=VECTOR('',#11440,1.);
#8861=VECTOR('',#11443,1.);
#8862=VECTOR('',#11444,1.);
#8863=VECTOR('',#11445,1.);
#8864=VECTOR('',#11448,1.);
#8865=VECTOR('',#11449,1.);
#8866=VECTOR('',#11450,1.);
#8867=VECTOR('',#11453,1.);
#8868=VECTOR('',#11456,1.);
#8869=VECTOR('',#11465,1.);
#8870=VECTOR('',#11468,1.);
#8871=VECTOR('',#11469,1.);
#8872=VECTOR('',#11470,1.);
#8873=VECTOR('',#11473,1.);
#8874=VECTOR('',#11474,1.);
#8875=VECTOR('',#11475,1.);
#8876=VECTOR('',#11478,1.);
#8877=VECTOR('',#11481,1.);
#8878=VECTOR('',#11488,1.);
#8879=VECTOR('',#11493,1.);
#8880=VECTOR('',#11494,1.);
#8881=VECTOR('',#11495,1.);
#8882=VECTOR('',#11498,1.);
#8883=VECTOR('',#11499,1.);
#8884=VECTOR('',#11500,1.);
#8885=VECTOR('',#11503,1.);
#8886=VECTOR('',#11504,1.);
#8887=VECTOR('',#11513,1.);
#8888=VECTOR('',#11518,1.);
#8889=VECTOR('',#11519,1.);
#8890=VECTOR('',#11520,1.);
#8891=VECTOR('',#11523,1.);
#8892=VECTOR('',#11524,1.);
#8893=VECTOR('',#11525,1.);
#8894=VECTOR('',#11528,1.);
#8895=VECTOR('',#11529,1.);
#8896=VECTOR('',#11538,1.);
#8897=VECTOR('',#11543,1.);
#8898=VECTOR('',#11544,1.);
#8899=VECTOR('',#11545,1.);
#8900=VECTOR('',#11548,1.);
#8901=VECTOR('',#11549,1.);
#8902=VECTOR('',#11550,1.);
#8903=VECTOR('',#11553,1.);
#8904=VECTOR('',#11554,1.);
#8905=VECTOR('',#11563,1.);
#8906=VECTOR('',#11568,1.);
#8907=VECTOR('',#11569,1.);
#8908=VECTOR('',#11570,1.);
#8909=VECTOR('',#11573,1.);
#8910=VECTOR('',#11574,1.);
#8911=VECTOR('',#11575,1.);
#8912=VECTOR('',#11578,1.);
#8913=VECTOR('',#11579,1.);
#8914=VECTOR('',#11588,1.);
#8915=VECTOR('',#11593,1.);
#8916=VECTOR('',#11594,1.);
#8917=VECTOR('',#11595,1.);
#8918=VECTOR('',#11598,1.);
#8919=VECTOR('',#11599,1.);
#8920=VECTOR('',#11600,1.);
#8921=VECTOR('',#11603,1.);
#8922=VECTOR('',#11604,1.);
#8923=VECTOR('',#11613,1.);
#8924=VECTOR('',#11618,1.);
#8925=VECTOR('',#11619,1.);
#8926=VECTOR('',#11620,1.);
#8927=VECTOR('',#11623,1.);
#8928=VECTOR('',#11624,1.);
#8929=VECTOR('',#11625,1.);
#8930=VECTOR('',#11628,1.);
#8931=VECTOR('',#11629,1.);
#8932=VECTOR('',#11638,1.);
#8933=VECTOR('',#11643,1.);
#8934=VECTOR('',#11644,1.);
#8935=VECTOR('',#11645,1.);
#8936=VECTOR('',#11648,1.);
#8937=VECTOR('',#11649,1.);
#8938=VECTOR('',#11650,1.);
#8939=VECTOR('',#11653,1.);
#8940=VECTOR('',#11654,1.);
#8941=VECTOR('',#11663,1.);
#8942=VECTOR('',#11668,1.);
#8943=VECTOR('',#11669,1.);
#8944=VECTOR('',#11670,1.);
#8945=VECTOR('',#11673,1.);
#8946=VECTOR('',#11674,1.);
#8947=VECTOR('',#11675,1.);
#8948=VECTOR('',#11678,1.);
#8949=VECTOR('',#11681,1.);
#8950=VECTOR('',#11688,1.);
#8951=VECTOR('',#11693,1.);
#8952=VECTOR('',#11694,1.);
#8953=VECTOR('',#11695,1.);
#8954=VECTOR('',#11698,1.);
#8955=VECTOR('',#11699,1.);
#8956=VECTOR('',#11700,1.);
#8957=VECTOR('',#11703,1.);
#8958=VECTOR('',#11706,1.);
#8959=VECTOR('',#11715,1.);
#8960=VECTOR('',#11718,1.);
#8961=VECTOR('',#11719,1.);
#8962=VECTOR('',#11720,1.);
#8963=VECTOR('',#11723,1.);
#8964=VECTOR('',#11724,1.);
#8965=VECTOR('',#11725,1.);
#8966=VECTOR('',#11728,1.);
#8967=VECTOR('',#11731,1.);
#8968=VECTOR('',#11740,1.);
#8969=VECTOR('',#11743,1.);
#8970=VECTOR('',#11744,1.);
#8971=VECTOR('',#11745,1.);
#8972=VECTOR('',#11748,1.);
#8973=VECTOR('',#11749,1.);
#8974=VECTOR('',#11750,1.);
#8975=VECTOR('',#11753,1.);
#8976=VECTOR('',#11756,1.);
#8977=AXIS2_PLACEMENT_3D('',#11761,#9508,#9509);
#8978=AXIS2_PLACEMENT_3D('',#11878,#9568,#9569);
#8979=AXIS2_PLACEMENT_3D('',#12016,#9639,#9640);
#8980=AXIS2_PLACEMENT_3D('',#12025,#9645,#9646);
#8981=AXIS2_PLACEMENT_3D('',#12034,#9651,#9652);
#8982=AXIS2_PLACEMENT_3D('',#12043,#9658,#9659);
#8983=AXIS2_PLACEMENT_3D('',#12052,#9665,#9666);
#8984=AXIS2_PLACEMENT_3D('',#12061,#9671,#9672);
#8985=AXIS2_PLACEMENT_3D('',#12070,#9677,#9678);
#8986=AXIS2_PLACEMENT_3D('',#12082,#9685,#9686);
#8987=AXIS2_PLACEMENT_3D('',#12094,#9693,#9694);
#8988=AXIS2_PLACEMENT_3D('',#12103,#9699,#9700);
#8989=AXIS2_PLACEMENT_3D('',#12115,#9708,#9709);
#8990=AXIS2_PLACEMENT_3D('',#12134,#9720,#9721);
#8991=AXIS2_PLACEMENT_3D('',#12146,#9729,#9730);
#8992=AXIS2_PLACEMENT_3D('',#12152,#9734,#9735);
#8993=AXIS2_PLACEMENT_3D('',#12161,#9740,#9741);
#8994=AXIS2_PLACEMENT_3D('',#12173,#9749,#9750);
#8995=AXIS2_PLACEMENT_3D('',#12179,#9754,#9755);
#8996=AXIS2_PLACEMENT_3D('',#12198,#9766,#9767);
#8997=AXIS2_PLACEMENT_3D('',#12294,#9815,#9816);
#8998=AXIS2_PLACEMENT_3D('',#12302,#9821,#9822);
#8999=AXIS2_PLACEMENT_3D('',#12306,#9825,#9826);
#9000=AXIS2_PLACEMENT_3D('',#12310,#9829,#9830);
#9001=AXIS2_PLACEMENT_3D('',#12314,#9833,#9834);
#9002=AXIS2_PLACEMENT_3D('',#12316,#9836,#9837);
#9003=AXIS2_PLACEMENT_3D('',#12317,#9838,#9839);
#9004=AXIS2_PLACEMENT_3D('',#12336,#9858,#9859);
#9005=AXIS2_PLACEMENT_3D('',#12340,#9862,#9863);
#9006=AXIS2_PLACEMENT_3D('',#12344,#9866,#9867);
#9007=AXIS2_PLACEMENT_3D('',#12348,#9870,#9871);
#9008=AXIS2_PLACEMENT_3D('',#12352,#9874,#9875);
#9009=AXIS2_PLACEMENT_3D('',#12360,#9880,#9881);
#9010=AXIS2_PLACEMENT_3D('',#12364,#9884,#9885);
#9011=AXIS2_PLACEMENT_3D('',#12366,#9887,#9888);
#9012=AXIS2_PLACEMENT_3D('',#12373,#9893,#9894);
#9013=AXIS2_PLACEMENT_3D('',#12379,#9898,#9899);
#9014=AXIS2_PLACEMENT_3D('',#12385,#9903,#9904);
#9015=AXIS2_PLACEMENT_3D('',#12388,#9907,#9908);
#9016=AXIS2_PLACEMENT_3D('',#12389,#9909,#9910);
#9017=AXIS2_PLACEMENT_3D('',#12390,#9911,#9912);
#9018=AXIS2_PLACEMENT_3D('',#12392,#9914,#9915);
#9019=AXIS2_PLACEMENT_3D('',#12393,#9916,#9917);
#9020=AXIS2_PLACEMENT_3D('',#12403,#9923,#9924);
#9021=AXIS2_PLACEMENT_3D('',#12409,#9928,#9929);
#9022=AXIS2_PLACEMENT_3D('',#12414,#9933,#9934);
#9023=AXIS2_PLACEMENT_3D('',#12416,#9936,#9937);
#9024=AXIS2_PLACEMENT_3D('',#12418,#9939,#9940);
#9025=AXIS2_PLACEMENT_3D('',#12419,#9941,#9942);
#9026=AXIS2_PLACEMENT_3D('',#12421,#9944,#9945);
#9027=AXIS2_PLACEMENT_3D('',#12423,#9947,#9948);
#9028=AXIS2_PLACEMENT_3D('',#12426,#9951,#9952);
#9029=AXIS2_PLACEMENT_3D('',#12428,#9954,#9955);
#9030=AXIS2_PLACEMENT_3D('',#12429,#9956,#9957);
#9031=AXIS2_PLACEMENT_3D('',#12435,#9961,#9962);
#9032=AXIS2_PLACEMENT_3D('',#12441,#9966,#9967);
#9033=AXIS2_PLACEMENT_3D('',#12444,#9970,#9971);
#9034=AXIS2_PLACEMENT_3D('',#12445,#9972,#9973);
#9035=AXIS2_PLACEMENT_3D('',#12446,#9974,#9975);
#9036=AXIS2_PLACEMENT_3D('',#12449,#9978,#9979);
#9037=AXIS2_PLACEMENT_3D('',#12451,#9981,#9982);
#9038=AXIS2_PLACEMENT_3D('',#12452,#9983,#9984);
#9039=AXIS2_PLACEMENT_3D('',#12462,#9990,#9991);
#9040=AXIS2_PLACEMENT_3D('',#12468,#9995,#9996);
#9041=AXIS2_PLACEMENT_3D('',#12473,#10000,#10001);
#9042=AXIS2_PLACEMENT_3D('',#12475,#10003,#10004);
#9043=AXIS2_PLACEMENT_3D('',#12477,#10006,#10007);
#9044=AXIS2_PLACEMENT_3D('',#12478,#10008,#10009);
#9045=AXIS2_PLACEMENT_3D('',#12484,#10013,#10014);
#9046=AXIS2_PLACEMENT_3D('',#12490,#10018,#10019);
#9047=AXIS2_PLACEMENT_3D('',#12496,#10023,#10024);
#9048=AXIS2_PLACEMENT_3D('',#12502,#10028,#10029);
#9049=AXIS2_PLACEMENT_3D('',#12508,#10033,#10034);
#9050=AXIS2_PLACEMENT_3D('',#12514,#10038,#10039);
#9051=AXIS2_PLACEMENT_3D('',#12520,#10043,#10044);
#9052=AXIS2_PLACEMENT_3D('',#12526,#10048,#10049);
#9053=AXIS2_PLACEMENT_3D('',#12532,#10053,#10054);
#9054=AXIS2_PLACEMENT_3D('',#12538,#10058,#10059);
#9055=AXIS2_PLACEMENT_3D('',#12544,#10063,#10064);
#9056=AXIS2_PLACEMENT_3D('',#12550,#10068,#10069);
#9057=AXIS2_PLACEMENT_3D('',#12556,#10073,#10074);
#9058=AXIS2_PLACEMENT_3D('',#12562,#10078,#10079);
#9059=AXIS2_PLACEMENT_3D('',#12568,#10083,#10084);
#9060=AXIS2_PLACEMENT_3D('',#12574,#10088,#10089);
#9061=AXIS2_PLACEMENT_3D('',#12580,#10093,#10094);
#9062=AXIS2_PLACEMENT_3D('',#12586,#10098,#10099);
#9063=AXIS2_PLACEMENT_3D('',#12597,#10106,#10107);
#9064=AXIS2_PLACEMENT_3D('',#12603,#10111,#10112);
#9065=AXIS2_PLACEMENT_3D('',#12608,#10115,#10116);
#9066=AXIS2_PLACEMENT_3D('',#12616,#10120,#10121);
#9067=AXIS2_PLACEMENT_3D('',#12617,#10122,#10123);
#9068=AXIS2_PLACEMENT_3D('',#12623,#10127,#10128);
#9069=AXIS2_PLACEMENT_3D('',#12772,#10209,#10210);
#9070=AXIS2_PLACEMENT_3D('',#12829,#10244,#10245);
#9071=AXIS2_PLACEMENT_3D('',#12834,#10248,#10249);
#9072=AXIS2_PLACEMENT_3D('',#12841,#10253,#10254);
#9073=AXIS2_PLACEMENT_3D('',#12848,#10258,#10259);
#9074=AXIS2_PLACEMENT_3D('',#12865,#10269,#10270);
#9075=AXIS2_PLACEMENT_3D('',#12879,#10278,#10279);
#9076=AXIS2_PLACEMENT_3D('',#12890,#10286,#10287);
#9077=AXIS2_PLACEMENT_3D('',#12897,#10292,#10293);
#9078=AXIS2_PLACEMENT_3D('',#12903,#10297,#10298);
#9079=AXIS2_PLACEMENT_3D('',#12910,#10303,#10304);
#9080=AXIS2_PLACEMENT_3D('',#12911,#10305,#10306);
#9081=AXIS2_PLACEMENT_3D('',#12912,#10307,#10308);
#9082=AXIS2_PLACEMENT_3D('',#12915,#10311,#10312);
#9083=AXIS2_PLACEMENT_3D('',#12922,#10317,#10318);
#9084=AXIS2_PLACEMENT_3D('',#12928,#10322,#10323);
#9085=AXIS2_PLACEMENT_3D('',#12929,#10324,#10325);
#9086=AXIS2_PLACEMENT_3D('',#12930,#10326,#10327);
#9087=AXIS2_PLACEMENT_3D('',#12931,#10328,#10329);
#9088=AXIS2_PLACEMENT_3D('',#12932,#10330,#10331);
#9089=AXIS2_PLACEMENT_3D('',#12936,#10334,#10335);
#9090=AXIS2_PLACEMENT_3D('',#12942,#10339,#10340);
#9091=AXIS2_PLACEMENT_3D('',#12946,#10342,#10343);
#9092=AXIS2_PLACEMENT_3D('',#12947,#10344,#10345);
#9093=AXIS2_PLACEMENT_3D('',#12949,#10347,#10348);
#9094=AXIS2_PLACEMENT_3D('',#12951,#10350,#10351);
#9095=AXIS2_PLACEMENT_3D('',#12952,#10352,#10353);
#9096=AXIS2_PLACEMENT_3D('',#12956,#10356,#10357);
#9097=AXIS2_PLACEMENT_3D('',#12964,#10362,#10363);
#9098=AXIS2_PLACEMENT_3D('',#12968,#10366,#10367);
#9099=AXIS2_PLACEMENT_3D('',#12969,#10368,#10369);
#9100=AXIS2_PLACEMENT_3D('',#12970,#10370,#10371);
#9101=AXIS2_PLACEMENT_3D('',#13105,#10440,#10441);
#9102=AXIS2_PLACEMENT_3D('',#13267,#10539,#10540);
#9103=AXIS2_PLACEMENT_3D('',#13277,#10547,#10548);
#9104=AXIS2_PLACEMENT_3D('',#13280,#10550,#10551);
#9105=AXIS2_PLACEMENT_3D('',#13283,#10553,#10554);
#9106=AXIS2_PLACEMENT_3D('',#13286,#10556,#10557);
#9107=AXIS2_PLACEMENT_3D('',#13288,#10559,#10560);
#9108=AXIS2_PLACEMENT_3D('',#13293,#10564,#10565);
#9109=AXIS2_PLACEMENT_3D('',#13294,#10566,#10567);
#9110=AXIS2_PLACEMENT_3D('',#13299,#10571,#10572);
#9111=AXIS2_PLACEMENT_3D('',#13301,#10574,#10575);
#9112=AXIS2_PLACEMENT_3D('',#13303,#10577,#10578);
#9113=AXIS2_PLACEMENT_3D('',#13305,#10580,#10581);
#9114=AXIS2_PLACEMENT_3D('',#13308,#10584,#10585);
#9115=AXIS2_PLACEMENT_3D('',#13309,#10586,#10587);
#9116=AXIS2_PLACEMENT_3D('',#13310,#10588,#10589);
#9117=AXIS2_PLACEMENT_3D('',#13311,#10590,#10591);
#9118=AXIS2_PLACEMENT_3D('',#13312,#10592,#10593);
#9119=AXIS2_PLACEMENT_3D('',#13314,#10595,#10596);
#9120=AXIS2_PLACEMENT_3D('',#13315,#10597,#10598);
#9121=AXIS2_PLACEMENT_3D('',#13317,#10600,#10601);
#9122=AXIS2_PLACEMENT_3D('',#13318,#10602,#10603);
#9123=AXIS2_PLACEMENT_3D('',#13324,#10607,#10608);
#9124=AXIS2_PLACEMENT_3D('',#13325,#10609,#10610);
#9125=AXIS2_PLACEMENT_3D('',#13326,#10611,#10612);
#9126=AXIS2_PLACEMENT_3D('',#13327,#10613,#10614);
#9127=AXIS2_PLACEMENT_3D('',#13328,#10615,#10616);
#9128=AXIS2_PLACEMENT_3D('',#13329,#10617,#10618);
#9129=AXIS2_PLACEMENT_3D('',#13333,#10621,#10622);
#9130=AXIS2_PLACEMENT_3D('',#13335,#10624,#10625);
#9131=AXIS2_PLACEMENT_3D('',#13339,#10628,#10629);
#9132=AXIS2_PLACEMENT_3D('',#13341,#10631,#10632);
#9133=AXIS2_PLACEMENT_3D('',#13422,#10681,#10682);
#9134=AXIS2_PLACEMENT_3D('',#13426,#10685,#10686);
#9135=AXIS2_PLACEMENT_3D('',#13428,#10688,#10689);
#9136=AXIS2_PLACEMENT_3D('',#13429,#10690,#10691);
#9137=AXIS2_PLACEMENT_3D('',#13433,#10694,#10695);
#9138=AXIS2_PLACEMENT_3D('',#13435,#10697,#10698);
#9139=AXIS2_PLACEMENT_3D('',#13436,#10699,#10700);
#9140=AXIS2_PLACEMENT_3D('',#13438,#10702,#10703);
#9141=AXIS2_PLACEMENT_3D('',#13440,#10705,#10706);
#9142=AXIS2_PLACEMENT_3D('',#13441,#10707,#10708);
#9143=AXIS2_PLACEMENT_3D('',#13442,#10709,#10710);
#9144=AXIS2_PLACEMENT_3D('',#13446,#10712,#10713);
#9145=AXIS2_PLACEMENT_3D('',#13449,#10715,#10716);
#9146=AXIS2_PLACEMENT_3D('',#13450,#10717,#10718);
#9147=AXIS2_PLACEMENT_3D('',#13454,#10720,#10721);
#9148=AXIS2_PLACEMENT_3D('',#13457,#10723,#10724);
#9149=AXIS2_PLACEMENT_3D('',#13459,#10726,#10727);
#9150=AXIS2_PLACEMENT_3D('',#13461,#10729,#10730);
#9151=AXIS2_PLACEMENT_3D('',#13463,#10732,#10733);
#9152=AXIS2_PLACEMENT_3D('',#13464,#10734,#10735);
#9153=AXIS2_PLACEMENT_3D('',#13465,#10736,#10737);
#9154=AXIS2_PLACEMENT_3D('',#13467,#10738,#10739);
#9155=AXIS2_PLACEMENT_3D('',#13470,#10741,#10742);
#9156=AXIS2_PLACEMENT_3D('',#13476,#10746,#10747);
#9157=AXIS2_PLACEMENT_3D('',#13482,#10751,#10752);
#9158=AXIS2_PLACEMENT_3D('',#13485,#10755,#10756);
#9159=AXIS2_PLACEMENT_3D('',#13486,#10757,#10758);
#9160=AXIS2_PLACEMENT_3D('',#13487,#10759,#10760);
#9161=AXIS2_PLACEMENT_3D('',#13488,#10761,#10762);
#9162=AXIS2_PLACEMENT_3D('',#13492,#10764,#10765);
#9163=AXIS2_PLACEMENT_3D('',#13493,#10766,#10767);
#9164=AXIS2_PLACEMENT_3D('',#13499,#10771,#10772);
#9165=AXIS2_PLACEMENT_3D('',#13505,#10776,#10777);
#9166=AXIS2_PLACEMENT_3D('',#13508,#10780,#10781);
#9167=AXIS2_PLACEMENT_3D('',#13509,#10782,#10783);
#9168=AXIS2_PLACEMENT_3D('',#13510,#10784,#10785);
#9169=AXIS2_PLACEMENT_3D('',#13512,#10787,#10788);
#9170=AXIS2_PLACEMENT_3D('',#13514,#10790,#10791);
#9171=AXIS2_PLACEMENT_3D('',#13515,#10792,#10793);
#9172=AXIS2_PLACEMENT_3D('',#13516,#10794,#10795);
#9173=AXIS2_PLACEMENT_3D('',#13520,#10797,#10798);
#9174=AXIS2_PLACEMENT_3D('',#13523,#10800,#10801);
#9175=AXIS2_PLACEMENT_3D('',#13524,#10802,#10803);
#9176=AXIS2_PLACEMENT_3D('',#13528,#10805,#10806);
#9177=AXIS2_PLACEMENT_3D('',#13531,#10808,#10809);
#9178=AXIS2_PLACEMENT_3D('',#13533,#10811,#10812);
#9179=AXIS2_PLACEMENT_3D('',#13535,#10814,#10815);
#9180=AXIS2_PLACEMENT_3D('',#13537,#10817,#10818);
#9181=AXIS2_PLACEMENT_3D('',#13538,#10819,#10820);
#9182=AXIS2_PLACEMENT_3D('',#13540,#10822,#10823);
#9183=AXIS2_PLACEMENT_3D('',#13542,#10825,#10826);
#9184=AXIS2_PLACEMENT_3D('',#13543,#10827,#10828);
#9185=AXIS2_PLACEMENT_3D('',#13544,#10829,#10830);
#9186=AXIS2_PLACEMENT_3D('',#13548,#10832,#10833);
#9187=AXIS2_PLACEMENT_3D('',#13551,#10835,#10836);
#9188=AXIS2_PLACEMENT_3D('',#13552,#10837,#10838);
#9189=AXIS2_PLACEMENT_3D('',#13556,#10840,#10841);
#9190=AXIS2_PLACEMENT_3D('',#13559,#10843,#10844);
#9191=AXIS2_PLACEMENT_3D('',#13561,#10846,#10847);
#9192=AXIS2_PLACEMENT_3D('',#13563,#10849,#10850);
#9193=AXIS2_PLACEMENT_3D('',#13565,#10852,#10853);
#9194=AXIS2_PLACEMENT_3D('',#13566,#10854,#10855);
#9195=AXIS2_PLACEMENT_3D('',#13568,#10857,#10858);
#9196=AXIS2_PLACEMENT_3D('',#13570,#10860,#10861);
#9197=AXIS2_PLACEMENT_3D('',#13571,#10862,#10863);
#9198=AXIS2_PLACEMENT_3D('',#13572,#10864,#10865);
#9199=AXIS2_PLACEMENT_3D('',#13576,#10867,#10868);
#9200=AXIS2_PLACEMENT_3D('',#13579,#10870,#10871);
#9201=AXIS2_PLACEMENT_3D('',#13580,#10872,#10873);
#9202=AXIS2_PLACEMENT_3D('',#13584,#10875,#10876);
#9203=AXIS2_PLACEMENT_3D('',#13587,#10878,#10879);
#9204=AXIS2_PLACEMENT_3D('',#13589,#10881,#10882);
#9205=AXIS2_PLACEMENT_3D('',#13591,#10884,#10885);
#9206=AXIS2_PLACEMENT_3D('',#13593,#10887,#10888);
#9207=AXIS2_PLACEMENT_3D('',#13594,#10889,#10890);
#9208=AXIS2_PLACEMENT_3D('',#13596,#10892,#10893);
#9209=AXIS2_PLACEMENT_3D('',#13598,#10895,#10896);
#9210=AXIS2_PLACEMENT_3D('',#13599,#10897,#10898);
#9211=AXIS2_PLACEMENT_3D('',#13600,#10899,#10900);
#9212=AXIS2_PLACEMENT_3D('',#13604,#10902,#10903);
#9213=AXIS2_PLACEMENT_3D('',#13607,#10905,#10906);
#9214=AXIS2_PLACEMENT_3D('',#13608,#10907,#10908);
#9215=AXIS2_PLACEMENT_3D('',#13612,#10910,#10911);
#9216=AXIS2_PLACEMENT_3D('',#13615,#10913,#10914);
#9217=AXIS2_PLACEMENT_3D('',#13617,#10916,#10917);
#9218=AXIS2_PLACEMENT_3D('',#13619,#10919,#10920);
#9219=AXIS2_PLACEMENT_3D('',#13621,#10922,#10923);
#9220=AXIS2_PLACEMENT_3D('',#13622,#10924,#10925);
#9221=AXIS2_PLACEMENT_3D('',#13624,#10927,#10928);
#9222=AXIS2_PLACEMENT_3D('',#13626,#10930,#10931);
#9223=AXIS2_PLACEMENT_3D('',#13627,#10932,#10933);
#9224=AXIS2_PLACEMENT_3D('',#13628,#10934,#10935);
#9225=AXIS2_PLACEMENT_3D('',#13632,#10937,#10938);
#9226=AXIS2_PLACEMENT_3D('',#13635,#10940,#10941);
#9227=AXIS2_PLACEMENT_3D('',#13636,#10942,#10943);
#9228=AXIS2_PLACEMENT_3D('',#13640,#10945,#10946);
#9229=AXIS2_PLACEMENT_3D('',#13643,#10948,#10949);
#9230=AXIS2_PLACEMENT_3D('',#13645,#10951,#10952);
#9231=AXIS2_PLACEMENT_3D('',#13647,#10954,#10955);
#9232=AXIS2_PLACEMENT_3D('',#13649,#10957,#10958);
#9233=AXIS2_PLACEMENT_3D('',#13650,#10959,#10960);
#9234=AXIS2_PLACEMENT_3D('',#13652,#10962,#10963);
#9235=AXIS2_PLACEMENT_3D('',#13654,#10965,#10966);
#9236=AXIS2_PLACEMENT_3D('',#13655,#10967,#10968);
#9237=AXIS2_PLACEMENT_3D('',#13656,#10969,#10970);
#9238=AXIS2_PLACEMENT_3D('',#13660,#10972,#10973);
#9239=AXIS2_PLACEMENT_3D('',#13663,#10975,#10976);
#9240=AXIS2_PLACEMENT_3D('',#13664,#10977,#10978);
#9241=AXIS2_PLACEMENT_3D('',#13668,#10980,#10981);
#9242=AXIS2_PLACEMENT_3D('',#13671,#10983,#10984);
#9243=AXIS2_PLACEMENT_3D('',#13673,#10986,#10987);
#9244=AXIS2_PLACEMENT_3D('',#13675,#10989,#10990);
#9245=AXIS2_PLACEMENT_3D('',#13677,#10992,#10993);
#9246=AXIS2_PLACEMENT_3D('',#13678,#10994,#10995);
#9247=AXIS2_PLACEMENT_3D('',#13680,#10997,#10998);
#9248=AXIS2_PLACEMENT_3D('',#13682,#11000,#11001);
#9249=AXIS2_PLACEMENT_3D('',#13683,#11002,#11003);
#9250=AXIS2_PLACEMENT_3D('',#13684,#11004,#11005);
#9251=AXIS2_PLACEMENT_3D('',#13688,#11007,#11008);
#9252=AXIS2_PLACEMENT_3D('',#13691,#11010,#11011);
#9253=AXIS2_PLACEMENT_3D('',#13692,#11012,#11013);
#9254=AXIS2_PLACEMENT_3D('',#13696,#11015,#11016);
#9255=AXIS2_PLACEMENT_3D('',#13699,#11018,#11019);
#9256=AXIS2_PLACEMENT_3D('',#13701,#11021,#11022);
#9257=AXIS2_PLACEMENT_3D('',#13703,#11024,#11025);
#9258=AXIS2_PLACEMENT_3D('',#13705,#11027,#11028);
#9259=AXIS2_PLACEMENT_3D('',#13706,#11029,#11030);
#9260=AXIS2_PLACEMENT_3D('',#13708,#11032,#11033);
#9261=AXIS2_PLACEMENT_3D('',#13710,#11035,#11036);
#9262=AXIS2_PLACEMENT_3D('',#13711,#11037,#11038);
#9263=AXIS2_PLACEMENT_3D('',#13712,#11039,#11040);
#9264=AXIS2_PLACEMENT_3D('',#13716,#11042,#11043);
#9265=AXIS2_PLACEMENT_3D('',#13719,#11045,#11046);
#9266=AXIS2_PLACEMENT_3D('',#13720,#11047,#11048);
#9267=AXIS2_PLACEMENT_3D('',#13724,#11050,#11051);
#9268=AXIS2_PLACEMENT_3D('',#13727,#11053,#11054);
#9269=AXIS2_PLACEMENT_3D('',#13729,#11056,#11057);
#9270=AXIS2_PLACEMENT_3D('',#13731,#11059,#11060);
#9271=AXIS2_PLACEMENT_3D('',#13733,#11062,#11063);
#9272=AXIS2_PLACEMENT_3D('',#13734,#11064,#11065);
#9273=AXIS2_PLACEMENT_3D('',#13736,#11067,#11068);
#9274=AXIS2_PLACEMENT_3D('',#13738,#11070,#11071);
#9275=AXIS2_PLACEMENT_3D('',#13739,#11072,#11073);
#9276=AXIS2_PLACEMENT_3D('',#13740,#11074,#11075);
#9277=AXIS2_PLACEMENT_3D('',#13744,#11077,#11078);
#9278=AXIS2_PLACEMENT_3D('',#13747,#11080,#11081);
#9279=AXIS2_PLACEMENT_3D('',#13748,#11082,#11083);
#9280=AXIS2_PLACEMENT_3D('',#13752,#11085,#11086);
#9281=AXIS2_PLACEMENT_3D('',#13755,#11088,#11089);
#9282=AXIS2_PLACEMENT_3D('',#13757,#11091,#11092);
#9283=AXIS2_PLACEMENT_3D('',#13759,#11094,#11095);
#9284=AXIS2_PLACEMENT_3D('',#13761,#11097,#11098);
#9285=AXIS2_PLACEMENT_3D('',#13762,#11099,#11100);
#9286=AXIS2_PLACEMENT_3D('',#13764,#11102,#11103);
#9287=AXIS2_PLACEMENT_3D('',#13766,#11105,#11106);
#9288=AXIS2_PLACEMENT_3D('',#13767,#11107,#11108);
#9289=AXIS2_PLACEMENT_3D('',#13768,#11109,#11110);
#9290=AXIS2_PLACEMENT_3D('',#13772,#11112,#11113);
#9291=AXIS2_PLACEMENT_3D('',#13775,#11115,#11116);
#9292=AXIS2_PLACEMENT_3D('',#13776,#11117,#11118);
#9293=AXIS2_PLACEMENT_3D('',#13780,#11120,#11121);
#9294=AXIS2_PLACEMENT_3D('',#13783,#11123,#11124);
#9295=AXIS2_PLACEMENT_3D('',#13785,#11126,#11127);
#9296=AXIS2_PLACEMENT_3D('',#13787,#11129,#11130);
#9297=AXIS2_PLACEMENT_3D('',#13789,#11132,#11133);
#9298=AXIS2_PLACEMENT_3D('',#13790,#11134,#11135);
#9299=AXIS2_PLACEMENT_3D('',#13792,#11137,#11138);
#9300=AXIS2_PLACEMENT_3D('',#13794,#11140,#11141);
#9301=AXIS2_PLACEMENT_3D('',#13795,#11142,#11143);
#9302=AXIS2_PLACEMENT_3D('',#13796,#11144,#11145);
#9303=AXIS2_PLACEMENT_3D('',#13800,#11147,#11148);
#9304=AXIS2_PLACEMENT_3D('',#13803,#11150,#11151);
#9305=AXIS2_PLACEMENT_3D('',#13804,#11152,#11153);
#9306=AXIS2_PLACEMENT_3D('',#13808,#11155,#11156);
#9307=AXIS2_PLACEMENT_3D('',#13811,#11158,#11159);
#9308=AXIS2_PLACEMENT_3D('',#13813,#11161,#11162);
#9309=AXIS2_PLACEMENT_3D('',#13815,#11164,#11165);
#9310=AXIS2_PLACEMENT_3D('',#13817,#11167,#11168);
#9311=AXIS2_PLACEMENT_3D('',#13818,#11169,#11170);
#9312=AXIS2_PLACEMENT_3D('',#13820,#11172,#11173);
#9313=AXIS2_PLACEMENT_3D('',#13822,#11175,#11176);
#9314=AXIS2_PLACEMENT_3D('',#13823,#11177,#11178);
#9315=AXIS2_PLACEMENT_3D('',#13824,#11179,#11180);
#9316=AXIS2_PLACEMENT_3D('',#13828,#11182,#11183);
#9317=AXIS2_PLACEMENT_3D('',#13831,#11185,#11186);
#9318=AXIS2_PLACEMENT_3D('',#13832,#11187,#11188);
#9319=AXIS2_PLACEMENT_3D('',#13836,#11190,#11191);
#9320=AXIS2_PLACEMENT_3D('',#13839,#11193,#11194);
#9321=AXIS2_PLACEMENT_3D('',#13841,#11196,#11197);
#9322=AXIS2_PLACEMENT_3D('',#13843,#11199,#11200);
#9323=AXIS2_PLACEMENT_3D('',#13845,#11202,#11203);
#9324=AXIS2_PLACEMENT_3D('',#13846,#11204,#11205);
#9325=AXIS2_PLACEMENT_3D('',#13848,#11207,#11208);
#9326=AXIS2_PLACEMENT_3D('',#13850,#11210,#11211);
#9327=AXIS2_PLACEMENT_3D('',#13851,#11212,#11213);
#9328=AXIS2_PLACEMENT_3D('',#13852,#11214,#11215);
#9329=AXIS2_PLACEMENT_3D('',#13856,#11217,#11218);
#9330=AXIS2_PLACEMENT_3D('',#13859,#11220,#11221);
#9331=AXIS2_PLACEMENT_3D('',#13860,#11222,#11223);
#9332=AXIS2_PLACEMENT_3D('',#13864,#11225,#11226);
#9333=AXIS2_PLACEMENT_3D('',#13867,#11228,#11229);
#9334=AXIS2_PLACEMENT_3D('',#13869,#11231,#11232);
#9335=AXIS2_PLACEMENT_3D('',#13871,#11234,#11235);
#9336=AXIS2_PLACEMENT_3D('',#13873,#11237,#11238);
#9337=AXIS2_PLACEMENT_3D('',#13874,#11239,#11240);
#9338=AXIS2_PLACEMENT_3D('',#13876,#11242,#11243);
#9339=AXIS2_PLACEMENT_3D('',#13878,#11245,#11246);
#9340=AXIS2_PLACEMENT_3D('',#13879,#11247,#11248);
#9341=AXIS2_PLACEMENT_3D('',#13880,#11249,#11250);
#9342=AXIS2_PLACEMENT_3D('',#13884,#11252,#11253);
#9343=AXIS2_PLACEMENT_3D('',#13887,#11255,#11256);
#9344=AXIS2_PLACEMENT_3D('',#13888,#11257,#11258);
#9345=AXIS2_PLACEMENT_3D('',#13892,#11260,#11261);
#9346=AXIS2_PLACEMENT_3D('',#13895,#11263,#11264);
#9347=AXIS2_PLACEMENT_3D('',#13897,#11266,#11267);
#9348=AXIS2_PLACEMENT_3D('',#13899,#11269,#11270);
#9349=AXIS2_PLACEMENT_3D('',#13901,#11272,#11273);
#9350=AXIS2_PLACEMENT_3D('',#13902,#11274,#11275);
#9351=AXIS2_PLACEMENT_3D('',#13904,#11277,#11278);
#9352=AXIS2_PLACEMENT_3D('',#13906,#11280,#11281);
#9353=AXIS2_PLACEMENT_3D('',#13907,#11282,#11283);
#9354=AXIS2_PLACEMENT_3D('',#13908,#11284,#11285);
#9355=AXIS2_PLACEMENT_3D('',#13912,#11287,#11288);
#9356=AXIS2_PLACEMENT_3D('',#13915,#11290,#11291);
#9357=AXIS2_PLACEMENT_3D('',#13916,#11292,#11293);
#9358=AXIS2_PLACEMENT_3D('',#13920,#11295,#11296);
#9359=AXIS2_PLACEMENT_3D('',#13923,#11298,#11299);
#9360=AXIS2_PLACEMENT_3D('',#13925,#11301,#11302);
#9361=AXIS2_PLACEMENT_3D('',#13927,#11304,#11305);
#9362=AXIS2_PLACEMENT_3D('',#13929,#11307,#11308);
#9363=AXIS2_PLACEMENT_3D('',#13930,#11309,#11310);
#9364=AXIS2_PLACEMENT_3D('',#13931,#11311,#11312);
#9365=AXIS2_PLACEMENT_3D('',#13933,#11313,#11314);
#9366=AXIS2_PLACEMENT_3D('',#13936,#11316,#11317);
#9367=AXIS2_PLACEMENT_3D('',#13942,#11321,#11322);
#9368=AXIS2_PLACEMENT_3D('',#13948,#11326,#11327);
#9369=AXIS2_PLACEMENT_3D('',#13950,#11329,#11330);
#9370=AXIS2_PLACEMENT_3D('',#13952,#11332,#11333);
#9371=AXIS2_PLACEMENT_3D('',#13953,#11334,#11335);
#9372=AXIS2_PLACEMENT_3D('',#13954,#11336,#11337);
#9373=AXIS2_PLACEMENT_3D('',#13956,#11338,#11339);
#9374=AXIS2_PLACEMENT_3D('',#13959,#11341,#11342);
#9375=AXIS2_PLACEMENT_3D('',#13965,#11346,#11347);
#9376=AXIS2_PLACEMENT_3D('',#13971,#11351,#11352);
#9377=AXIS2_PLACEMENT_3D('',#13973,#11354,#11355);
#9378=AXIS2_PLACEMENT_3D('',#13975,#11357,#11358);
#9379=AXIS2_PLACEMENT_3D('',#13976,#11359,#11360);
#9380=AXIS2_PLACEMENT_3D('',#13977,#11361,#11362);
#9381=AXIS2_PLACEMENT_3D('',#13979,#11363,#11364);
#9382=AXIS2_PLACEMENT_3D('',#13982,#11366,#11367);
#9383=AXIS2_PLACEMENT_3D('',#13988,#11371,#11372);
#9384=AXIS2_PLACEMENT_3D('',#13994,#11376,#11377);
#9385=AXIS2_PLACEMENT_3D('',#13996,#11379,#11380);
#9386=AXIS2_PLACEMENT_3D('',#13998,#11382,#11383);
#9387=AXIS2_PLACEMENT_3D('',#13999,#11384,#11385);
#9388=AXIS2_PLACEMENT_3D('',#14000,#11386,#11387);
#9389=AXIS2_PLACEMENT_3D('',#14002,#11388,#11389);
#9390=AXIS2_PLACEMENT_3D('',#14005,#11391,#11392);
#9391=AXIS2_PLACEMENT_3D('',#14011,#11396,#11397);
#9392=AXIS2_PLACEMENT_3D('',#14017,#11401,#11402);
#9393=AXIS2_PLACEMENT_3D('',#14019,#11404,#11405);
#9394=AXIS2_PLACEMENT_3D('',#14021,#11407,#11408);
#9395=AXIS2_PLACEMENT_3D('',#14022,#11409,#11410);
#9396=AXIS2_PLACEMENT_3D('',#14023,#11411,#11412);
#9397=AXIS2_PLACEMENT_3D('',#14025,#11413,#11414);
#9398=AXIS2_PLACEMENT_3D('',#14028,#11416,#11417);
#9399=AXIS2_PLACEMENT_3D('',#14034,#11421,#11422);
#9400=AXIS2_PLACEMENT_3D('',#14040,#11426,#11427);
#9401=AXIS2_PLACEMENT_3D('',#14042,#11429,#11430);
#9402=AXIS2_PLACEMENT_3D('',#14044,#11432,#11433);
#9403=AXIS2_PLACEMENT_3D('',#14045,#11434,#11435);
#9404=AXIS2_PLACEMENT_3D('',#14046,#11436,#11437);
#9405=AXIS2_PLACEMENT_3D('',#14048,#11438,#11439);
#9406=AXIS2_PLACEMENT_3D('',#14051,#11441,#11442);
#9407=AXIS2_PLACEMENT_3D('',#14057,#11446,#11447);
#9408=AXIS2_PLACEMENT_3D('',#14063,#11451,#11452);
#9409=AXIS2_PLACEMENT_3D('',#14065,#11454,#11455);
#9410=AXIS2_PLACEMENT_3D('',#14067,#11457,#11458);
#9411=AXIS2_PLACEMENT_3D('',#14068,#11459,#11460);
#9412=AXIS2_PLACEMENT_3D('',#14069,#11461,#11462);
#9413=AXIS2_PLACEMENT_3D('',#14071,#11463,#11464);
#9414=AXIS2_PLACEMENT_3D('',#14074,#11466,#11467);
#9415=AXIS2_PLACEMENT_3D('',#14080,#11471,#11472);
#9416=AXIS2_PLACEMENT_3D('',#14086,#11476,#11477);
#9417=AXIS2_PLACEMENT_3D('',#14088,#11479,#11480);
#9418=AXIS2_PLACEMENT_3D('',#14090,#11482,#11483);
#9419=AXIS2_PLACEMENT_3D('',#14091,#11484,#11485);
#9420=AXIS2_PLACEMENT_3D('',#14092,#11486,#11487);
#9421=AXIS2_PLACEMENT_3D('',#14096,#11489,#11490);
#9422=AXIS2_PLACEMENT_3D('',#14097,#11491,#11492);
#9423=AXIS2_PLACEMENT_3D('',#14103,#11496,#11497);
#9424=AXIS2_PLACEMENT_3D('',#14109,#11501,#11502);
#9425=AXIS2_PLACEMENT_3D('',#14112,#11505,#11506);
#9426=AXIS2_PLACEMENT_3D('',#14113,#11507,#11508);
#9427=AXIS2_PLACEMENT_3D('',#14114,#11509,#11510);
#9428=AXIS2_PLACEMENT_3D('',#14115,#11511,#11512);
#9429=AXIS2_PLACEMENT_3D('',#14119,#11514,#11515);
#9430=AXIS2_PLACEMENT_3D('',#14120,#11516,#11517);
#9431=AXIS2_PLACEMENT_3D('',#14126,#11521,#11522);
#9432=AXIS2_PLACEMENT_3D('',#14132,#11526,#11527);
#9433=AXIS2_PLACEMENT_3D('',#14135,#11530,#11531);
#9434=AXIS2_PLACEMENT_3D('',#14136,#11532,#11533);
#9435=AXIS2_PLACEMENT_3D('',#14137,#11534,#11535);
#9436=AXIS2_PLACEMENT_3D('',#14138,#11536,#11537);
#9437=AXIS2_PLACEMENT_3D('',#14142,#11539,#11540);
#9438=AXIS2_PLACEMENT_3D('',#14143,#11541,#11542);
#9439=AXIS2_PLACEMENT_3D('',#14149,#11546,#11547);
#9440=AXIS2_PLACEMENT_3D('',#14155,#11551,#11552);
#9441=AXIS2_PLACEMENT_3D('',#14158,#11555,#11556);
#9442=AXIS2_PLACEMENT_3D('',#14159,#11557,#11558);
#9443=AXIS2_PLACEMENT_3D('',#14160,#11559,#11560);
#9444=AXIS2_PLACEMENT_3D('',#14161,#11561,#11562);
#9445=AXIS2_PLACEMENT_3D('',#14165,#11564,#11565);
#9446=AXIS2_PLACEMENT_3D('',#14166,#11566,#11567);
#9447=AXIS2_PLACEMENT_3D('',#14172,#11571,#11572);
#9448=AXIS2_PLACEMENT_3D('',#14178,#11576,#11577);
#9449=AXIS2_PLACEMENT_3D('',#14181,#11580,#11581);
#9450=AXIS2_PLACEMENT_3D('',#14182,#11582,#11583);
#9451=AXIS2_PLACEMENT_3D('',#14183,#11584,#11585);
#9452=AXIS2_PLACEMENT_3D('',#14184,#11586,#11587);
#9453=AXIS2_PLACEMENT_3D('',#14188,#11589,#11590);
#9454=AXIS2_PLACEMENT_3D('',#14189,#11591,#11592);
#9455=AXIS2_PLACEMENT_3D('',#14195,#11596,#11597);
#9456=AXIS2_PLACEMENT_3D('',#14201,#11601,#11602);
#9457=AXIS2_PLACEMENT_3D('',#14204,#11605,#11606);
#9458=AXIS2_PLACEMENT_3D('',#14205,#11607,#11608);
#9459=AXIS2_PLACEMENT_3D('',#14206,#11609,#11610);
#9460=AXIS2_PLACEMENT_3D('',#14207,#11611,#11612);
#9461=AXIS2_PLACEMENT_3D('',#14211,#11614,#11615);
#9462=AXIS2_PLACEMENT_3D('',#14212,#11616,#11617);
#9463=AXIS2_PLACEMENT_3D('',#14218,#11621,#11622);
#9464=AXIS2_PLACEMENT_3D('',#14224,#11626,#11627);
#9465=AXIS2_PLACEMENT_3D('',#14227,#11630,#11631);
#9466=AXIS2_PLACEMENT_3D('',#14228,#11632,#11633);
#9467=AXIS2_PLACEMENT_3D('',#14229,#11634,#11635);
#9468=AXIS2_PLACEMENT_3D('',#14230,#11636,#11637);
#9469=AXIS2_PLACEMENT_3D('',#14234,#11639,#11640);
#9470=AXIS2_PLACEMENT_3D('',#14235,#11641,#11642);
#9471=AXIS2_PLACEMENT_3D('',#14241,#11646,#11647);
#9472=AXIS2_PLACEMENT_3D('',#14247,#11651,#11652);
#9473=AXIS2_PLACEMENT_3D('',#14250,#11655,#11656);
#9474=AXIS2_PLACEMENT_3D('',#14251,#11657,#11658);
#9475=AXIS2_PLACEMENT_3D('',#14252,#11659,#11660);
#9476=AXIS2_PLACEMENT_3D('',#14253,#11661,#11662);
#9477=AXIS2_PLACEMENT_3D('',#14257,#11664,#11665);
#9478=AXIS2_PLACEMENT_3D('',#14258,#11666,#11667);
#9479=AXIS2_PLACEMENT_3D('',#14264,#11671,#11672);
#9480=AXIS2_PLACEMENT_3D('',#14270,#11676,#11677);
#9481=AXIS2_PLACEMENT_3D('',#14272,#11679,#11680);
#9482=AXIS2_PLACEMENT_3D('',#14274,#11682,#11683);
#9483=AXIS2_PLACEMENT_3D('',#14275,#11684,#11685);
#9484=AXIS2_PLACEMENT_3D('',#14276,#11686,#11687);
#9485=AXIS2_PLACEMENT_3D('',#14280,#11689,#11690);
#9486=AXIS2_PLACEMENT_3D('',#14281,#11691,#11692);
#9487=AXIS2_PLACEMENT_3D('',#14287,#11696,#11697);
#9488=AXIS2_PLACEMENT_3D('',#14293,#11701,#11702);
#9489=AXIS2_PLACEMENT_3D('',#14295,#11704,#11705);
#9490=AXIS2_PLACEMENT_3D('',#14297,#11707,#11708);
#9491=AXIS2_PLACEMENT_3D('',#14298,#11709,#11710);
#9492=AXIS2_PLACEMENT_3D('',#14299,#11711,#11712);
#9493=AXIS2_PLACEMENT_3D('',#14301,#11713,#11714);
#9494=AXIS2_PLACEMENT_3D('',#14304,#11716,#11717);
#9495=AXIS2_PLACEMENT_3D('',#14310,#11721,#11722);
#9496=AXIS2_PLACEMENT_3D('',#14316,#11726,#11727);
#9497=AXIS2_PLACEMENT_3D('',#14318,#11729,#11730);
#9498=AXIS2_PLACEMENT_3D('',#14320,#11732,#11733);
#9499=AXIS2_PLACEMENT_3D('',#14321,#11734,#11735);
#9500=AXIS2_PLACEMENT_3D('',#14322,#11736,#11737);
#9501=AXIS2_PLACEMENT_3D('',#14324,#11738,#11739);
#9502=AXIS2_PLACEMENT_3D('',#14327,#11741,#11742);
#9503=AXIS2_PLACEMENT_3D('',#14333,#11746,#11747);
#9504=AXIS2_PLACEMENT_3D('',#14339,#11751,#11752);
#9505=AXIS2_PLACEMENT_3D('',#14341,#11754,#11755);
#9506=AXIS2_PLACEMENT_3D('',#14343,#11757,#11758);
#9507=AXIS2_PLACEMENT_3D('',#14344,#11759,#11760);
#9508=DIRECTION('',(0.,0.,1.));
#9509=DIRECTION('',(1.,0.,0.));
#9510=DIRECTION('',(0.,0.,1.));
#9511=DIRECTION('',(-1.,0.,0.));
#9512=DIRECTION('',(0.,0.,1.));
#9513=DIRECTION('',(-1.,4.85632223092471E-16,0.));
#9514=DIRECTION('',(0.,0.,1.));
#9515=DIRECTION('',(-1.,0.,0.));
#9516=DIRECTION('',(0.,0.,1.));
#9517=DIRECTION('',(-1.,0.,-3.69805392165598E-16));
#9518=DIRECTION('',(0.,6.58220494561303E-17,-1.));
#9519=DIRECTION('',(1.,0.,4.73968162835193E-16));
#9520=DIRECTION('',(0.,0.,1.));
#9521=DIRECTION('',(1.,0.,-2.20515696098747E-14));
#9522=DIRECTION('',(0.,0.,1.));
#9523=DIRECTION('',(1.,0.,-8.15835298107904E-15));
#9524=DIRECTION('',(0.,0.,1.));
#9525=DIRECTION('',(1.,4.11193712824129E-16,0.));
#9526=DIRECTION('',(0.,0.,-1.));
#9527=DIRECTION('',(1.,5.15264398804992E-16,-3.06161699786838E-16));
#9528=DIRECTION('',(0.,0.,-1.));
#9529=DIRECTION('',(-0.975441002067706,-4.09383969125127E-16,-0.220260871434643));
#9530=DIRECTION('',(-1.,-2.31296463463574E-16,-1.15648231731787E-16));
#9531=DIRECTION('',(-0.975441002067707,-4.43499299885554E-16,0.220260871434643));
#9532=DIRECTION('',(-3.77113799125393E-16,0.,1.));
#9533=DIRECTION('',(1.,5.58203098705408E-16,3.06161699786838E-16));
#9534=DIRECTION('',(0.,0.,-1.));
#9535=DIRECTION('',(1.,6.99029311801018E-15,0.));
#9536=DIRECTION('',(0.,0.,1.));
#9537=DIRECTION('',(1.,0.,2.1469349950208E-16));
#9538=DIRECTION('',(0.,0.,-1.));
#9539=DIRECTION('',(1.,0.,0.));
#9540=DIRECTION('',(0.,0.,-1.));
#9541=DIRECTION('',(1.,0.,-7.10952244252789E-16));
#9542=DIRECTION('',(0.,6.58220494561303E-17,-1.));
#9543=DIRECTION('',(1.,2.00546066586914E-16,6.01638199760743E-16));
#9544=DIRECTION('',(0.,3.82835525732812E-16,-1.));
#9545=DIRECTION('',(1.,0.,0.));
#9546=DIRECTION('',(0.,0.,1.));
#9547=DIRECTION('',(1.,0.,0.));
#9548=DIRECTION('',(0.,0.,-1.));
#9549=DIRECTION('',(-1.,0.,0.));
#9550=DIRECTION('',(0.,0.,-1.));
#9551=DIRECTION('',(-1.,0.,0.));
#9552=DIRECTION('',(0.,0.,-1.));
#9553=DIRECTION('',(1.,0.,0.));
#9554=DIRECTION('',(0.,-2.53614543271462E-16,-1.));
#9555=DIRECTION('',(-1.,0.,0.));
#9556=DIRECTION('',(0.,-2.53614543271462E-16,-1.));
#9557=DIRECTION('',(-1.,0.,0.));
#9558=DIRECTION('',(0.,0.,-1.));
#9559=DIRECTION('',(1.,0.,0.));
#9560=DIRECTION('',(0.,0.,-1.));
#9561=DIRECTION('',(1.,0.,0.));
#9562=DIRECTION('',(0.,0.,-1.));
#9563=DIRECTION('',(-1.,0.,0.));
#9564=DIRECTION('',(0.,0.,1.));
#9565=DIRECTION('',(-1.,0.,0.));
#9566=DIRECTION('',(0.,3.82835525732812E-16,-1.));
#9567=DIRECTION('',(1.,2.00546066586914E-16,6.01638199760743E-16));
#9568=DIRECTION('',(5.15264398804992E-16,-1.,0.));
#9569=DIRECTION('',(1.,5.15264398804992E-16,0.));
#9570=DIRECTION('',(0.,1.,1.05775821705903E-16));
#9571=DIRECTION('',(-1.,0.,0.));
#9572=DIRECTION('',(0.,1.,1.05775821705903E-16));
#9573=DIRECTION('',(-1.,0.,0.));
#9574=DIRECTION('',(0.,-1.,-2.55106393526001E-16));
#9575=DIRECTION('',(0.,-1.,-2.55106393526001E-16));
#9576=DIRECTION('',(0.,-1.,-2.55106393526001E-16));
#9577=DIRECTION('',(0.,-1.,-2.55106393526001E-16));
#9578=DIRECTION('',(-1.,0.,0.));
#9579=DIRECTION('',(0.,1.,1.05775821705903E-16));
#9580=DIRECTION('',(-1.,0.,0.));
#9581=DIRECTION('',(0.,1.,1.05775821705903E-16));
#9582=DIRECTION('',(-1.,0.,0.));
#9583=DIRECTION('',(0.,1.,1.05775821705903E-16));
#9584=DIRECTION('',(-1.,0.,0.));
#9585=DIRECTION('',(0.,1.,1.05775821705903E-16));
#9586=DIRECTION('',(-1.,0.,0.));
#9587=DIRECTION('',(0.,1.,1.05775821705903E-16));
#9588=DIRECTION('',(-1.,0.,0.));
#9589=DIRECTION('',(0.,1.,1.05775821705903E-16));
#9590=DIRECTION('',(-1.,0.,0.));
#9591=DIRECTION('',(0.,1.,1.05775821705903E-16));
#9592=DIRECTION('',(-1.,0.,0.));
#9593=DIRECTION('',(0.,1.,1.05775821705903E-16));
#9594=DIRECTION('',(-1.,0.,0.));
#9595=DIRECTION('',(0.,1.,1.05775821705903E-16));
#9596=DIRECTION('',(-1.,0.,0.));
#9597=DIRECTION('',(0.,1.,1.05775821705903E-16));
#9598=DIRECTION('',(-1.,0.,0.));
#9599=DIRECTION('',(0.,1.,1.05775821705903E-16));
#9600=DIRECTION('',(-1.,0.,0.));
#9601=DIRECTION('',(0.,1.,1.05775821705903E-16));
#9602=DIRECTION('',(-1.,0.,0.));
#9603=DIRECTION('',(0.,1.,1.05775821705903E-16));
#9604=DIRECTION('',(-1.,0.,0.));
#9605=DIRECTION('',(0.,1.,1.05775821705903E-16));
#9606=DIRECTION('',(-1.,0.,0.));
#9607=DIRECTION('',(0.,1.,1.05775821705903E-16));
#9608=DIRECTION('',(-1.,0.,0.));
#9609=DIRECTION('',(0.,1.,1.05775821705903E-16));
#9610=DIRECTION('',(-1.,0.,0.));
#9611=DIRECTION('',(0.,1.,1.05775821705903E-16));
#9612=DIRECTION('',(-1.,0.,0.));
#9613=DIRECTION('',(0.,1.,1.05775821705903E-16));
#9614=DIRECTION('',(-1.,0.,0.));
#9615=DIRECTION('',(0.,1.,1.05775821705903E-16));
#9616=DIRECTION('',(-1.,0.,0.));
#9617=DIRECTION('',(0.,1.,1.05775821705903E-16));
#9618=DIRECTION('',(-1.,0.,0.));
#9619=DIRECTION('',(0.,1.,1.05775821705903E-16));
#9620=DIRECTION('',(-1.,0.,0.));
#9621=DIRECTION('',(0.,1.,1.05775821705903E-16));
#9622=DIRECTION('',(-1.,0.,0.));
#9623=DIRECTION('',(0.,1.,1.05775821705903E-16));
#9624=DIRECTION('',(-1.,0.,0.));
#9625=DIRECTION('',(0.,1.,1.05775821705903E-16));
#9626=DIRECTION('',(-1.,0.,0.));
#9627=DIRECTION('',(0.,1.,1.05775821705903E-16));
#9628=DIRECTION('',(-1.,0.,0.));
#9629=DIRECTION('',(0.,1.,1.05775821705903E-16));
#9630=DIRECTION('',(-1.,0.,0.));
#9631=DIRECTION('',(0.,1.,1.05775821705903E-16));
#9632=DIRECTION('',(-1.,0.,0.));
#9633=DIRECTION('',(0.,1.,1.05775821705903E-16));
#9634=DIRECTION('',(-1.,0.,0.));
#9635=DIRECTION('',(0.,1.,1.05775821705903E-16));
#9636=DIRECTION('',(-1.,0.,0.));
#9637=DIRECTION('',(0.,1.,1.05775821705903E-16));
#9638=DIRECTION('',(-1.,0.,0.));
#9639=DIRECTION('',(0.,2.55106393526001E-16,-1.));
#9640=DIRECTION('',(0.,1.,2.55004350968591E-16));
#9641=DIRECTION('',(0.4226182617407,0.90630778703665,7.04928673094335E-16));
#9642=DIRECTION('',(0.,0.,1.));
#9643=DIRECTION('',(0.4226182617407,0.90630778703665,7.04928673094335E-16));
#9644=DIRECTION('',(0.,0.,1.));
#9645=DIRECTION('',(0.90630778703665,-0.4226182617407,0.));
#9646=DIRECTION('',(0.4226182617407,0.90630778703665,0.));
#9647=DIRECTION('',(0.4226182617407,0.90630778703665,7.04928673094335E-16));
#9648=DIRECTION('',(2.02228710407309E-16,4.33680868994197E-16,-1.));
#9649=DIRECTION('',(0.4226182617407,0.90630778703665,7.04928673094335E-16));
#9650=DIRECTION('',(0.,0.,1.));
#9651=DIRECTION('',(0.90630778703665,-0.4226182617407,0.));
#9652=DIRECTION('',(0.4226182617407,0.90630778703665,0.));
#9653=DIRECTION('',(-1.,2.85756623106579E-31,-6.58909911726826E-16));
#9654=DIRECTION('',(0.,-1.,-3.80421814907195E-16));
#9655=DIRECTION('',(7.60843629814389E-16,-1.,-3.80421814907194E-16));
#9656=DIRECTION('',(-0.5,0.866025403784439,0.));
#9657=DIRECTION('',(-1.3636744808049E-15,1.,3.40918620201224E-16));
#9658=DIRECTION('',(6.58909911726826E-16,3.80421814907195E-16,-1.));
#9659=DIRECTION('',(-1.,0.,-6.58869660219441E-16));
#9660=DIRECTION('',(0.,-1.,-3.80421814907195E-16));
#9661=DIRECTION('',(-1.,2.85756623106579E-31,-6.58909911726826E-16));
#9662=DIRECTION('',(-1.3636744808049E-15,1.,3.40918620201224E-16));
#9663=DIRECTION('',(-0.5,0.866025403784439,0.));
#9664=DIRECTION('',(7.60843629814389E-16,-1.,-3.80421814907194E-16));
#9665=DIRECTION('',(6.58909911726826E-16,3.80421814907195E-16,-1.));
#9666=DIRECTION('',(-1.,0.,-6.5897808043669E-16));
#9667=DIRECTION('',(0.,5.94083382183836E-16,-1.));
#9668=DIRECTION('',(1.,0.,0.));
#9669=DIRECTION('',(0.,5.94083382183836E-16,-1.));
#9670=DIRECTION('',(1.,0.,0.));
#9671=DIRECTION('',(0.,-1.,-5.94083382183836E-16));
#9672=DIRECTION('',(0.,5.94142790522056E-16,-1.));
#9673=DIRECTION('',(0.,0.,1.));
#9674=DIRECTION('',(-0.4226182617407,0.90630778703665,-7.04928673094335E-16));
#9675=DIRECTION('',(0.,0.,1.));
#9676=DIRECTION('',(-0.4226182617407,0.90630778703665,-7.04928673094335E-16));
#9677=DIRECTION('',(0.90630778703665,0.4226182617407,0.));
#9678=DIRECTION('',(-0.4226182617407,0.90630778703665,0.));
#9679=DIRECTION('',(0.,-1.,3.80421814907195E-16));
#9680=DIRECTION('',(-1.,2.85756623106579E-31,-6.58909911726826E-16));
#9681=DIRECTION('',(-0.4226182617407,0.90630778703665,-7.04928673094335E-16));
#9682=DIRECTION('',(1.3636744808049E-15,1.,-3.40918620201224E-16));
#9683=DIRECTION('',(0.5,0.866025403784439,0.));
#9684=DIRECTION('',(-7.60843629814389E-16,-1.,3.80421814907194E-16));
#9685=DIRECTION('',(-6.58909911726826E-16,3.80421814907195E-16,1.));
#9686=DIRECTION('',(1.,0.,6.58869660219441E-16));
#9687=DIRECTION('',(-1.,2.85756623106579E-31,-6.58909911726826E-16));
#9688=DIRECTION('',(0.,-1.,3.80421814907195E-16));
#9689=DIRECTION('',(-7.60843629814389E-16,-1.,3.80421814907194E-16));
#9690=DIRECTION('',(0.5,0.866025403784439,0.));
#9691=DIRECTION('',(1.3636744808049E-15,1.,-3.40918620201224E-16));
#9692=DIRECTION('',(-0.4226182617407,0.90630778703665,-7.04928673094335E-16));
#9693=DIRECTION('',(-6.58909911726826E-16,3.80421814907195E-16,1.));
#9694=DIRECTION('',(1.,0.,6.5897808043669E-16));
#9695=DIRECTION('',(-1.,0.,0.));
#9696=DIRECTION('',(0.,5.94083382183836E-16,-1.));
#9697=DIRECTION('',(-1.,0.,0.));
#9698=DIRECTION('',(0.,5.94083382183836E-16,-1.));
#9699=DIRECTION('',(0.,1.,5.94083382183836E-16));
#9700=DIRECTION('',(0.,-5.94142790522056E-16,1.));
#9701=DIRECTION('',(0.,1.,-3.3815272436195E-16));
#9702=DIRECTION('',(0.,-1.,0.));
#9703=DIRECTION('',(0.,1.,1.69076362180975E-16));
#9704=DIRECTION('',(0.,0.868243142124459,0.496138938356833));
#9705=DIRECTION('',(0.,0.,1.));
#9706=DIRECTION('',(0.,-0.868243142124459,0.496138938356834));
#9707=DIRECTION('',(0.,-1.,-1.69076362180975E-16));
#9708=DIRECTION('',(1.,0.,0.));
#9709=DIRECTION('',(0.,0.,-1.));
#9710=DIRECTION('',(0.,0.,1.));
#9711=DIRECTION('',(0.,-1.,0.));
#9712=DIRECTION('',(0.,0.,1.));
#9713=DIRECTION('',(0.,-1.,4.33680868994202E-16));
#9714=DIRECTION('',(0.,0.,1.));
#9715=DIRECTION('',(0.,0.868243142124459,0.496138938356833));
#9716=DIRECTION('',(0.,1.,1.69076362180975E-16));
#9717=DIRECTION('',(0.,-1.,-1.69076362180975E-16));
#9718=DIRECTION('',(0.,-0.868243142124459,0.496138938356834));
#9719=DIRECTION('',(0.,0.,1.));
#9720=DIRECTION('',(1.,0.,0.));
#9721=DIRECTION('',(0.,0.,-1.));
#9722=DIRECTION('',(0.,-1.,0.));
#9723=DIRECTION('',(0.,1.,-3.3815272436195E-16));
#9724=DIRECTION('',(0.,-1.,-1.69076362180975E-16));
#9725=DIRECTION('',(0.,-0.868243142124459,0.496138938356834));
#9726=DIRECTION('',(0.,0.,1.));
#9727=DIRECTION('',(0.,0.868243142124459,0.496138938356833));
#9728=DIRECTION('',(0.,1.,1.69076362180975E-16));
#9729=DIRECTION('',(1.,0.,0.));
#9730=DIRECTION('',(0.,0.,-1.));
#9731=DIRECTION('',(0.,0.,-1.));
#9732=DIRECTION('',(0.,-1.,0.));
#9733=DIRECTION('',(0.,-1.,0.));
#9734=DIRECTION('',(-1.,0.,0.));
#9735=DIRECTION('',(0.,0.,1.));
#9736=DIRECTION('',(0.,0.,1.));
#9737=DIRECTION('',(0.,-1.,0.));
#9738=DIRECTION('',(0.,0.,1.));
#9739=DIRECTION('',(0.,-1.,0.));
#9740=DIRECTION('',(1.,0.,0.));
#9741=DIRECTION('',(0.,0.,-1.));
#9742=DIRECTION('',(1.,2.00546066586914E-16,6.01638199760743E-16));
#9743=DIRECTION('',(1.,2.00546066586914E-16,6.01638199760743E-16));
#9744=DIRECTION('',(0.,1.,2.55106393526001E-16));
#9745=DIRECTION('',(-1.,0.,0.));
#9746=DIRECTION('',(0.,1.,2.55106393526001E-16));
#9747=DIRECTION('',(1.,0.,6.01638199760743E-16));
#9748=DIRECTION('',(0.,-1.,0.));
#9749=DIRECTION('',(6.01638199760743E-16,0.,-1.));
#9750=DIRECTION('',(-1.,0.,-6.01732205729455E-16));
#9751=DIRECTION('',(0.,0.,-1.));
#9752=DIRECTION('',(0.,0.,-1.));
#9753=DIRECTION('',(0.,-1.,0.));
#9754=DIRECTION('',(-1.,0.,0.));
#9755=DIRECTION('',(0.,0.,1.));
#9756=DIRECTION('',(1.,5.58203098705408E-16,3.06161699786838E-16));
#9757=DIRECTION('',(1.,0.,0.));
#9758=DIRECTION('',(0.,1.,4.54868811111875E-17));
#9759=DIRECTION('',(-1.,0.,0.));
#9760=DIRECTION('',(0.,1.,4.54868811111875E-17));
#9761=DIRECTION('',(1.,0.,0.));
#9762=DIRECTION('',(1.,5.15264398804992E-16,-3.06161699786838E-16));
#9763=DIRECTION('',(-3.46944695195362E-16,1.,0.));
#9764=DIRECTION('',(-1.,-4.01556360179813E-16,0.));
#9765=DIRECTION('',(-3.40141858034668E-16,1.,0.));
#9766=DIRECTION('',(0.,0.,1.));
#9767=DIRECTION('',(-0.999999999999997,0.,0.));
#9768=DIRECTION('',(0.,-1.,0.));
#9769=DIRECTION('',(-1.,2.48462997861265E-16,0.));
#9770=DIRECTION('',(0.,-1.,0.));
#9771=DIRECTION('',(1.,0.,0.));
#9772=DIRECTION('',(0.,1.,0.));
#9773=DIRECTION('',(1.,0.,0.));
#9774=DIRECTION('',(0.,1.,0.));
#9775=DIRECTION('',(1.,0.,0.));
#9776=DIRECTION('',(0.,-1.,0.));
#9777=DIRECTION('',(-1.,0.,0.));
#9778=DIRECTION('',(0.,-1.,0.));
#9779=DIRECTION('',(1.,0.,0.));
#9780=DIRECTION('',(0.,-1.,0.));
#9781=DIRECTION('',(-1.,0.,0.));
#9782=DIRECTION('',(0.,-1.,0.));
#9783=DIRECTION('',(1.,0.,0.));
#9784=DIRECTION('',(0.,-1.,0.));
#9785=DIRECTION('',(-1.,0.,0.));
#9786=DIRECTION('',(0.,-1.,0.));
#9787=DIRECTION('',(1.,0.,0.));
#9788=DIRECTION('',(0.,-1.,0.));
#9789=DIRECTION('',(-1.,0.,0.));
#9790=DIRECTION('',(0.,-1.,0.));
#9791=DIRECTION('',(1.,0.,0.));
#9792=DIRECTION('',(0.,-1.,0.));
#9793=DIRECTION('',(-1.,0.,0.));
#9794=DIRECTION('',(0.,-1.,0.));
#9795=DIRECTION('',(1.,0.,0.));
#9796=DIRECTION('',(0.,-1.,0.));
#9797=DIRECTION('',(-1.,0.,0.));
#9798=DIRECTION('',(0.,-1.,0.));
#9799=DIRECTION('',(1.,0.,0.));
#9800=DIRECTION('',(0.,-1.,0.));
#9801=DIRECTION('',(-1.,0.,0.));
#9802=DIRECTION('',(0.,-1.,0.));
#9803=DIRECTION('',(1.,0.,0.));
#9804=DIRECTION('',(0.,-1.,0.));
#9805=DIRECTION('',(-1.,0.,0.));
#9806=DIRECTION('',(0.,-1.,0.));
#9807=DIRECTION('',(1.,0.,0.));
#9808=DIRECTION('',(0.,1.,0.));
#9809=DIRECTION('',(-1.,0.,0.));
#9810=DIRECTION('',(0.,1.,0.));
#9811=DIRECTION('',(1.,0.,0.));
#9812=DIRECTION('',(0.,-1.,0.));
#9813=DIRECTION('',(-1.,-2.48462997861262E-16,0.));
#9814=DIRECTION('',(0.,1.,0.));
#9815=DIRECTION('',(0.,0.,1.));
#9816=DIRECTION('',(0.999999999999997,0.,0.));
#9817=DIRECTION('',(-3.40141858034668E-16,-1.,0.));
#9818=DIRECTION('',(-1.,6.02334540269719E-15,0.));
#9819=DIRECTION('',(3.46944695195361E-16,-1.,0.));
#9820=DIRECTION('',(0.,-1.,0.));
#9821=DIRECTION('',(3.06161699786838E-16,0.,-1.));
#9822=DIRECTION('',(-1.,0.,-3.06161699786838E-16));
#9823=DIRECTION('',(-3.77113799125393E-16,0.,1.));
#9824=DIRECTION('',(0.,-1.,0.));
#9825=DIRECTION('',(1.,0.,3.77113799125393E-16));
#9826=DIRECTION('',(3.77302356024956E-16,0.,-1.));
#9827=DIRECTION('',(-0.975441002067707,-4.43499299885554E-16,0.220260871434643));
#9828=DIRECTION('',(0.,-1.,0.));
#9829=DIRECTION('',(0.220260871434643,0.,0.975441002067707));
#9830=DIRECTION('',(0.975441002067707,0.,-0.220260871434643));
#9831=DIRECTION('',(-1.,-2.31296463463574E-16,-1.15648231731787E-16));
#9832=DIRECTION('',(0.,-1.,0.));
#9833=DIRECTION('',(-1.15648231731787E-16,0.,1.));
#9834=DIRECTION('',(1.,0.,1.15792792021452E-16));
#9835=DIRECTION('',(-0.975441002067706,-4.09383969125127E-16,-0.220260871434643));
#9836=DIRECTION('',(-0.220260871434643,0.,0.975441002067707));
#9837=DIRECTION('',(0.975441002067707,0.,0.220260871434643));
#9838=DIRECTION('',(5.15264398804992E-16,-1.,0.));
#9839=DIRECTION('',(1.,5.15212872365112E-16,0.));
#9840=DIRECTION('',(0.,-3.7386281809845E-16,1.));
#9841=DIRECTION('',(-1.,0.,0.));
#9842=DIRECTION('',(-1.,0.,0.));
#9843=DIRECTION('',(-1.,0.,0.));
#9844=DIRECTION('',(-1.,0.,0.));
#9845=DIRECTION('',(-1.,0.,0.));
#9846=DIRECTION('',(-1.,0.,0.));
#9847=DIRECTION('',(-1.,0.,0.));
#9848=DIRECTION('',(-1.,0.,0.));
#9849=DIRECTION('',(-1.,0.,0.));
#9850=DIRECTION('',(-1.,0.,0.));
#9851=DIRECTION('',(-1.,0.,0.));
#9852=DIRECTION('',(-1.,0.,0.));
#9853=DIRECTION('',(-1.,0.,0.));
#9854=DIRECTION('',(-1.,0.,0.));
#9855=DIRECTION('',(-1.,0.,0.));
#9856=DIRECTION('',(-1.,0.,0.));
#9857=DIRECTION('',(0.,-3.7386281809845E-16,1.));
#9858=DIRECTION('',(0.,-1.,-3.7386281809845E-16));
#9859=DIRECTION('',(0.,3.73832909073002E-16,-1.));
#9860=DIRECTION('',(0.,4.09132895277549E-16,1.));
#9861=DIRECTION('',(0.,1.,-5.42101086242752E-16));
#9862=DIRECTION('',(1.,0.,0.));
#9863=DIRECTION('',(0.,0.,-1.));
#9864=DIRECTION('',(0.,1.,-5.42101086242752E-16));
#9865=DIRECTION('',(0.,4.09132895277549E-16,1.));
#9866=DIRECTION('',(1.,0.,0.));
#9867=DIRECTION('',(0.,0.,-1.));
#9868=DIRECTION('',(-1.,0.,0.));
#9869=DIRECTION('',(0.,1.,1.69076362180975E-16));
#9870=DIRECTION('',(0.,-1.69076362180975E-16,1.));
#9871=DIRECTION('',(0.,-1.,-1.69081328799114E-16));
#9872=DIRECTION('',(-1.,0.,0.));
#9873=DIRECTION('',(0.,0.868243142124459,0.496138938356833));
#9874=DIRECTION('',(0.,-0.496138938356833,0.868243142124459));
#9875=DIRECTION('',(0.,-0.86824314212446,-0.496138938356833));
#9876=DIRECTION('',(-1.,0.,0.));
#9877=DIRECTION('',(0.,0.,1.));
#9878=DIRECTION('',(0.,0.,1.));
#9879=DIRECTION('',(0.,0.,1.));
#9880=DIRECTION('',(0.,-1.,0.));
#9881=DIRECTION('',(0.,0.,-1.));
#9882=DIRECTION('',(-1.,0.,0.));
#9883=DIRECTION('',(0.,-0.868243142124459,0.496138938356834));
#9884=DIRECTION('',(0.,-0.496138938356834,-0.868243142124459));
#9885=DIRECTION('',(0.,0.868243142124459,-0.496138938356834));
#9886=DIRECTION('',(0.,-1.,-1.69076362180975E-16));
#9887=DIRECTION('',(0.,1.69076362180975E-16,-1.));
#9888=DIRECTION('',(0.,1.,1.69135538907739E-16));
#9889=DIRECTION('',(0.,0.,1.));
#9890=DIRECTION('',(0.,-1.,0.));
#9891=DIRECTION('',(0.,-1.,-4.33680868994202E-16));
#9892=DIRECTION('',(0.,0.,1.));
#9893=DIRECTION('',(1.,0.,0.));
#9894=DIRECTION('',(0.,0.,-1.));
#9895=DIRECTION('',(1.,0.,0.));
#9896=DIRECTION('',(1.,0.,0.));
#9897=DIRECTION('',(0.,0.,1.));
#9898=DIRECTION('',(0.,-1.,0.));
#9899=DIRECTION('',(0.,0.,-1.));
#9900=DIRECTION('',(-0.20285853318574,0.979208055274123,2.93252883182937E-16));
#9901=DIRECTION('',(-0.20285853318574,0.979208055274123,2.93252883182937E-16));
#9902=DIRECTION('',(0.,0.,1.));
#9903=DIRECTION('',(0.979208055274123,0.20285853318574,0.));
#9904=DIRECTION('',(-0.20285853318574,0.979208055274123,0.));
#9905=DIRECTION('',(-0.610803454291819,0.791782255563473,4.90544023781366E-16));
#9906=DIRECTION('',(-0.610803454291819,0.791782255563473,4.90544023781366E-16));
#9907=DIRECTION('',(0.791782255563473,0.610803454291819,0.));
#9908=DIRECTION('',(-0.610803454291819,0.791782255563474,0.));
#9909=DIRECTION('',(0.,-4.33680868994202E-16,1.));
#9910=DIRECTION('',(0.,-1.,-4.33680868994202E-16));
#9911=DIRECTION('',(0.,-4.33680868994202E-16,1.));
#9912=DIRECTION('',(0.,-1.,-4.33680868994202E-16));
#9913=DIRECTION('',(0.,0.,1.));
#9914=DIRECTION('',(1.,1.3636744808049E-15,0.));
#9915=DIRECTION('',(-1.36349265211777E-15,1.,0.));
#9916=DIRECTION('',(0.866025403784439,0.5,0.));
#9917=DIRECTION('',(-0.5,0.866025403784439,0.));
#9918=DIRECTION('',(0.,1.,-3.3815272436195E-16));
#9919=DIRECTION('',(-1.,0.,0.));
#9920=DIRECTION('',(0.,1.,-3.3815272436195E-16));
#9921=DIRECTION('',(1.,0.,0.));
#9922=DIRECTION('',(0.,-1.,1.0842021724855E-15));
#9923=DIRECTION('',(0.,-3.3815272436195E-16,-1.));
#9924=DIRECTION('',(0.,1.,-3.3805423738098E-16));
#9925=DIRECTION('',(0.,-1.,0.));
#9926=DIRECTION('',(1.,0.,0.));
#9927=DIRECTION('',(0.,-1.,0.));
#9928=DIRECTION('',(0.,0.,1.));
#9929=DIRECTION('',(1.,0.,0.));
#9930=DIRECTION('',(0.,0.,1.));
#9931=DIRECTION('',(0.,-1.,5.42101086242752E-16));
#9932=DIRECTION('',(0.,-4.09132895277549E-16,-1.));
#9933=DIRECTION('',(-1.,0.,0.));
#9934=DIRECTION('',(0.,0.,1.));
#9935=DIRECTION('',(0.,4.09132895277549E-16,1.));
#9936=DIRECTION('',(1.,0.,0.));
#9937=DIRECTION('',(0.,0.,-1.));
#9938=DIRECTION('',(1.,0.,0.));
#9939=DIRECTION('',(0.,-1.,4.09132895277549E-16));
#9940=DIRECTION('',(0.,-4.09177899896029E-16,-1.));
#9941=DIRECTION('',(0.,5.42101086242752E-16,1.));
#9942=DIRECTION('',(0.,-1.,5.42101086242752E-16));
#9943=DIRECTION('',(1.,0.,0.));
#9944=DIRECTION('',(0.,1.69076362180975E-16,-1.));
#9945=DIRECTION('',(0.,1.,1.69081328799114E-16));
#9946=DIRECTION('',(1.,0.,0.));
#9947=DIRECTION('',(0.,0.496138938356833,-0.868243142124459));
#9948=DIRECTION('',(0.,0.86824314212446,0.496138938356833));
#9949=DIRECTION('',(0.,0.,1.));
#9950=DIRECTION('',(1.,0.,0.));
#9951=DIRECTION('',(0.,1.,0.));
#9952=DIRECTION('',(0.,0.,1.));
#9953=DIRECTION('',(1.,0.,0.));
#9954=DIRECTION('',(0.,0.496138938356834,0.868243142124459));
#9955=DIRECTION('',(0.,-0.868243142124459,0.496138938356834));
#9956=DIRECTION('',(0.,-1.69076362180975E-16,1.));
#9957=DIRECTION('',(0.,-1.,-1.69135538907739E-16));
#9958=DIRECTION('',(-1.,0.,0.));
#9959=DIRECTION('',(0.,0.,1.));
#9960=DIRECTION('',(-1.,0.,0.));
#9961=DIRECTION('',(0.,1.,0.));
#9962=DIRECTION('',(0.,0.,1.));
#9963=DIRECTION('',(0.20285853318574,0.979208055274123,-2.93252883182937E-16));
#9964=DIRECTION('',(0.,0.,1.));
#9965=DIRECTION('',(0.20285853318574,0.979208055274123,-2.93252883182937E-16));
#9966=DIRECTION('',(0.979208055274123,-0.20285853318574,0.));
#9967=DIRECTION('',(0.20285853318574,0.979208055274123,0.));
#9968=DIRECTION('',(0.610803454291819,0.791782255563473,-4.90544023781366E-16));
#9969=DIRECTION('',(0.610803454291819,0.791782255563473,-4.90544023781366E-16));
#9970=DIRECTION('',(0.791782255563473,-0.610803454291819,0.));
#9971=DIRECTION('',(0.610803454291819,0.791782255563474,0.));
#9972=DIRECTION('',(0.,-4.33680868994202E-16,-1.));
#9973=DIRECTION('',(0.,1.,-4.33680868994202E-16));
#9974=DIRECTION('',(0.,-4.33680868994202E-16,-1.));
#9975=DIRECTION('',(0.,1.,-4.33680868994202E-16));
#9976=DIRECTION('',(2.02228710407309E-16,-4.33680868994197E-16,1.));
#9977=DIRECTION('',(0.,0.,1.));
#9978=DIRECTION('',(0.90630778703665,0.4226182617407,0.));
#9979=DIRECTION('',(-0.4226182617407,0.90630778703665,0.));
#9980=DIRECTION('',(0.,0.,1.));
#9981=DIRECTION('',(1.,-1.3636744808049E-15,0.));
#9982=DIRECTION('',(1.36349265211777E-15,1.,0.));
#9983=DIRECTION('',(0.866025403784439,-0.5,0.));
#9984=DIRECTION('',(0.5,0.866025403784439,0.));
#9985=DIRECTION('',(1.,0.,0.));
#9986=DIRECTION('',(0.,1.,-3.3815272436195E-16));
#9987=DIRECTION('',(0.,-1.,1.0842021724855E-15));
#9988=DIRECTION('',(-1.,0.,0.));
#9989=DIRECTION('',(0.,1.,-3.3815272436195E-16));
#9990=DIRECTION('',(0.,3.3815272436195E-16,1.));
#9991=DIRECTION('',(0.,-1.,3.3805423738098E-16));
#9992=DIRECTION('',(-1.,0.,0.));
#9993=DIRECTION('',(0.,-1.,0.));
#9994=DIRECTION('',(0.,-1.,0.));
#9995=DIRECTION('',(0.,0.,-1.));
#9996=DIRECTION('',(-1.,0.,0.));
#9997=DIRECTION('',(0.,0.,1.));
#9998=DIRECTION('',(0.,-4.09132895277549E-16,-1.));
#9999=DIRECTION('',(0.,-1.,5.42101086242752E-16));
#10000=DIRECTION('',(-1.,0.,0.));
#10001=DIRECTION('',(0.,0.,1.));
#10002=DIRECTION('',(0.,4.09132895277549E-16,1.));
#10003=DIRECTION('',(-1.,0.,0.));
#10004=DIRECTION('',(0.,0.,-1.));
#10005=DIRECTION('',(-1.,0.,0.));
#10006=DIRECTION('',(0.,1.,-4.09132895277549E-16));
#10007=DIRECTION('',(0.,4.09177899896029E-16,1.));
#10008=DIRECTION('',(0.,-5.42101086242752E-16,-1.));
#10009=DIRECTION('',(0.,1.,-5.42101086242752E-16));
#10010=DIRECTION('',(0.,1.,1.05775821705903E-16));
#10011=DIRECTION('',(0.,1.,1.05775821705903E-16));
#10012=DIRECTION('',(-1.,0.,0.));
#10013=DIRECTION('',(0.,-1.05775821705903E-16,1.));
#10014=DIRECTION('',(0.,-1.,-1.05818132034585E-16));
#10015=DIRECTION('',(0.,1.,1.05775821705903E-16));
#10016=DIRECTION('',(0.,1.,1.05775821705903E-16));
#10017=DIRECTION('',(-1.,0.,0.));
#10018=DIRECTION('',(0.,-1.05775821705903E-16,1.));
#10019=DIRECTION('',(0.,-1.,-1.05818132034585E-16));
#10020=DIRECTION('',(0.,1.,1.05775821705903E-16));
#10021=DIRECTION('',(0.,1.,1.05775821705903E-16));
#10022=DIRECTION('',(-1.,0.,0.));
#10023=DIRECTION('',(0.,-1.05775821705903E-16,1.));
#10024=DIRECTION('',(0.,-1.,-1.05818132034585E-16));
#10025=DIRECTION('',(0.,1.,1.05775821705903E-16));
#10026=DIRECTION('',(0.,1.,1.05775821705903E-16));
#10027=DIRECTION('',(-1.,0.,0.));
#10028=DIRECTION('',(0.,-1.05775821705903E-16,1.));
#10029=DIRECTION('',(0.,-1.,-1.05818132034585E-16));
#10030=DIRECTION('',(0.,1.,1.05775821705903E-16));
#10031=DIRECTION('',(0.,1.,1.05775821705903E-16));
#10032=DIRECTION('',(-1.,0.,0.));
#10033=DIRECTION('',(0.,-1.05775821705903E-16,1.));
#10034=DIRECTION('',(0.,-1.,-1.05818132034585E-16));
#10035=DIRECTION('',(0.,1.,1.05775821705903E-16));
#10036=DIRECTION('',(0.,1.,1.05775821705903E-16));
#10037=DIRECTION('',(-1.,0.,0.));
#10038=DIRECTION('',(0.,-1.05775821705903E-16,1.));
#10039=DIRECTION('',(0.,-1.,-1.05818132034585E-16));
#10040=DIRECTION('',(0.,1.,1.05775821705903E-16));
#10041=DIRECTION('',(0.,1.,1.05775821705903E-16));
#10042=DIRECTION('',(-1.,0.,0.));
#10043=DIRECTION('',(0.,-1.05775821705903E-16,1.));
#10044=DIRECTION('',(0.,-1.,-1.05818132034585E-16));
#10045=DIRECTION('',(0.,1.,1.05775821705903E-16));
#10046=DIRECTION('',(0.,1.,1.05775821705903E-16));
#10047=DIRECTION('',(-1.,0.,0.));
#10048=DIRECTION('',(0.,-1.05775821705903E-16,1.));
#10049=DIRECTION('',(0.,-1.,-1.05818132034585E-16));
#10050=DIRECTION('',(0.,1.,1.05775821705903E-16));
#10051=DIRECTION('',(0.,1.,1.05775821705903E-16));
#10052=DIRECTION('',(-1.,0.,0.));
#10053=DIRECTION('',(0.,-1.05775821705903E-16,1.));
#10054=DIRECTION('',(0.,-1.,-1.05818132034585E-16));
#10055=DIRECTION('',(0.,1.,1.05775821705903E-16));
#10056=DIRECTION('',(0.,1.,1.05775821705903E-16));
#10057=DIRECTION('',(-1.,0.,0.));
#10058=DIRECTION('',(0.,-1.05775821705903E-16,1.));
#10059=DIRECTION('',(0.,-1.,-1.05818132034585E-16));
#10060=DIRECTION('',(0.,1.,1.05775821705903E-16));
#10061=DIRECTION('',(0.,1.,1.05775821705903E-16));
#10062=DIRECTION('',(-1.,0.,0.));
#10063=DIRECTION('',(0.,-1.05775821705903E-16,1.));
#10064=DIRECTION('',(0.,-1.,-1.05818132034585E-16));
#10065=DIRECTION('',(0.,1.,1.05775821705903E-16));
#10066=DIRECTION('',(0.,1.,1.05775821705903E-16));
#10067=DIRECTION('',(-1.,0.,0.));
#10068=DIRECTION('',(0.,-1.05775821705903E-16,1.));
#10069=DIRECTION('',(0.,-1.,-1.05818132034585E-16));
#10070=DIRECTION('',(0.,1.,1.05775821705903E-16));
#10071=DIRECTION('',(0.,1.,1.05775821705903E-16));
#10072=DIRECTION('',(-1.,0.,0.));
#10073=DIRECTION('',(0.,-1.05775821705903E-16,1.));
#10074=DIRECTION('',(0.,-1.,-1.05818132034585E-16));
#10075=DIRECTION('',(0.,1.,1.05775821705903E-16));
#10076=DIRECTION('',(0.,1.,1.05775821705903E-16));
#10077=DIRECTION('',(-1.,0.,0.));
#10078=DIRECTION('',(0.,-1.05775821705903E-16,1.));
#10079=DIRECTION('',(0.,-1.,-1.05818132034585E-16));
#10080=DIRECTION('',(0.,1.,1.05775821705903E-16));
#10081=DIRECTION('',(0.,1.,1.05775821705903E-16));
#10082=DIRECTION('',(-1.,0.,0.));
#10083=DIRECTION('',(0.,-1.05775821705903E-16,1.));
#10084=DIRECTION('',(0.,-1.,-1.05818132034585E-16));
#10085=DIRECTION('',(0.,1.,1.05775821705903E-16));
#10086=DIRECTION('',(0.,1.,1.05775821705903E-16));
#10087=DIRECTION('',(-1.,0.,0.));
#10088=DIRECTION('',(0.,-1.05775821705903E-16,1.));
#10089=DIRECTION('',(0.,-1.,-1.05818132034585E-16));
#10090=DIRECTION('',(0.,-1.72215956130099E-16,1.));
#10091=DIRECTION('',(-1.,0.,0.));
#10092=DIRECTION('',(0.,6.58220494561303E-17,-1.));
#10093=DIRECTION('',(0.,-1.,0.));
#10094=DIRECTION('',(0.,0.,-1.));
#10095=DIRECTION('',(0.,6.58220494561303E-17,-1.));
#10096=DIRECTION('',(-1.,0.,0.));
#10097=DIRECTION('',(0.,-1.72215956130099E-16,1.));
#10098=DIRECTION('',(0.,-1.,0.));
#10099=DIRECTION('',(0.,0.,-1.));
#10100=DIRECTION('',(0.,0.,-1.));
#10101=DIRECTION('',(0.,0.,-1.));
#10102=DIRECTION('',(0.,1.,0.));
#10103=DIRECTION('',(0.,1.,0.));
#10104=DIRECTION('',(-1.85863229568942E-15,0.,1.));
#10105=DIRECTION('',(0.,-1.,-9.03501810404587E-17));
#10106=DIRECTION('',(-1.,0.,0.));
#10107=DIRECTION('',(0.,0.,1.));
#10108=DIRECTION('',(1.,0.,-2.71050543121376E-16));
#10109=DIRECTION('',(0.,0.,1.));
#10110=DIRECTION('',(-1.,0.,0.));
#10111=DIRECTION('',(0.,-1.,0.));
#10112=DIRECTION('',(0.,0.,-1.));
#10113=DIRECTION('',(0.,4.33680868994197E-16,-1.));
#10114=DIRECTION('',(0.,4.33680868994197E-16,-1.));
#10115=DIRECTION('',(1.,0.,0.));
#10116=DIRECTION('',(0.,0.,1.));
#10117=DIRECTION('',(0.,1.,0.));
#10118=DIRECTION('',(0.,0.,1.));
#10119=DIRECTION('',(0.,1.,0.));
#10120=DIRECTION('',(1.,0.,0.));
#10121=DIRECTION('',(0.,0.,1.));
#10122=DIRECTION('',(-1.,0.,0.));
#10123=DIRECTION('',(0.,0.,1.));
#10124=DIRECTION('',(1.,0.,0.));
#10125=DIRECTION('',(2.60208521396518E-15,4.33680868994197E-16,-1.));
#10126=DIRECTION('',(1.,0.,0.));
#10127=DIRECTION('',(0.,1.,4.33680868994197E-16));
#10128=DIRECTION('',(0.,-4.33680868994202E-16,1.));
#10129=DIRECTION('',(0.,0.,-1.));
#10130=DIRECTION('',(-1.,0.,0.));
#10131=DIRECTION('',(0.,0.,-1.));
#10132=DIRECTION('',(0.,0.,1.));
#10133=DIRECTION('',(-1.,0.,0.));
#10134=DIRECTION('',(0.,0.,1.));
#10135=DIRECTION('',(0.,0.,1.));
#10136=DIRECTION('',(-1.,0.,0.));
#10137=DIRECTION('',(0.,0.,1.));
#10138=DIRECTION('',(0.,0.,1.));
#10139=DIRECTION('',(-1.,0.,0.));
#10140=DIRECTION('',(0.,0.,1.));
#10141=DIRECTION('',(0.,0.,1.));
#10142=DIRECTION('',(-1.,0.,0.));
#10143=DIRECTION('',(0.,0.,1.));
#10144=DIRECTION('',(0.,0.,1.));
#10145=DIRECTION('',(-1.,0.,0.));
#10146=DIRECTION('',(0.,0.,1.));
#10147=DIRECTION('',(0.,0.,1.));
#10148=DIRECTION('',(-1.,0.,0.));
#10149=DIRECTION('',(0.,0.,1.));
#10150=DIRECTION('',(0.,0.,1.));
#10151=DIRECTION('',(-1.,0.,0.));
#10152=DIRECTION('',(0.,0.,1.));
#10153=DIRECTION('',(0.,0.,1.));
#10154=DIRECTION('',(-1.,0.,0.));
#10155=DIRECTION('',(0.,0.,1.));
#10156=DIRECTION('',(0.,0.,-1.));
#10157=DIRECTION('',(1.,0.,0.));
#10158=DIRECTION('',(0.,0.,-1.));
#10159=DIRECTION('',(0.,0.,-1.));
#10160=DIRECTION('',(-1.,0.,0.));
#10161=DIRECTION('',(-1.85863229568942E-15,0.,1.));
#10162=DIRECTION('',(-1.,0.,0.));
#10163=DIRECTION('',(0.,0.,-1.));
#10164=DIRECTION('',(-1.,0.,-3.69805392165598E-16));
#10165=DIRECTION('',(0.,0.,-1.));
#10166=DIRECTION('',(-1.,0.,0.));
#10167=DIRECTION('',(0.,0.,-1.));
#10168=DIRECTION('',(-1.,0.,-3.69805392165598E-16));
#10169=DIRECTION('',(0.,0.,1.));
#10170=DIRECTION('',(-1.,0.,0.));
#10171=DIRECTION('',(0.,0.,1.));
#10172=DIRECTION('',(-1.,0.,-3.69805392165598E-16));
#10173=DIRECTION('',(0.,0.,1.));
#10174=DIRECTION('',(-1.,0.,0.));
#10175=DIRECTION('',(0.,0.,1.));
#10176=DIRECTION('',(-1.,0.,-3.69805392165598E-16));
#10177=DIRECTION('',(0.,0.,1.));
#10178=DIRECTION('',(-1.,0.,0.));
#10179=DIRECTION('',(0.,0.,1.));
#10180=DIRECTION('',(-1.,0.,-3.69805392165598E-16));
#10181=DIRECTION('',(0.,0.,1.));
#10182=DIRECTION('',(-1.,0.,0.));
#10183=DIRECTION('',(0.,0.,1.));
#10184=DIRECTION('',(-1.,0.,-3.69805392165598E-16));
#10185=DIRECTION('',(0.,0.,1.));
#10186=DIRECTION('',(-1.,0.,0.));
#10187=DIRECTION('',(0.,0.,1.));
#10188=DIRECTION('',(-1.,0.,-3.69805392165598E-16));
#10189=DIRECTION('',(0.,0.,1.));
#10190=DIRECTION('',(-1.,0.,0.));
#10191=DIRECTION('',(0.,0.,1.));
#10192=DIRECTION('',(-1.,0.,-3.69805392165598E-16));
#10193=DIRECTION('',(0.,0.,1.));
#10194=DIRECTION('',(-1.,0.,0.));
#10195=DIRECTION('',(0.,0.,1.));
#10196=DIRECTION('',(-1.,0.,-3.69805392165598E-16));
#10197=DIRECTION('',(0.,0.,1.));
#10198=DIRECTION('',(-1.,0.,0.));
#10199=DIRECTION('',(0.,0.,1.));
#10200=DIRECTION('',(-1.,0.,-3.69805392165598E-16));
#10201=DIRECTION('',(0.,0.,-1.));
#10202=DIRECTION('',(1.,0.,0.));
#10203=DIRECTION('',(0.,0.,-1.));
#10204=DIRECTION('',(-1.,0.,-3.69805392165598E-16));
#10205=DIRECTION('',(0.,0.,1.));
#10206=DIRECTION('',(-1.,0.,0.));
#10207=DIRECTION('',(1.,0.,0.));
#10208=DIRECTION('',(0.,0.,1.));
#10209=DIRECTION('',(0.,-1.,0.));
#10210=DIRECTION('',(0.,0.,-1.));
#10211=DIRECTION('',(0.,-1.,0.));
#10212=DIRECTION('',(1.,0.,3.69805392165599E-16));
#10213=DIRECTION('',(0.,-1.,0.));
#10214=DIRECTION('',(0.,1.,0.));
#10215=DIRECTION('',(-1.,-2.91595497878397E-31,-3.69805392165599E-16));
#10216=DIRECTION('',(0.,1.,0.));
#10217=DIRECTION('',(0.,1.,0.));
#10218=DIRECTION('',(-1.,-2.91595497878397E-31,-3.69805392165599E-16));
#10219=DIRECTION('',(0.,1.,0.));
#10220=DIRECTION('',(0.,1.,0.));
#10221=DIRECTION('',(-1.,-2.91595497878397E-31,-3.69805392165599E-16));
#10222=DIRECTION('',(0.,1.,0.));
#10223=DIRECTION('',(0.,1.,0.));
#10224=DIRECTION('',(-1.,-2.91595497878397E-31,-3.69805392165599E-16));
#10225=DIRECTION('',(0.,1.,0.));
#10226=DIRECTION('',(0.,1.,0.));
#10227=DIRECTION('',(-1.,-2.91595497878397E-31,-3.69805392165599E-16));
#10228=DIRECTION('',(0.,1.,0.));
#10229=DIRECTION('',(0.,1.,0.));
#10230=DIRECTION('',(-1.,-2.91595497878397E-31,-3.69805392165599E-16));
#10231=DIRECTION('',(0.,1.,0.));
#10232=DIRECTION('',(0.,1.,0.));
#10233=DIRECTION('',(-1.,-2.91595497878397E-31,-3.69805392165599E-16));
#10234=DIRECTION('',(0.,1.,0.));
#10235=DIRECTION('',(0.,1.,0.));
#10236=DIRECTION('',(-1.,-2.91595497878397E-31,-3.69805392165599E-16));
#10237=DIRECTION('',(0.,1.,0.));
#10238=DIRECTION('',(0.,-1.,0.));
#10239=DIRECTION('',(1.,0.,3.69805392165599E-16));
#10240=DIRECTION('',(0.,-1.,0.));
#10241=DIRECTION('',(0.,-1.,0.));
#10242=DIRECTION('',(-1.,2.48462997861265E-16,0.));
#10243=DIRECTION('',(0.,-1.,0.));
#10244=DIRECTION('',(0.,0.,1.));
#10245=DIRECTION('',(-0.999999999999997,0.,0.));
#10246=DIRECTION('',(-3.40141858034668E-16,1.,0.));
#10247=DIRECTION('',(-3.40141858034668E-16,-1.,0.));
#10248=DIRECTION('',(0.,0.,1.));
#10249=DIRECTION('',(0.999999999999997,0.,0.));
#10250=DIRECTION('',(0.,1.,0.));
#10251=DIRECTION('',(-1.,-2.48462997861262E-16,0.));
#10252=DIRECTION('',(0.,-1.,0.));
#10253=DIRECTION('',(-3.69805392165599E-16,0.,1.));
#10254=DIRECTION('',(1.,0.,3.69929781252054E-16));
#10255=DIRECTION('',(-1.,0.,0.));
#10256=DIRECTION('',(7.8851067089855E-16,1.,0.));
#10257=DIRECTION('',(3.40141858034668E-16,-1.,9.21956353586108E-32));
#10258=DIRECTION('',(0.,-9.03501810404587E-17,1.));
#10259=DIRECTION('',(0.,1.,0.));
#10260=DIRECTION('',(0.,1.,0.));
#10261=DIRECTION('',(1.,-2.48462997861265E-16,2.71050543121376E-16));
#10262=DIRECTION('',(-1.,0.,0.));
#10263=DIRECTION('',(0.,-1.,-9.03501810404587E-17));
#10264=DIRECTION('',(0.,-1.,-9.03501810404587E-17));
#10265=DIRECTION('',(1.,0.,2.71050543121376E-16));
#10266=DIRECTION('',(0.,1.,0.));
#10267=DIRECTION('',(-1.,0.,-4.73968162835193E-16));
#10268=DIRECTION('',(0.,1.,-1.23908819712629E-16));
#10269=DIRECTION('',(0.,-1.23908819712629E-16,-1.));
#10270=DIRECTION('',(0.,1.,-1.23815888097845E-16));
#10271=DIRECTION('',(0.,0.,1.));
#10272=DIRECTION('',(-2.66880534765662E-15,-1.,0.));
#10273=DIRECTION('',(0.,3.83788379640887E-16,-1.));
#10274=DIRECTION('',(0.,-1.,-3.71726459137887E-16));
#10275=DIRECTION('',(0.,-1.,0.));
#10276=DIRECTION('',(-1.31418445149758E-15,0.,-1.));
#10277=DIRECTION('',(0.,1.,-1.23908819712629E-16));
#10278=DIRECTION('',(1.,0.,0.));
#10279=DIRECTION('',(0.,0.,-1.));
#10280=DIRECTION('',(0.,1.,0.));
#10281=DIRECTION('',(0.,0.,1.));
#10282=DIRECTION('',(-1.31418445149758E-15,0.,1.));
#10283=DIRECTION('',(0.,-1.,0.));
#10284=DIRECTION('',(0.,-1.,-3.71726459137887E-16));
#10285=DIRECTION('',(0.,3.83788379640887E-16,-1.));
#10286=DIRECTION('',(1.,0.,0.));
#10287=DIRECTION('',(0.,0.,-1.));
#10288=DIRECTION('',(0.,0.,-1.));
#10289=DIRECTION('',(0.,0.,-1.));
#10290=DIRECTION('',(0.,1.,0.));
#10291=DIRECTION('',(0.,-1.,0.));
#10292=DIRECTION('',(1.,0.,0.));
#10293=DIRECTION('',(0.,0.,-1.));
#10294=DIRECTION('',(0.,0.,-1.));
#10295=DIRECTION('',(0.,-1.,0.));
#10296=DIRECTION('',(0.,0.,-1.));
#10297=DIRECTION('',(-1.,0.,0.));
#10298=DIRECTION('',(0.,0.,1.));
#10299=DIRECTION('',(0.,0.,-1.));
#10300=DIRECTION('',(3.46944695195362E-16,-1.,0.));
#10301=DIRECTION('',(-3.40141858034668E-16,1.,2.7749973414869E-30));
#10302=DIRECTION('',(0.,0.,-1.));
#10303=DIRECTION('',(1.,3.40141858034668E-16,0.));
#10304=DIRECTION('',(-3.40005801291454E-16,1.,0.));
#10305=DIRECTION('',(0.,2.71050543121376E-16,-1.));
#10306=DIRECTION('',(0.,-1.,-3.61400724161836E-16));
#10307=DIRECTION('',(0.,0.,1.));
#10308=DIRECTION('',(0.999999999999997,0.,0.));
#10309=DIRECTION('',(0.,0.,-1.));
#10310=DIRECTION('',(0.,0.,-1.));
#10311=DIRECTION('',(0.,0.,1.));
#10312=DIRECTION('',(0.999999999999997,0.,0.));
#10313=DIRECTION('',(-3.46944695195363E-16,1.,0.));
#10314=DIRECTION('',(0.,0.,-1.));
#10315=DIRECTION('',(0.,0.,-1.));
#10316=DIRECTION('',(-3.40141858034668E-16,-1.,-7.30262458286026E-32));
#10317=DIRECTION('',(-1.,3.40141858034668E-16,0.));
#10318=DIRECTION('',(-3.40005801291454E-16,-1.,0.));
#10319=DIRECTION('',(0.,1.,0.));
#10320=DIRECTION('',(0.,0.,-1.));
#10321=DIRECTION('',(0.,0.,-1.));
#10322=DIRECTION('',(1.,0.,0.));
#10323=DIRECTION('',(0.,0.,-1.));
#10324=DIRECTION('',(0.,-2.71050543121376E-16,1.));
#10325=DIRECTION('',(0.,1.,3.61400724161836E-16));
#10326=DIRECTION('',(0.,0.,1.));
#10327=DIRECTION('',(0.999999999999997,0.,0.));
#10328=DIRECTION('',(1.,0.,0.));
#10329=DIRECTION('',(0.,1.,0.));
#10330=DIRECTION('',(1.,0.,0.));
#10331=DIRECTION('',(0.,1.,0.));
#10332=DIRECTION('',(0.,1.,2.71050543121376E-16));
#10333=DIRECTION('',(0.,0.,1.));
#10334=DIRECTION('',(-1.,0.,0.));
#10335=DIRECTION('',(0.,0.,1.));
#10336=DIRECTION('',(0.,-1.,-9.03501810404587E-17));
#10337=DIRECTION('',(0.,0.,1.));
#10338=DIRECTION('',(0.,1.,2.71050543121376E-16));
#10339=DIRECTION('',(1.,0.,0.));
#10340=DIRECTION('',(0.,1.,0.));
#10341=DIRECTION('',(2.60208521396518E-15,4.33680868994197E-16,-1.));
#10342=DIRECTION('',(1.,0.,0.));
#10343=DIRECTION('',(0.,1.,0.));
#10344=DIRECTION('',(1.,0.,0.));
#10345=DIRECTION('',(0.,0.,-1.));
#10346=DIRECTION('',(0.,0.,-1.));
#10347=DIRECTION('',(-1.,0.,0.));
#10348=DIRECTION('',(0.,0.,1.));
#10349=DIRECTION('',(-1.,2.48462997861265E-16,8.15835298107904E-15));
#10350=DIRECTION('',(2.48462997861265E-16,1.,0.));
#10351=DIRECTION('',(-1.,2.48465256615787E-16,0.));
#10352=DIRECTION('',(1.,3.40141858034668E-16,0.));
#10353=DIRECTION('',(-3.40005801291454E-16,1.,0.));
#10354=DIRECTION('',(3.40141858034668E-16,1.,-9.21956353586108E-32));
#10355=DIRECTION('',(0.,0.,-1.));
#10356=DIRECTION('',(-1.,3.40141858034668E-16,0.));
#10357=DIRECTION('',(-3.40005801291454E-16,-1.,0.));
#10358=DIRECTION('',(0.,0.,-1.));
#10359=DIRECTION('',(-1.,-2.48462997861262E-16,-2.1469349950208E-16));
#10360=DIRECTION('',(0.,0.,-1.));
#10361=DIRECTION('',(1.,2.48462997861262E-16,-2.71050543121376E-16));
#10362=DIRECTION('',(-2.48462997861262E-16,1.,0.));
#10363=DIRECTION('',(-1.,-2.48465256615787E-16,0.));
#10364=DIRECTION('',(0.,0.,-1.));
#10365=DIRECTION('',(0.,-1.,0.));
#10366=DIRECTION('',(1.,0.,0.));
#10367=DIRECTION('',(0.,0.,-1.));
#10368=DIRECTION('',(0.,9.03501810404587E-17,-1.));
#10369=DIRECTION('',(0.,-1.,0.));
#10370=DIRECTION('',(0.,0.,1.));
#10371=DIRECTION('',(0.999999999999997,0.,0.));
#10372=DIRECTION('',(0.,1.,3.71726459137887E-16));
#10373=DIRECTION('',(-1.,0.,0.));
#10374=DIRECTION('',(0.,1.,3.71726459137887E-16));
#10375=DIRECTION('',(1.,0.,0.));
#10376=DIRECTION('',(0.,1.,3.71726459137887E-16));
#10377=DIRECTION('',(-1.,0.,0.));
#10378=DIRECTION('',(0.,1.,3.71726459137887E-16));
#10379=DIRECTION('',(1.,0.,0.));
#10380=DIRECTION('',(0.,1.,3.71726459137887E-16));
#10381=DIRECTION('',(-1.,0.,0.));
#10382=DIRECTION('',(0.,1.,3.71726459137887E-16));
#10383=DIRECTION('',(1.,0.,0.));
#10384=DIRECTION('',(0.,1.,3.71726459137887E-16));
#10385=DIRECTION('',(-1.,0.,0.));
#10386=DIRECTION('',(0.,1.,3.71726459137887E-16));
#10387=DIRECTION('',(1.,0.,0.));
#10388=DIRECTION('',(0.,1.,3.71726459137887E-16));
#10389=DIRECTION('',(-1.,0.,0.));
#10390=DIRECTION('',(0.,1.,3.71726459137887E-16));
#10391=DIRECTION('',(1.,0.,0.));
#10392=DIRECTION('',(0.,1.,3.71726459137887E-16));
#10393=DIRECTION('',(-1.,0.,0.));
#10394=DIRECTION('',(0.,1.,3.71726459137887E-16));
#10395=DIRECTION('',(1.,0.,0.));
#10396=DIRECTION('',(0.,1.,3.71726459137887E-16));
#10397=DIRECTION('',(-1.,0.,0.));
#10398=DIRECTION('',(0.,1.,3.71726459137887E-16));
#10399=DIRECTION('',(1.,0.,0.));
#10400=DIRECTION('',(0.,1.,3.71726459137887E-16));
#10401=DIRECTION('',(-1.,0.,0.));
#10402=DIRECTION('',(0.,1.,3.71726459137887E-16));
#10403=DIRECTION('',(1.,0.,0.));
#10404=DIRECTION('',(0.,1.,3.71726459137887E-16));
#10405=DIRECTION('',(-1.,0.,0.));
#10406=DIRECTION('',(0.,1.,3.71726459137887E-16));
#10407=DIRECTION('',(1.,0.,0.));
#10408=DIRECTION('',(0.,1.,3.71726459137887E-16));
#10409=DIRECTION('',(-1.,0.,0.));
#10410=DIRECTION('',(0.,1.,3.71726459137887E-16));
#10411=DIRECTION('',(1.,0.,0.));
#10412=DIRECTION('',(0.,1.,3.71726459137887E-16));
#10413=DIRECTION('',(-1.,0.,0.));
#10414=DIRECTION('',(0.,1.,3.71726459137887E-16));
#10415=DIRECTION('',(1.,0.,0.));
#10416=DIRECTION('',(0.,1.,3.71726459137887E-16));
#10417=DIRECTION('',(-1.,0.,0.));
#10418=DIRECTION('',(0.,1.,3.71726459137887E-16));
#10419=DIRECTION('',(1.,0.,0.));
#10420=DIRECTION('',(0.,1.,3.71726459137887E-16));
#10421=DIRECTION('',(-1.,0.,0.));
#10422=DIRECTION('',(0.,1.,3.71726459137887E-16));
#10423=DIRECTION('',(1.,0.,0.));
#10424=DIRECTION('',(0.,1.,3.71726459137887E-16));
#10425=DIRECTION('',(-1.,0.,0.));
#10426=DIRECTION('',(0.,1.,3.71726459137887E-16));
#10427=DIRECTION('',(1.,0.,0.));
#10428=DIRECTION('',(0.,1.,3.71726459137887E-16));
#10429=DIRECTION('',(-1.,0.,0.));
#10430=DIRECTION('',(0.,1.,3.71726459137887E-16));
#10431=DIRECTION('',(1.,0.,0.));
#10432=DIRECTION('',(0.,1.,3.71726459137887E-16));
#10433=DIRECTION('',(-1.,0.,0.));
#10434=DIRECTION('',(0.,1.,3.71726459137887E-16));
#10435=DIRECTION('',(1.,0.,0.));
#10436=DIRECTION('',(0.,-1.,-8.13151629364128E-16));
#10437=DIRECTION('',(-1.,0.,0.));
#10438=DIRECTION('',(0.,-1.,-8.13151629364128E-16));
#10439=DIRECTION('',(1.,0.,0.));
#10440=DIRECTION('',(0.,-3.71726459137887E-16,1.));
#10441=DIRECTION('',(0.,-1.,-3.71772924945279E-16));
#10442=DIRECTION('',(0.,-3.83788379640887E-16,1.));
#10443=DIRECTION('',(1.,-4.85845313142089E-16,0.));
#10444=DIRECTION('',(0.,-3.83788379640887E-16,1.));
#10445=DIRECTION('',(0.,-3.83788379640887E-16,1.));
#10446=DIRECTION('',(1.,-4.85845313142089E-16,0.));
#10447=DIRECTION('',(0.,-3.83788379640887E-16,1.));
#10448=DIRECTION('',(0.,-3.83788379640887E-16,1.));
#10449=DIRECTION('',(1.,-4.85845313142089E-16,0.));
#10450=DIRECTION('',(0.,-3.83788379640887E-16,1.));
#10451=DIRECTION('',(0.,-3.83788379640887E-16,1.));
#10452=DIRECTION('',(1.,-4.85845313142089E-16,0.));
#10453=DIRECTION('',(0.,-3.83788379640887E-16,1.));
#10454=DIRECTION('',(0.,-3.83788379640887E-16,1.));
#10455=DIRECTION('',(1.,-4.85845313142089E-16,0.));
#10456=DIRECTION('',(0.,-3.83788379640887E-16,1.));
#10457=DIRECTION('',(0.,-3.83788379640887E-16,1.));
#10458=DIRECTION('',(1.,-4.85845313142089E-16,0.));
#10459=DIRECTION('',(0.,-3.83788379640887E-16,1.));
#10460=DIRECTION('',(0.,-3.83788379640887E-16,1.));
#10461=DIRECTION('',(1.,-4.85845313142089E-16,0.));
#10462=DIRECTION('',(0.,-3.83788379640887E-16,1.));
#10463=DIRECTION('',(0.,-3.83788379640887E-16,1.));
#10464=DIRECTION('',(1.,-4.85845313142089E-16,0.));
#10465=DIRECTION('',(0.,-3.83788379640887E-16,1.));
#10466=DIRECTION('',(0.,-3.83788379640887E-16,1.));
#10467=DIRECTION('',(1.,-4.85845313142089E-16,0.));
#10468=DIRECTION('',(0.,-3.83788379640887E-16,1.));
#10469=DIRECTION('',(0.,-3.83788379640887E-16,1.));
#10470=DIRECTION('',(1.,-4.85845313142089E-16,0.));
#10471=DIRECTION('',(0.,-3.83788379640887E-16,1.));
#10472=DIRECTION('',(0.,-3.83788379640887E-16,1.));
#10473=DIRECTION('',(1.,-4.85845313142089E-16,0.));
#10474=DIRECTION('',(0.,-3.83788379640887E-16,1.));
#10475=DIRECTION('',(0.,-3.83788379640887E-16,1.));
#10476=DIRECTION('',(1.,-4.85845313142089E-16,0.));
#10477=DIRECTION('',(0.,-3.83788379640887E-16,1.));
#10478=DIRECTION('',(0.,-3.83788379640887E-16,1.));
#10479=DIRECTION('',(1.,-4.85845313142089E-16,0.));
#10480=DIRECTION('',(0.,-3.83788379640887E-16,1.));
#10481=DIRECTION('',(0.,-3.83788379640887E-16,1.));
#10482=DIRECTION('',(1.,-4.85845313142089E-16,0.));
#10483=DIRECTION('',(0.,-3.83788379640887E-16,1.));
#10484=DIRECTION('',(0.,-3.83788379640887E-16,1.));
#10485=DIRECTION('',(1.,-4.85845313142089E-16,0.));
#10486=DIRECTION('',(0.,-3.83788379640887E-16,1.));
#10487=DIRECTION('',(0.,-3.83788379640887E-16,1.));
#10488=DIRECTION('',(1.,-4.85845313142089E-16,0.));
#10489=DIRECTION('',(0.,-3.83788379640887E-16,1.));
#10490=DIRECTION('',(0.,-3.83788379640887E-16,1.));
#10491=DIRECTION('',(1.,-4.85845313142089E-16,0.));
#10492=DIRECTION('',(0.,-3.83788379640887E-16,1.));
#10493=DIRECTION('',(1.,0.,0.));
#10494=DIRECTION('',(0.,-3.83788379640887E-16,1.));
#10495=DIRECTION('',(0.,-3.83788379640887E-16,1.));
#10496=DIRECTION('',(1.,0.,0.));
#10497=DIRECTION('',(0.,-3.83788379640887E-16,1.));
#10498=DIRECTION('',(0.,-3.83788379640887E-16,1.));
#10499=DIRECTION('',(1.,0.,0.));
#10500=DIRECTION('',(0.,-3.83788379640887E-16,1.));
#10501=DIRECTION('',(0.,-3.83788379640887E-16,1.));
#10502=DIRECTION('',(1.,0.,0.));
#10503=DIRECTION('',(0.,-3.83788379640887E-16,1.));
#10504=DIRECTION('',(0.,-3.83788379640887E-16,1.));
#10505=DIRECTION('',(1.,0.,0.));
#10506=DIRECTION('',(0.,-3.83788379640887E-16,1.));
#10507=DIRECTION('',(0.,-3.83788379640887E-16,1.));
#10508=DIRECTION('',(1.,0.,0.));
#10509=DIRECTION('',(0.,-3.83788379640887E-16,1.));
#10510=DIRECTION('',(0.,-3.83788379640887E-16,1.));
#10511=DIRECTION('',(1.,0.,0.));
#10512=DIRECTION('',(0.,-3.83788379640887E-16,1.));
#10513=DIRECTION('',(0.,-3.83788379640887E-16,1.));
#10514=DIRECTION('',(1.,0.,0.));
#10515=DIRECTION('',(0.,-3.83788379640887E-16,1.));
#10516=DIRECTION('',(0.,-3.83788379640887E-16,1.));
#10517=DIRECTION('',(1.,0.,0.));
#10518=DIRECTION('',(0.,-3.83788379640887E-16,1.));
#10519=DIRECTION('',(0.,-3.83788379640887E-16,1.));
#10520=DIRECTION('',(1.,0.,0.));
#10521=DIRECTION('',(0.,-3.83788379640887E-16,1.));
#10522=DIRECTION('',(0.,-3.83788379640887E-16,1.));
#10523=DIRECTION('',(1.,0.,0.));
#10524=DIRECTION('',(0.,-3.83788379640887E-16,1.));
#10525=DIRECTION('',(0.,-3.83788379640887E-16,1.));
#10526=DIRECTION('',(1.,0.,0.));
#10527=DIRECTION('',(0.,-3.83788379640887E-16,1.));
#10528=DIRECTION('',(0.,-3.83788379640887E-16,1.));
#10529=DIRECTION('',(1.,0.,0.));
#10530=DIRECTION('',(0.,-3.83788379640887E-16,1.));
#10531=DIRECTION('',(0.,-3.83788379640887E-16,1.));
#10532=DIRECTION('',(1.,0.,0.));
#10533=DIRECTION('',(0.,-3.83788379640887E-16,1.));
#10534=DIRECTION('',(0.,-3.83788379640887E-16,1.));
#10535=DIRECTION('',(1.,0.,0.));
#10536=DIRECTION('',(0.,-3.83788379640887E-16,1.));
#10537=DIRECTION('',(0.,-3.83788379640887E-16,1.));
#10538=DIRECTION('',(1.,0.,0.));
#10539=DIRECTION('',(0.,-1.,-3.83788379640887E-16));
#10540=DIRECTION('',(0.,3.83807569059869E-16,-1.));
#10541=DIRECTION('',(7.8851067089855E-16,-1.,0.));
#10542=DIRECTION('',(-1.,1.54886024640783E-15,0.));
#10543=DIRECTION('',(-1.,0.,7.1095224425279E-16));
#10544=DIRECTION('',(0.,1.,0.));
#10545=DIRECTION('',(1.,0.,0.));
#10546=DIRECTION('',(0.,1.,0.));
#10547=DIRECTION('',(0.,-1.23908819712629E-16,-1.));
#10548=DIRECTION('',(0.,1.,-1.23815888097845E-16));
#10549=DIRECTION('',(0.,4.33680868994197E-16,-1.));
#10550=DIRECTION('',(1.,0.,0.));
#10551=DIRECTION('',(0.,0.,-1.));
#10552=DIRECTION('',(0.,1.,0.));
#10553=DIRECTION('',(1.,0.,0.));
#10554=DIRECTION('',(0.,0.,-1.));
#10555=DIRECTION('',(0.,4.33680868994197E-16,-1.));
#10556=DIRECTION('',(1.,0.,0.));
#10557=DIRECTION('',(0.,0.,-1.));
#10558=DIRECTION('',(1.,0.,0.));
#10559=DIRECTION('',(2.1469349950208E-16,0.,-1.));
#10560=DIRECTION('',(-1.,0.,-2.1467203015213E-16));
#10561=DIRECTION('',(0.,0.,1.));
#10562=DIRECTION('',(0.,-1.,0.));
#10563=DIRECTION('',(0.,1.,0.));
#10564=DIRECTION('',(-1.,0.,0.));
#10565=DIRECTION('',(0.,0.,1.));
#10566=DIRECTION('',(0.,0.,-1.));
#10567=DIRECTION('',(-1.,0.,0.));
#10568=DIRECTION('',(0.,0.,1.));
#10569=DIRECTION('',(0.,0.,1.));
#10570=DIRECTION('',(-1.,0.,2.20515696098747E-14));
#10571=DIRECTION('',(0.,-1.,0.));
#10572=DIRECTION('',(0.,0.,-1.));
#10573=DIRECTION('',(0.,1.,0.));
#10574=DIRECTION('',(-2.20515696098747E-14,0.,-1.));
#10575=DIRECTION('',(-1.,0.,2.20515879861827E-14));
#10576=DIRECTION('',(0.,1.,0.));
#10577=DIRECTION('',(1.,0.,0.));
#10578=DIRECTION('',(0.,0.,-1.));
#10579=DIRECTION('',(-1.,0.,0.));
#10580=DIRECTION('',(-8.15835298107904E-15,0.,-1.));
#10581=DIRECTION('',(-1.,0.,8.1583502974103E-15));
#10582=DIRECTION('',(-1.,0.,0.));
#10583=DIRECTION('',(-1.,0.,0.));
#10584=DIRECTION('',(0.,-1.,-4.33680868994197E-16));
#10585=DIRECTION('',(0.,4.33680868994202E-16,-1.));
#10586=DIRECTION('',(1.,0.,0.));
#10587=DIRECTION('',(0.,0.,-1.));
#10588=DIRECTION('',(1.,0.,0.));
#10589=DIRECTION('',(0.,0.,-1.));
#10590=DIRECTION('',(-1.,0.,0.));
#10591=DIRECTION('',(0.,0.,1.));
#10592=DIRECTION('',(-1.,0.,0.));
#10593=DIRECTION('',(0.,0.,1.));
#10594=DIRECTION('',(-1.,0.,-4.73968162835193E-16));
#10595=DIRECTION('',(4.73968162835193E-16,0.,-1.));
#10596=DIRECTION('',(-1.,0.,-4.74013189810663E-16));
#10597=DIRECTION('',(0.,-1.,0.));
#10598=DIRECTION('',(0.,0.,-1.));
#10599=DIRECTION('',(-1.,0.,7.10952244252789E-16));
#10600=DIRECTION('',(-7.10952244252789E-16,0.,-1.));
#10601=DIRECTION('',(-1.,0.,7.11019784715994E-16));
#10602=DIRECTION('',(0.,-1.,0.));
#10603=DIRECTION('',(0.,0.,-1.));
#10604=DIRECTION('',(0.,1.03257349760522E-15,-1.));
#10605=DIRECTION('',(0.,1.03257349760522E-15,-1.));
#10606=DIRECTION('',(-1.,0.,0.));
#10607=DIRECTION('',(0.,1.,1.03257349760522E-15));
#10608=DIRECTION('',(0.,-1.03259414907519E-15,1.));
#10609=DIRECTION('',(1.,0.,0.));
#10610=DIRECTION('',(0.,1.,0.));
#10611=DIRECTION('',(1.,0.,0.));
#10612=DIRECTION('',(0.,1.,0.));
#10613=DIRECTION('',(-1.,0.,0.));
#10614=DIRECTION('',(0.,0.,1.));
#10615=DIRECTION('',(1.,0.,0.));
#10616=DIRECTION('',(0.,0.,-1.));
#10617=DIRECTION('',(1.,0.,0.));
#10618=DIRECTION('',(0.,0.,-1.));
#10619=DIRECTION('',(0.,0.,1.));
#10620=DIRECTION('',(-1.,1.54886024640783E-15,0.));
#10621=DIRECTION('',(1.54886024640783E-15,1.,0.));
#10622=DIRECTION('',(-1.,1.54889122361279E-15,0.));
#10623=DIRECTION('',(7.8851067089855E-16,-1.,0.));
#10624=DIRECTION('',(-1.,-7.8851067089855E-16,0.));
#10625=DIRECTION('',(7.88431819831459E-16,-1.,0.));
#10626=DIRECTION('',(0.,0.,1.));
#10627=DIRECTION('',(7.8851067089855E-16,1.,0.));
#10628=DIRECTION('',(1.,-7.8851067089855E-16,0.));
#10629=DIRECTION('',(7.88431819831459E-16,1.,0.));
#10630=DIRECTION('',(-1.,0.,0.));
#10631=DIRECTION('',(0.,1.,0.));
#10632=DIRECTION('',(0.,0.,1.));
#10633=DIRECTION('',(0.,-1.,0.));
#10634=DIRECTION('',(0.,-1.,0.));
#10635=DIRECTION('',(1.,0.,0.));
#10636=DIRECTION('',(0.,-1.,0.));
#10637=DIRECTION('',(0.,-1.,0.));
#10638=DIRECTION('',(1.,0.,0.));
#10639=DIRECTION('',(0.,-1.,0.));
#10640=DIRECTION('',(0.,-1.,0.));
#10641=DIRECTION('',(1.,0.,0.));
#10642=DIRECTION('',(0.,-1.,0.));
#10643=DIRECTION('',(0.,-1.,0.));
#10644=DIRECTION('',(1.,0.,0.));
#10645=DIRECTION('',(0.,-1.,0.));
#10646=DIRECTION('',(0.,-1.,0.));
#10647=DIRECTION('',(1.,0.,0.));
#10648=DIRECTION('',(0.,-1.,0.));
#10649=DIRECTION('',(0.,-1.,0.));
#10650=DIRECTION('',(1.,0.,0.));
#10651=DIRECTION('',(0.,-1.,0.));
#10652=DIRECTION('',(0.,-1.,0.));
#10653=DIRECTION('',(1.,0.,0.));
#10654=DIRECTION('',(0.,-1.,0.));
#10655=DIRECTION('',(0.,-1.,0.));
#10656=DIRECTION('',(1.,0.,0.));
#10657=DIRECTION('',(0.,-1.,0.));
#10658=DIRECTION('',(0.,-1.,0.));
#10659=DIRECTION('',(1.,0.,0.));
#10660=DIRECTION('',(0.,-1.,0.));
#10661=DIRECTION('',(0.,-1.,0.));
#10662=DIRECTION('',(1.,0.,0.));
#10663=DIRECTION('',(0.,-1.,0.));
#10664=DIRECTION('',(0.,-1.,0.));
#10665=DIRECTION('',(1.,0.,0.));
#10666=DIRECTION('',(0.,-1.,0.));
#10667=DIRECTION('',(0.,-1.,0.));
#10668=DIRECTION('',(1.,0.,0.));
#10669=DIRECTION('',(0.,-1.,0.));
#10670=DIRECTION('',(0.,-1.,0.));
#10671=DIRECTION('',(1.,0.,0.));
#10672=DIRECTION('',(0.,-1.,0.));
#10673=DIRECTION('',(0.,-1.,0.));
#10674=DIRECTION('',(1.,0.,0.));
#10675=DIRECTION('',(0.,-1.,0.));
#10676=DIRECTION('',(0.,-1.,0.));
#10677=DIRECTION('',(1.,0.,0.));
#10678=DIRECTION('',(0.,-1.,0.));
#10679=DIRECTION('',(0.,-1.,0.));
#10680=DIRECTION('',(1.,0.,0.));
#10681=DIRECTION('',(0.,0.,-1.));
#10682=DIRECTION('',(-1.,0.,0.));
#10683=DIRECTION('',(3.46944695195362E-16,-1.,0.));
#10684=DIRECTION('',(0.,0.,1.));
#10685=DIRECTION('',(-1.,-3.46944695195362E-16,0.));
#10686=DIRECTION('',(3.46944695195361E-16,-1.,0.));
#10687=DIRECTION('',(1.,4.01556360179813E-16,0.));
#10688=DIRECTION('',(4.01556360179813E-16,-1.,0.));
#10689=DIRECTION('',(1.,4.01588484688631E-16,0.));
#10690=DIRECTION('',(0.,0.,1.));
#10691=DIRECTION('',(1.,0.,0.));
#10692=DIRECTION('',(0.,0.,1.));
#10693=DIRECTION('',(-3.46944695195361E-16,1.,0.));
#10694=DIRECTION('',(1.,3.46944695195361E-16,0.));
#10695=DIRECTION('',(-3.46944695195361E-16,1.,0.));
#10696=DIRECTION('',(1.,-6.02334540269719E-15,0.));
#10697=DIRECTION('',(-6.02334540269719E-15,-1.,0.));
#10698=DIRECTION('',(1.,-6.02339358946047E-15,0.));
#10699=DIRECTION('',(0.,0.,1.));
#10700=DIRECTION('',(1.,0.,0.));
#10701=DIRECTION('',(0.,0.888534326409092,-0.458810146784857));
#10702=DIRECTION('',(1.,0.,0.));
#10703=DIRECTION('',(0.,0.,-1.));
#10704=DIRECTION('',(0.,0.888534326409092,-0.458810146784857));
#10705=DIRECTION('',(1.,0.,0.));
#10706=DIRECTION('',(0.,0.,-1.));
#10707=DIRECTION('',(0.,0.458810146784857,0.888534326409092));
#10708=DIRECTION('',(0.,-0.888534326409092,0.458810146784857));
#10709=DIRECTION('',(1.,0.,0.));
#10710=DIRECTION('',(0.,1.,0.));
#10711=DIRECTION('',(0.,-0.997766937321941,0.0667917568805803));
#10712=DIRECTION('',(1.,0.,0.));
#10713=DIRECTION('',(0.,1.,0.));
#10714=DIRECTION('',(0.,-0.875415385856245,-0.483371391588458));
#10715=DIRECTION('',(1.,0.,0.));
#10716=DIRECTION('',(0.,0.,-1.));
#10717=DIRECTION('',(1.,0.,0.));
#10718=DIRECTION('',(0.,1.,0.));
#10719=DIRECTION('',(0.,-0.875415385856245,-0.483371391588458));
#10720=DIRECTION('',(1.,0.,0.));
#10721=DIRECTION('',(0.,1.,0.));
#10722=DIRECTION('',(0.,-0.997766937321941,0.0667917568805803));
#10723=DIRECTION('',(1.,0.,0.));
#10724=DIRECTION('',(0.,0.,-1.));
#10725=DIRECTION('',(-1.,0.,0.));
#10726=DIRECTION('',(-1.,0.,0.));
#10727=DIRECTION('',(0.,0.,0.999999999999999));
#10728=DIRECTION('',(-1.,0.,0.));
#10729=DIRECTION('',(0.,-0.0667917568805803,-0.997766937321941));
#10730=DIRECTION('',(0.,0.997766937321941,-0.0667917568805803));
#10731=DIRECTION('',(-1.,0.,0.));
#10732=DIRECTION('',(-1.,0.,0.));
#10733=DIRECTION('',(0.,0.,1.));
#10734=DIRECTION('',(0.,0.483371391588458,-0.875415385856245));
#10735=DIRECTION('',(0.,0.875415385856245,0.483371391588458));
#10736=DIRECTION('',(1.,0.,0.));
#10737=DIRECTION('',(0.,1.,0.));
#10738=DIRECTION('',(1.,0.,0.));
#10739=DIRECTION('',(0.,1.,0.));
#10740=DIRECTION('',(-1.,0.,0.));
#10741=DIRECTION('',(-1.,0.,0.));
#10742=DIRECTION('',(0.,0.,0.999999999999999));
#10743=DIRECTION('',(0.,0.,1.));
#10744=DIRECTION('',(-1.,0.,0.));
#10745=DIRECTION('',(0.,0.,1.));
#10746=DIRECTION('',(0.,-1.,0.));
#10747=DIRECTION('',(0.,0.,-1.));
#10748=DIRECTION('',(0.,-1.,0.));
#10749=DIRECTION('',(-1.,0.,0.));
#10750=DIRECTION('',(0.,-1.,0.));
#10751=DIRECTION('',(0.,0.,-1.));
#10752=DIRECTION('',(-1.,0.,0.));
#10753=DIRECTION('',(0.,-7.88510670898549E-16,-1.));
#10754=DIRECTION('',(0.,-7.88510670898549E-16,-1.));
#10755=DIRECTION('',(0.,1.,-7.88510670898549E-16));
#10756=DIRECTION('',(0.,7.88431819831459E-16,1.));
#10757=DIRECTION('',(1.,0.,0.));
#10758=DIRECTION('',(0.,0.,-1.));
#10759=DIRECTION('',(1.,0.,0.));
#10760=DIRECTION('',(0.,0.,-1.));
#10761=DIRECTION('',(1.,0.,0.));
#10762=DIRECTION('',(0.,0.999999999999999,-1.0842021724855E-16));
#10763=DIRECTION('',(1.,0.,0.));
#10764=DIRECTION('',(1.,0.,0.));
#10765=DIRECTION('',(0.,0.999999999999999,-1.0842021724855E-16));
#10766=DIRECTION('',(1.,0.,0.));
#10767=DIRECTION('',(0.,0.,-1.));
#10768=DIRECTION('',(0.,0.,-1.));
#10769=DIRECTION('',(0.,0.,-1.));
#10770=DIRECTION('',(1.,0.,0.));
#10771=DIRECTION('',(0.,-1.,0.));
#10772=DIRECTION('',(0.,0.,-1.));
#10773=DIRECTION('',(0.,1.,0.));
#10774=DIRECTION('',(0.,1.,0.));
#10775=DIRECTION('',(1.,0.,0.));
#10776=DIRECTION('',(0.,0.,-1.));
#10777=DIRECTION('',(-1.,0.,0.));
#10778=DIRECTION('',(0.,0.,1.));
#10779=DIRECTION('',(0.,0.,1.));
#10780=DIRECTION('',(0.,1.,0.));
#10781=DIRECTION('',(0.,0.,1.));
#10782=DIRECTION('',(1.,0.,0.));
#10783=DIRECTION('',(0.,0.,-1.));
#10784=DIRECTION('',(1.,0.,0.));
#10785=DIRECTION('',(0.,0.,-1.));
#10786=DIRECTION('',(0.,0.888534326409092,-0.458810146784857));
#10787=DIRECTION('',(1.,0.,0.));
#10788=DIRECTION('',(0.,0.,-1.));
#10789=DIRECTION('',(0.,0.888534326409092,-0.458810146784857));
#10790=DIRECTION('',(1.,0.,0.));
#10791=DIRECTION('',(0.,0.,-1.));
#10792=DIRECTION('',(0.,0.458810146784857,0.888534326409092));
#10793=DIRECTION('',(0.,-0.888534326409092,0.458810146784857));
#10794=DIRECTION('',(1.,0.,0.));
#10795=DIRECTION('',(0.,1.,0.));
#10796=DIRECTION('',(0.,-0.997766937321941,0.0667917568805803));
#10797=DIRECTION('',(1.,0.,0.));
#10798=DIRECTION('',(0.,1.,0.));
#10799=DIRECTION('',(0.,-0.875415385856245,-0.483371391588458));
#10800=DIRECTION('',(1.,0.,0.));
#10801=DIRECTION('',(0.,0.,-1.));
#10802=DIRECTION('',(1.,0.,0.));
#10803=DIRECTION('',(0.,1.,0.));
#10804=DIRECTION('',(0.,-0.875415385856245,-0.483371391588458));
#10805=DIRECTION('',(1.,0.,0.));
#10806=DIRECTION('',(0.,1.,0.));
#10807=DIRECTION('',(0.,-0.997766937321941,0.0667917568805803));
#10808=DIRECTION('',(1.,0.,0.));
#10809=DIRECTION('',(0.,0.,-1.));
#10810=DIRECTION('',(-1.,0.,0.));
#10811=DIRECTION('',(-1.,0.,0.));
#10812=DIRECTION('',(0.,0.,0.999999999999999));
#10813=DIRECTION('',(-1.,0.,0.));
#10814=DIRECTION('',(0.,-0.0667917568805803,-0.997766937321941));
#10815=DIRECTION('',(0.,0.997766937321941,-0.0667917568805803));
#10816=DIRECTION('',(-1.,0.,0.));
#10817=DIRECTION('',(-1.,0.,0.));
#10818=DIRECTION('',(0.,0.,1.));
#10819=DIRECTION('',(0.,0.483371391588458,-0.875415385856245));
#10820=DIRECTION('',(0.,0.875415385856245,0.483371391588458));
#10821=DIRECTION('',(0.,0.888534326409092,-0.458810146784857));
#10822=DIRECTION('',(1.,0.,0.));
#10823=DIRECTION('',(0.,0.,-1.));
#10824=DIRECTION('',(0.,0.888534326409092,-0.458810146784857));
#10825=DIRECTION('',(1.,0.,0.));
#10826=DIRECTION('',(0.,0.,-1.));
#10827=DIRECTION('',(0.,0.458810146784857,0.888534326409092));
#10828=DIRECTION('',(0.,-0.888534326409092,0.458810146784857));
#10829=DIRECTION('',(1.,0.,0.));
#10830=DIRECTION('',(0.,1.,0.));
#10831=DIRECTION('',(0.,-0.997766937321941,0.0667917568805803));
#10832=DIRECTION('',(1.,0.,0.));
#10833=DIRECTION('',(0.,1.,0.));
#10834=DIRECTION('',(0.,-0.875415385856245,-0.483371391588458));
#10835=DIRECTION('',(1.,0.,0.));
#10836=DIRECTION('',(0.,0.,-1.));
#10837=DIRECTION('',(1.,0.,0.));
#10838=DIRECTION('',(0.,1.,0.));
#10839=DIRECTION('',(0.,-0.875415385856245,-0.483371391588458));
#10840=DIRECTION('',(1.,0.,0.));
#10841=DIRECTION('',(0.,1.,0.));
#10842=DIRECTION('',(0.,-0.997766937321941,0.0667917568805803));
#10843=DIRECTION('',(1.,0.,0.));
#10844=DIRECTION('',(0.,0.,-1.));
#10845=DIRECTION('',(-1.,0.,0.));
#10846=DIRECTION('',(-1.,0.,0.));
#10847=DIRECTION('',(0.,0.,0.999999999999999));
#10848=DIRECTION('',(-1.,0.,0.));
#10849=DIRECTION('',(0.,-0.0667917568805803,-0.997766937321941));
#10850=DIRECTION('',(0.,0.997766937321941,-0.0667917568805803));
#10851=DIRECTION('',(-1.,0.,0.));
#10852=DIRECTION('',(-1.,0.,0.));
#10853=DIRECTION('',(0.,0.,1.));
#10854=DIRECTION('',(0.,0.483371391588458,-0.875415385856245));
#10855=DIRECTION('',(0.,0.875415385856245,0.483371391588458));
#10856=DIRECTION('',(0.,0.888534326409092,-0.458810146784857));
#10857=DIRECTION('',(1.,0.,0.));
#10858=DIRECTION('',(0.,0.,-1.));
#10859=DIRECTION('',(0.,0.888534326409092,-0.458810146784857));
#10860=DIRECTION('',(1.,0.,0.));
#10861=DIRECTION('',(0.,0.,-1.));
#10862=DIRECTION('',(0.,0.458810146784857,0.888534326409092));
#10863=DIRECTION('',(0.,-0.888534326409092,0.458810146784857));
#10864=DIRECTION('',(1.,0.,0.));
#10865=DIRECTION('',(0.,1.,0.));
#10866=DIRECTION('',(0.,-0.997766937321941,0.0667917568805803));
#10867=DIRECTION('',(1.,0.,0.));
#10868=DIRECTION('',(0.,1.,0.));
#10869=DIRECTION('',(0.,-0.875415385856245,-0.483371391588458));
#10870=DIRECTION('',(1.,0.,0.));
#10871=DIRECTION('',(0.,0.,-1.));
#10872=DIRECTION('',(1.,0.,0.));
#10873=DIRECTION('',(0.,1.,0.));
#10874=DIRECTION('',(0.,-0.875415385856245,-0.483371391588458));
#10875=DIRECTION('',(1.,0.,0.));
#10876=DIRECTION('',(0.,1.,0.));
#10877=DIRECTION('',(0.,-0.997766937321941,0.0667917568805803));
#10878=DIRECTION('',(1.,0.,0.));
#10879=DIRECTION('',(0.,0.,-1.));
#10880=DIRECTION('',(-1.,0.,0.));
#10881=DIRECTION('',(-1.,0.,0.));
#10882=DIRECTION('',(0.,0.,0.999999999999999));
#10883=DIRECTION('',(-1.,0.,0.));
#10884=DIRECTION('',(0.,-0.0667917568805803,-0.997766937321941));
#10885=DIRECTION('',(0.,0.997766937321941,-0.0667917568805803));
#10886=DIRECTION('',(-1.,0.,0.));
#10887=DIRECTION('',(-1.,0.,0.));
#10888=DIRECTION('',(0.,0.,1.));
#10889=DIRECTION('',(0.,0.483371391588458,-0.875415385856245));
#10890=DIRECTION('',(0.,0.875415385856245,0.483371391588458));
#10891=DIRECTION('',(0.,0.888534326409092,-0.458810146784857));
#10892=DIRECTION('',(1.,0.,0.));
#10893=DIRECTION('',(0.,0.,-1.));
#10894=DIRECTION('',(0.,0.888534326409092,-0.458810146784857));
#10895=DIRECTION('',(1.,0.,0.));
#10896=DIRECTION('',(0.,0.,-1.));
#10897=DIRECTION('',(0.,0.458810146784857,0.888534326409092));
#10898=DIRECTION('',(0.,-0.888534326409092,0.458810146784857));
#10899=DIRECTION('',(1.,0.,0.));
#10900=DIRECTION('',(0.,1.,0.));
#10901=DIRECTION('',(0.,-0.997766937321941,0.0667917568805803));
#10902=DIRECTION('',(1.,0.,0.));
#10903=DIRECTION('',(0.,1.,0.));
#10904=DIRECTION('',(0.,-0.875415385856245,-0.483371391588458));
#10905=DIRECTION('',(1.,0.,0.));
#10906=DIRECTION('',(0.,0.,-1.));
#10907=DIRECTION('',(1.,0.,0.));
#10908=DIRECTION('',(0.,1.,0.));
#10909=DIRECTION('',(0.,-0.875415385856245,-0.483371391588458));
#10910=DIRECTION('',(1.,0.,0.));
#10911=DIRECTION('',(0.,1.,0.));
#10912=DIRECTION('',(0.,-0.997766937321941,0.0667917568805803));
#10913=DIRECTION('',(1.,0.,0.));
#10914=DIRECTION('',(0.,0.,-1.));
#10915=DIRECTION('',(-1.,0.,0.));
#10916=DIRECTION('',(-1.,0.,0.));
#10917=DIRECTION('',(0.,0.,0.999999999999999));
#10918=DIRECTION('',(-1.,0.,0.));
#10919=DIRECTION('',(0.,-0.0667917568805803,-0.997766937321941));
#10920=DIRECTION('',(0.,0.997766937321941,-0.0667917568805803));
#10921=DIRECTION('',(-1.,0.,0.));
#10922=DIRECTION('',(-1.,0.,0.));
#10923=DIRECTION('',(0.,0.,1.));
#10924=DIRECTION('',(0.,0.483371391588458,-0.875415385856245));
#10925=DIRECTION('',(0.,0.875415385856245,0.483371391588458));
#10926=DIRECTION('',(0.,0.888534326409092,-0.458810146784857));
#10927=DIRECTION('',(1.,0.,0.));
#10928=DIRECTION('',(0.,0.,-1.));
#10929=DIRECTION('',(0.,0.888534326409092,-0.458810146784857));
#10930=DIRECTION('',(1.,0.,0.));
#10931=DIRECTION('',(0.,0.,-1.));
#10932=DIRECTION('',(0.,0.458810146784857,0.888534326409092));
#10933=DIRECTION('',(0.,-0.888534326409092,0.458810146784857));
#10934=DIRECTION('',(1.,0.,0.));
#10935=DIRECTION('',(0.,1.,0.));
#10936=DIRECTION('',(0.,-0.997766937321941,0.0667917568805803));
#10937=DIRECTION('',(1.,0.,0.));
#10938=DIRECTION('',(0.,1.,0.));
#10939=DIRECTION('',(0.,-0.875415385856245,-0.483371391588458));
#10940=DIRECTION('',(1.,0.,0.));
#10941=DIRECTION('',(0.,0.,-1.));
#10942=DIRECTION('',(1.,0.,0.));
#10943=DIRECTION('',(0.,1.,0.));
#10944=DIRECTION('',(0.,-0.875415385856245,-0.483371391588458));
#10945=DIRECTION('',(1.,0.,0.));
#10946=DIRECTION('',(0.,1.,0.));
#10947=DIRECTION('',(0.,-0.997766937321941,0.0667917568805803));
#10948=DIRECTION('',(1.,0.,0.));
#10949=DIRECTION('',(0.,0.,-1.));
#10950=DIRECTION('',(-1.,0.,0.));
#10951=DIRECTION('',(-1.,0.,0.));
#10952=DIRECTION('',(0.,0.,0.999999999999999));
#10953=DIRECTION('',(-1.,0.,0.));
#10954=DIRECTION('',(0.,-0.0667917568805803,-0.997766937321941));
#10955=DIRECTION('',(0.,0.997766937321941,-0.0667917568805803));
#10956=DIRECTION('',(-1.,0.,0.));
#10957=DIRECTION('',(-1.,0.,0.));
#10958=DIRECTION('',(0.,0.,1.));
#10959=DIRECTION('',(0.,0.483371391588458,-0.875415385856245));
#10960=DIRECTION('',(0.,0.875415385856245,0.483371391588458));
#10961=DIRECTION('',(0.,0.888534326409092,-0.458810146784857));
#10962=DIRECTION('',(1.,0.,0.));
#10963=DIRECTION('',(0.,0.,-1.));
#10964=DIRECTION('',(0.,0.888534326409092,-0.458810146784857));
#10965=DIRECTION('',(1.,0.,0.));
#10966=DIRECTION('',(0.,0.,-1.));
#10967=DIRECTION('',(0.,0.458810146784857,0.888534326409092));
#10968=DIRECTION('',(0.,-0.888534326409092,0.458810146784857));
#10969=DIRECTION('',(1.,0.,0.));
#10970=DIRECTION('',(0.,1.,0.));
#10971=DIRECTION('',(0.,-0.997766937321941,0.0667917568805803));
#10972=DIRECTION('',(1.,0.,0.));
#10973=DIRECTION('',(0.,1.,0.));
#10974=DIRECTION('',(0.,-0.875415385856245,-0.483371391588458));
#10975=DIRECTION('',(1.,0.,0.));
#10976=DIRECTION('',(0.,0.,-1.));
#10977=DIRECTION('',(1.,0.,0.));
#10978=DIRECTION('',(0.,1.,0.));
#10979=DIRECTION('',(0.,-0.875415385856245,-0.483371391588458));
#10980=DIRECTION('',(1.,0.,0.));
#10981=DIRECTION('',(0.,1.,0.));
#10982=DIRECTION('',(0.,-0.997766937321941,0.0667917568805803));
#10983=DIRECTION('',(1.,0.,0.));
#10984=DIRECTION('',(0.,0.,-1.));
#10985=DIRECTION('',(-1.,0.,0.));
#10986=DIRECTION('',(-1.,0.,0.));
#10987=DIRECTION('',(0.,0.,0.999999999999999));
#10988=DIRECTION('',(-1.,0.,0.));
#10989=DIRECTION('',(0.,-0.0667917568805803,-0.997766937321941));
#10990=DIRECTION('',(0.,0.997766937321941,-0.0667917568805803));
#10991=DIRECTION('',(-1.,0.,0.));
#10992=DIRECTION('',(-1.,0.,0.));
#10993=DIRECTION('',(0.,0.,1.));
#10994=DIRECTION('',(0.,0.483371391588458,-0.875415385856245));
#10995=DIRECTION('',(0.,0.875415385856245,0.483371391588458));
#10996=DIRECTION('',(0.,0.888534326409092,-0.458810146784857));
#10997=DIRECTION('',(1.,0.,0.));
#10998=DIRECTION('',(0.,0.,-1.));
#10999=DIRECTION('',(0.,0.888534326409092,-0.458810146784857));
#11000=DIRECTION('',(1.,0.,0.));
#11001=DIRECTION('',(0.,0.,-1.));
#11002=DIRECTION('',(0.,0.458810146784857,0.888534326409092));
#11003=DIRECTION('',(0.,-0.888534326409092,0.458810146784857));
#11004=DIRECTION('',(1.,0.,0.));
#11005=DIRECTION('',(0.,1.,0.));
#11006=DIRECTION('',(0.,-0.997766937321941,0.0667917568805803));
#11007=DIRECTION('',(1.,0.,0.));
#11008=DIRECTION('',(0.,1.,0.));
#11009=DIRECTION('',(0.,-0.875415385856245,-0.483371391588458));
#11010=DIRECTION('',(1.,0.,0.));
#11011=DIRECTION('',(0.,0.,-1.));
#11012=DIRECTION('',(1.,0.,0.));
#11013=DIRECTION('',(0.,1.,0.));
#11014=DIRECTION('',(0.,-0.875415385856245,-0.483371391588458));
#11015=DIRECTION('',(1.,0.,0.));
#11016=DIRECTION('',(0.,1.,0.));
#11017=DIRECTION('',(0.,-0.997766937321941,0.0667917568805803));
#11018=DIRECTION('',(1.,0.,0.));
#11019=DIRECTION('',(0.,0.,-1.));
#11020=DIRECTION('',(-1.,0.,0.));
#11021=DIRECTION('',(-1.,0.,0.));
#11022=DIRECTION('',(0.,0.,0.999999999999999));
#11023=DIRECTION('',(-1.,0.,0.));
#11024=DIRECTION('',(0.,-0.0667917568805803,-0.997766937321941));
#11025=DIRECTION('',(0.,0.997766937321941,-0.0667917568805803));
#11026=DIRECTION('',(-1.,0.,0.));
#11027=DIRECTION('',(-1.,0.,0.));
#11028=DIRECTION('',(0.,0.,1.));
#11029=DIRECTION('',(0.,0.483371391588458,-0.875415385856245));
#11030=DIRECTION('',(0.,0.875415385856245,0.483371391588458));
#11031=DIRECTION('',(0.,0.888534326409092,-0.458810146784857));
#11032=DIRECTION('',(1.,0.,0.));
#11033=DIRECTION('',(0.,0.,-1.));
#11034=DIRECTION('',(0.,0.888534326409092,-0.458810146784857));
#11035=DIRECTION('',(1.,0.,0.));
#11036=DIRECTION('',(0.,0.,-1.));
#11037=DIRECTION('',(0.,0.458810146784857,0.888534326409092));
#11038=DIRECTION('',(0.,-0.888534326409092,0.458810146784857));
#11039=DIRECTION('',(1.,0.,0.));
#11040=DIRECTION('',(0.,1.,0.));
#11041=DIRECTION('',(0.,-0.997766937321941,0.0667917568805803));
#11042=DIRECTION('',(1.,0.,0.));
#11043=DIRECTION('',(0.,1.,0.));
#11044=DIRECTION('',(0.,-0.875415385856245,-0.483371391588458));
#11045=DIRECTION('',(1.,0.,0.));
#11046=DIRECTION('',(0.,0.,-1.));
#11047=DIRECTION('',(1.,0.,0.));
#11048=DIRECTION('',(0.,1.,0.));
#11049=DIRECTION('',(0.,-0.875415385856245,-0.483371391588458));
#11050=DIRECTION('',(1.,0.,0.));
#11051=DIRECTION('',(0.,1.,0.));
#11052=DIRECTION('',(0.,-0.997766937321941,0.0667917568805803));
#11053=DIRECTION('',(1.,0.,0.));
#11054=DIRECTION('',(0.,0.,-1.));
#11055=DIRECTION('',(-1.,0.,0.));
#11056=DIRECTION('',(-1.,0.,0.));
#11057=DIRECTION('',(0.,0.,0.999999999999999));
#11058=DIRECTION('',(-1.,0.,0.));
#11059=DIRECTION('',(0.,-0.0667917568805803,-0.997766937321941));
#11060=DIRECTION('',(0.,0.997766937321941,-0.0667917568805803));
#11061=DIRECTION('',(-1.,0.,0.));
#11062=DIRECTION('',(-1.,0.,0.));
#11063=DIRECTION('',(0.,0.,1.));
#11064=DIRECTION('',(0.,0.483371391588458,-0.875415385856245));
#11065=DIRECTION('',(0.,0.875415385856245,0.483371391588458));
#11066=DIRECTION('',(0.,0.888534326409092,-0.458810146784857));
#11067=DIRECTION('',(1.,0.,0.));
#11068=DIRECTION('',(0.,0.,-1.));
#11069=DIRECTION('',(0.,0.888534326409092,-0.458810146784857));
#11070=DIRECTION('',(1.,0.,0.));
#11071=DIRECTION('',(0.,0.,-1.));
#11072=DIRECTION('',(0.,0.458810146784857,0.888534326409092));
#11073=DIRECTION('',(0.,-0.888534326409092,0.458810146784857));
#11074=DIRECTION('',(1.,0.,0.));
#11075=DIRECTION('',(0.,1.,0.));
#11076=DIRECTION('',(0.,-0.997766937321941,0.0667917568805803));
#11077=DIRECTION('',(1.,0.,0.));
#11078=DIRECTION('',(0.,1.,0.));
#11079=DIRECTION('',(0.,-0.875415385856245,-0.483371391588458));
#11080=DIRECTION('',(1.,0.,0.));
#11081=DIRECTION('',(0.,0.,-1.));
#11082=DIRECTION('',(1.,0.,0.));
#11083=DIRECTION('',(0.,1.,0.));
#11084=DIRECTION('',(0.,-0.875415385856245,-0.483371391588458));
#11085=DIRECTION('',(1.,0.,0.));
#11086=DIRECTION('',(0.,1.,0.));
#11087=DIRECTION('',(0.,-0.997766937321941,0.0667917568805803));
#11088=DIRECTION('',(1.,0.,0.));
#11089=DIRECTION('',(0.,0.,-1.));
#11090=DIRECTION('',(-1.,0.,0.));
#11091=DIRECTION('',(-1.,0.,0.));
#11092=DIRECTION('',(0.,0.,0.999999999999999));
#11093=DIRECTION('',(-1.,0.,0.));
#11094=DIRECTION('',(0.,-0.0667917568805803,-0.997766937321941));
#11095=DIRECTION('',(0.,0.997766937321941,-0.0667917568805803));
#11096=DIRECTION('',(-1.,0.,0.));
#11097=DIRECTION('',(-1.,0.,0.));
#11098=DIRECTION('',(0.,0.,1.));
#11099=DIRECTION('',(0.,0.483371391588458,-0.875415385856245));
#11100=DIRECTION('',(0.,0.875415385856245,0.483371391588458));
#11101=DIRECTION('',(0.,0.888534326409092,-0.458810146784857));
#11102=DIRECTION('',(1.,0.,0.));
#11103=DIRECTION('',(0.,0.,-1.));
#11104=DIRECTION('',(0.,0.888534326409092,-0.458810146784857));
#11105=DIRECTION('',(1.,0.,0.));
#11106=DIRECTION('',(0.,0.,-1.));
#11107=DIRECTION('',(0.,0.458810146784857,0.888534326409092));
#11108=DIRECTION('',(0.,-0.888534326409092,0.458810146784857));
#11109=DIRECTION('',(1.,0.,0.));
#11110=DIRECTION('',(0.,1.,0.));
#11111=DIRECTION('',(0.,-0.997766937321941,0.0667917568805803));
#11112=DIRECTION('',(1.,0.,0.));
#11113=DIRECTION('',(0.,1.,0.));
#11114=DIRECTION('',(0.,-0.875415385856245,-0.483371391588458));
#11115=DIRECTION('',(1.,0.,0.));
#11116=DIRECTION('',(0.,0.,-1.));
#11117=DIRECTION('',(1.,0.,0.));
#11118=DIRECTION('',(0.,1.,0.));
#11119=DIRECTION('',(0.,-0.875415385856245,-0.483371391588458));
#11120=DIRECTION('',(1.,0.,0.));
#11121=DIRECTION('',(0.,1.,0.));
#11122=DIRECTION('',(0.,-0.997766937321941,0.0667917568805803));
#11123=DIRECTION('',(1.,0.,0.));
#11124=DIRECTION('',(0.,0.,-1.));
#11125=DIRECTION('',(-1.,0.,0.));
#11126=DIRECTION('',(-1.,0.,0.));
#11127=DIRECTION('',(0.,0.,0.999999999999999));
#11128=DIRECTION('',(-1.,0.,0.));
#11129=DIRECTION('',(0.,-0.0667917568805803,-0.997766937321941));
#11130=DIRECTION('',(0.,0.997766937321941,-0.0667917568805803));
#11131=DIRECTION('',(-1.,0.,0.));
#11132=DIRECTION('',(-1.,0.,0.));
#11133=DIRECTION('',(0.,0.,1.));
#11134=DIRECTION('',(0.,0.483371391588458,-0.875415385856245));
#11135=DIRECTION('',(0.,0.875415385856245,0.483371391588458));
#11136=DIRECTION('',(0.,0.888534326409092,-0.458810146784857));
#11137=DIRECTION('',(1.,0.,0.));
#11138=DIRECTION('',(0.,0.,-1.));
#11139=DIRECTION('',(0.,0.888534326409092,-0.458810146784857));
#11140=DIRECTION('',(1.,0.,0.));
#11141=DIRECTION('',(0.,0.,-1.));
#11142=DIRECTION('',(0.,0.458810146784857,0.888534326409092));
#11143=DIRECTION('',(0.,-0.888534326409092,0.458810146784857));
#11144=DIRECTION('',(1.,0.,0.));
#11145=DIRECTION('',(0.,1.,0.));
#11146=DIRECTION('',(0.,-0.997766937321941,0.0667917568805803));
#11147=DIRECTION('',(1.,0.,0.));
#11148=DIRECTION('',(0.,1.,0.));
#11149=DIRECTION('',(0.,-0.875415385856245,-0.483371391588458));
#11150=DIRECTION('',(1.,0.,0.));
#11151=DIRECTION('',(0.,0.,-1.));
#11152=DIRECTION('',(1.,0.,0.));
#11153=DIRECTION('',(0.,1.,0.));
#11154=DIRECTION('',(0.,-0.875415385856245,-0.483371391588458));
#11155=DIRECTION('',(1.,0.,0.));
#11156=DIRECTION('',(0.,1.,0.));
#11157=DIRECTION('',(0.,-0.997766937321941,0.0667917568805803));
#11158=DIRECTION('',(1.,0.,0.));
#11159=DIRECTION('',(0.,0.,-1.));
#11160=DIRECTION('',(-1.,0.,0.));
#11161=DIRECTION('',(-1.,0.,0.));
#11162=DIRECTION('',(0.,0.,0.999999999999999));
#11163=DIRECTION('',(-1.,0.,0.));
#11164=DIRECTION('',(0.,-0.0667917568805803,-0.997766937321941));
#11165=DIRECTION('',(0.,0.997766937321941,-0.0667917568805803));
#11166=DIRECTION('',(-1.,0.,0.));
#11167=DIRECTION('',(-1.,0.,0.));
#11168=DIRECTION('',(0.,0.,1.));
#11169=DIRECTION('',(0.,0.483371391588458,-0.875415385856245));
#11170=DIRECTION('',(0.,0.875415385856245,0.483371391588458));
#11171=DIRECTION('',(0.,0.888534326409092,-0.458810146784857));
#11172=DIRECTION('',(1.,0.,0.));
#11173=DIRECTION('',(0.,0.,-1.));
#11174=DIRECTION('',(0.,0.888534326409092,-0.458810146784857));
#11175=DIRECTION('',(1.,0.,0.));
#11176=DIRECTION('',(0.,0.,-1.));
#11177=DIRECTION('',(0.,0.458810146784857,0.888534326409092));
#11178=DIRECTION('',(0.,-0.888534326409092,0.458810146784857));
#11179=DIRECTION('',(1.,0.,0.));
#11180=DIRECTION('',(0.,1.,0.));
#11181=DIRECTION('',(0.,-0.997766937321941,0.0667917568805803));
#11182=DIRECTION('',(1.,0.,0.));
#11183=DIRECTION('',(0.,1.,0.));
#11184=DIRECTION('',(0.,-0.875415385856245,-0.483371391588458));
#11185=DIRECTION('',(1.,0.,0.));
#11186=DIRECTION('',(0.,0.,-1.));
#11187=DIRECTION('',(1.,0.,0.));
#11188=DIRECTION('',(0.,1.,0.));
#11189=DIRECTION('',(0.,-0.875415385856245,-0.483371391588458));
#11190=DIRECTION('',(1.,0.,0.));
#11191=DIRECTION('',(0.,1.,0.));
#11192=DIRECTION('',(0.,-0.997766937321941,0.0667917568805803));
#11193=DIRECTION('',(1.,0.,0.));
#11194=DIRECTION('',(0.,0.,-1.));
#11195=DIRECTION('',(-1.,0.,0.));
#11196=DIRECTION('',(-1.,0.,0.));
#11197=DIRECTION('',(0.,0.,0.999999999999999));
#11198=DIRECTION('',(-1.,0.,0.));
#11199=DIRECTION('',(0.,-0.0667917568805803,-0.997766937321941));
#11200=DIRECTION('',(0.,0.997766937321941,-0.0667917568805803));
#11201=DIRECTION('',(-1.,0.,0.));
#11202=DIRECTION('',(-1.,0.,0.));
#11203=DIRECTION('',(0.,0.,1.));
#11204=DIRECTION('',(0.,0.483371391588458,-0.875415385856245));
#11205=DIRECTION('',(0.,0.875415385856245,0.483371391588458));
#11206=DIRECTION('',(0.,0.888534326409092,-0.458810146784857));
#11207=DIRECTION('',(1.,0.,0.));
#11208=DIRECTION('',(0.,0.,-1.));
#11209=DIRECTION('',(0.,0.888534326409092,-0.458810146784857));
#11210=DIRECTION('',(1.,0.,0.));
#11211=DIRECTION('',(0.,0.,-1.));
#11212=DIRECTION('',(0.,0.458810146784857,0.888534326409092));
#11213=DIRECTION('',(0.,-0.888534326409092,0.458810146784857));
#11214=DIRECTION('',(1.,0.,0.));
#11215=DIRECTION('',(0.,1.,0.));
#11216=DIRECTION('',(0.,-0.997766937321941,0.0667917568805803));
#11217=DIRECTION('',(1.,0.,0.));
#11218=DIRECTION('',(0.,1.,0.));
#11219=DIRECTION('',(0.,-0.875415385856245,-0.483371391588458));
#11220=DIRECTION('',(1.,0.,0.));
#11221=DIRECTION('',(0.,0.,-1.));
#11222=DIRECTION('',(1.,0.,0.));
#11223=DIRECTION('',(0.,1.,0.));
#11224=DIRECTION('',(0.,-0.875415385856245,-0.483371391588458));
#11225=DIRECTION('',(1.,0.,0.));
#11226=DIRECTION('',(0.,1.,0.));
#11227=DIRECTION('',(0.,-0.997766937321941,0.0667917568805803));
#11228=DIRECTION('',(1.,0.,0.));
#11229=DIRECTION('',(0.,0.,-1.));
#11230=DIRECTION('',(-1.,0.,0.));
#11231=DIRECTION('',(-1.,0.,0.));
#11232=DIRECTION('',(0.,0.,0.999999999999999));
#11233=DIRECTION('',(-1.,0.,0.));
#11234=DIRECTION('',(0.,-0.0667917568805803,-0.997766937321941));
#11235=DIRECTION('',(0.,0.997766937321941,-0.0667917568805803));
#11236=DIRECTION('',(-1.,0.,0.));
#11237=DIRECTION('',(-1.,0.,0.));
#11238=DIRECTION('',(0.,0.,1.));
#11239=DIRECTION('',(0.,0.483371391588458,-0.875415385856245));
#11240=DIRECTION('',(0.,0.875415385856245,0.483371391588458));
#11241=DIRECTION('',(0.,0.888534326409092,-0.458810146784857));
#11242=DIRECTION('',(1.,0.,0.));
#11243=DIRECTION('',(0.,0.,-1.));
#11244=DIRECTION('',(0.,0.888534326409092,-0.458810146784857));
#11245=DIRECTION('',(1.,0.,0.));
#11246=DIRECTION('',(0.,0.,-1.));
#11247=DIRECTION('',(0.,0.458810146784857,0.888534326409092));
#11248=DIRECTION('',(0.,-0.888534326409092,0.458810146784857));
#11249=DIRECTION('',(1.,0.,0.));
#11250=DIRECTION('',(0.,1.,0.));
#11251=DIRECTION('',(0.,-0.997766937321941,0.0667917568805803));
#11252=DIRECTION('',(1.,0.,0.));
#11253=DIRECTION('',(0.,1.,0.));
#11254=DIRECTION('',(0.,-0.875415385856245,-0.483371391588458));
#11255=DIRECTION('',(1.,0.,0.));
#11256=DIRECTION('',(0.,0.,-1.));
#11257=DIRECTION('',(1.,0.,0.));
#11258=DIRECTION('',(0.,1.,0.));
#11259=DIRECTION('',(0.,-0.875415385856245,-0.483371391588458));
#11260=DIRECTION('',(1.,0.,0.));
#11261=DIRECTION('',(0.,1.,0.));
#11262=DIRECTION('',(0.,-0.997766937321941,0.0667917568805803));
#11263=DIRECTION('',(1.,0.,0.));
#11264=DIRECTION('',(0.,0.,-1.));
#11265=DIRECTION('',(-1.,0.,0.));
#11266=DIRECTION('',(-1.,0.,0.));
#11267=DIRECTION('',(0.,0.,0.999999999999999));
#11268=DIRECTION('',(-1.,0.,0.));
#11269=DIRECTION('',(0.,-0.0667917568805803,-0.997766937321941));
#11270=DIRECTION('',(0.,0.997766937321941,-0.0667917568805803));
#11271=DIRECTION('',(-1.,0.,0.));
#11272=DIRECTION('',(-1.,0.,0.));
#11273=DIRECTION('',(0.,0.,1.));
#11274=DIRECTION('',(0.,0.483371391588458,-0.875415385856245));
#11275=DIRECTION('',(0.,0.875415385856245,0.483371391588458));
#11276=DIRECTION('',(0.,0.888534326409092,-0.458810146784857));
#11277=DIRECTION('',(1.,0.,0.));
#11278=DIRECTION('',(0.,0.,-1.));
#11279=DIRECTION('',(0.,0.888534326409092,-0.458810146784857));
#11280=DIRECTION('',(1.,0.,0.));
#11281=DIRECTION('',(0.,0.,-1.));
#11282=DIRECTION('',(0.,0.458810146784857,0.888534326409092));
#11283=DIRECTION('',(0.,-0.888534326409092,0.458810146784857));
#11284=DIRECTION('',(1.,0.,0.));
#11285=DIRECTION('',(0.,1.,0.));
#11286=DIRECTION('',(0.,-0.997766937321941,0.0667917568805803));
#11287=DIRECTION('',(1.,0.,0.));
#11288=DIRECTION('',(0.,1.,0.));
#11289=DIRECTION('',(0.,-0.875415385856245,-0.483371391588458));
#11290=DIRECTION('',(1.,0.,0.));
#11291=DIRECTION('',(0.,0.,-1.));
#11292=DIRECTION('',(1.,0.,0.));
#11293=DIRECTION('',(0.,1.,0.));
#11294=DIRECTION('',(0.,-0.875415385856245,-0.483371391588458));
#11295=DIRECTION('',(1.,0.,0.));
#11296=DIRECTION('',(0.,1.,0.));
#11297=DIRECTION('',(0.,-0.997766937321941,0.0667917568805803));
#11298=DIRECTION('',(1.,0.,0.));
#11299=DIRECTION('',(0.,0.,-1.));
#11300=DIRECTION('',(-1.,0.,0.));
#11301=DIRECTION('',(-1.,0.,0.));
#11302=DIRECTION('',(0.,0.,0.999999999999999));
#11303=DIRECTION('',(-1.,0.,0.));
#11304=DIRECTION('',(0.,-0.0667917568805803,-0.997766937321941));
#11305=DIRECTION('',(0.,0.997766937321941,-0.0667917568805803));
#11306=DIRECTION('',(-1.,0.,0.));
#11307=DIRECTION('',(-1.,0.,0.));
#11308=DIRECTION('',(0.,0.,1.));
#11309=DIRECTION('',(0.,0.483371391588458,-0.875415385856245));
#11310=DIRECTION('',(0.,0.875415385856245,0.483371391588458));
#11311=DIRECTION('',(1.,0.,0.));
#11312=DIRECTION('',(0.,1.,0.));
#11313=DIRECTION('',(1.,0.,0.));
#11314=DIRECTION('',(0.,1.,0.));
#11315=DIRECTION('',(-1.,0.,0.));
#11316=DIRECTION('',(-1.,0.,0.));
#11317=DIRECTION('',(0.,0.,0.999999999999999));
#11318=DIRECTION('',(0.,0.,1.));
#11319=DIRECTION('',(0.,-1.,0.));
#11320=DIRECTION('',(0.,-7.88510670898549E-16,-1.));
#11321=DIRECTION('',(1.,0.,0.));
#11322=DIRECTION('',(0.,0.,-1.));
#11323=DIRECTION('',(0.,-7.88510670898549E-16,-1.));
#11324=DIRECTION('',(0.,-1.,0.));
#11325=DIRECTION('',(0.,0.,1.));
#11326=DIRECTION('',(1.,0.,0.));
#11327=DIRECTION('',(0.,0.,-1.));
#11328=DIRECTION('',(-1.,0.,0.));
#11329=DIRECTION('',(0.,-1.,0.));
#11330=DIRECTION('',(0.,0.,-1.));
#11331=DIRECTION('',(-1.,0.,0.));
#11332=DIRECTION('',(0.,0.,-1.));
#11333=DIRECTION('',(-1.,0.,0.));
#11334=DIRECTION('',(0.,1.,-7.88510670898549E-16));
#11335=DIRECTION('',(0.,7.88431819831459E-16,1.));
#11336=DIRECTION('',(1.,0.,0.));
#11337=DIRECTION('',(0.,1.,0.));
#11338=DIRECTION('',(1.,0.,0.));
#11339=DIRECTION('',(0.,1.,0.));
#11340=DIRECTION('',(-1.,0.,0.));
#11341=DIRECTION('',(-1.,0.,0.));
#11342=DIRECTION('',(0.,0.,0.999999999999999));
#11343=DIRECTION('',(0.,0.,1.));
#11344=DIRECTION('',(0.,-1.,0.));
#11345=DIRECTION('',(0.,-7.88510670898549E-16,-1.));
#11346=DIRECTION('',(1.,0.,0.));
#11347=DIRECTION('',(0.,0.,-1.));
#11348=DIRECTION('',(0.,-7.88510670898549E-16,-1.));
#11349=DIRECTION('',(0.,-1.,0.));
#11350=DIRECTION('',(0.,0.,1.));
#11351=DIRECTION('',(1.,0.,0.));
#11352=DIRECTION('',(0.,0.,-1.));
#11353=DIRECTION('',(-1.,0.,0.));
#11354=DIRECTION('',(0.,-1.,0.));
#11355=DIRECTION('',(0.,0.,-1.));
#11356=DIRECTION('',(-1.,0.,0.));
#11357=DIRECTION('',(0.,0.,-1.));
#11358=DIRECTION('',(-1.,0.,0.));
#11359=DIRECTION('',(0.,1.,-7.88510670898549E-16));
#11360=DIRECTION('',(0.,7.88431819831459E-16,1.));
#11361=DIRECTION('',(1.,0.,0.));
#11362=DIRECTION('',(0.,1.,0.));
#11363=DIRECTION('',(1.,0.,0.));
#11364=DIRECTION('',(0.,1.,0.));
#11365=DIRECTION('',(-1.,0.,0.));
#11366=DIRECTION('',(-1.,0.,0.));
#11367=DIRECTION('',(0.,0.,0.999999999999999));
#11368=DIRECTION('',(0.,0.,1.));
#11369=DIRECTION('',(0.,-1.,0.));
#11370=DIRECTION('',(0.,-7.88510670898549E-16,-1.));
#11371=DIRECTION('',(1.,0.,0.));
#11372=DIRECTION('',(0.,0.,-1.));
#11373=DIRECTION('',(0.,-7.88510670898549E-16,-1.));
#11374=DIRECTION('',(0.,-1.,0.));
#11375=DIRECTION('',(0.,0.,1.));
#11376=DIRECTION('',(1.,0.,0.));
#11377=DIRECTION('',(0.,0.,-1.));
#11378=DIRECTION('',(-1.,0.,0.));
#11379=DIRECTION('',(0.,-1.,0.));
#11380=DIRECTION('',(0.,0.,-1.));
#11381=DIRECTION('',(-1.,0.,0.));
#11382=DIRECTION('',(0.,0.,-1.));
#11383=DIRECTION('',(-1.,0.,0.));
#11384=DIRECTION('',(0.,1.,-7.88510670898549E-16));
#11385=DIRECTION('',(0.,7.88431819831459E-16,1.));
#11386=DIRECTION('',(1.,0.,0.));
#11387=DIRECTION('',(0.,1.,0.));
#11388=DIRECTION('',(1.,0.,0.));
#11389=DIRECTION('',(0.,1.,0.));
#11390=DIRECTION('',(-1.,0.,0.));
#11391=DIRECTION('',(-1.,0.,0.));
#11392=DIRECTION('',(0.,0.,0.999999999999999));
#11393=DIRECTION('',(0.,0.,1.));
#11394=DIRECTION('',(0.,-1.,0.));
#11395=DIRECTION('',(0.,-7.88510670898549E-16,-1.));
#11396=DIRECTION('',(1.,0.,0.));
#11397=DIRECTION('',(0.,0.,-1.));
#11398=DIRECTION('',(0.,-7.88510670898549E-16,-1.));
#11399=DIRECTION('',(0.,-1.,0.));
#11400=DIRECTION('',(0.,0.,1.));
#11401=DIRECTION('',(1.,0.,0.));
#11402=DIRECTION('',(0.,0.,-1.));
#11403=DIRECTION('',(-1.,0.,0.));
#11404=DIRECTION('',(0.,-1.,0.));
#11405=DIRECTION('',(0.,0.,-1.));
#11406=DIRECTION('',(-1.,0.,0.));
#11407=DIRECTION('',(0.,0.,-1.));
#11408=DIRECTION('',(-1.,0.,0.));
#11409=DIRECTION('',(0.,1.,-7.88510670898549E-16));
#11410=DIRECTION('',(0.,7.88431819831459E-16,1.));
#11411=DIRECTION('',(1.,0.,0.));
#11412=DIRECTION('',(0.,1.,0.));
#11413=DIRECTION('',(1.,0.,0.));
#11414=DIRECTION('',(0.,1.,0.));
#11415=DIRECTION('',(-1.,0.,0.));
#11416=DIRECTION('',(-1.,0.,0.));
#11417=DIRECTION('',(0.,0.,0.999999999999999));
#11418=DIRECTION('',(0.,0.,1.));
#11419=DIRECTION('',(0.,-1.,0.));
#11420=DIRECTION('',(0.,-7.88510670898549E-16,-1.));
#11421=DIRECTION('',(1.,0.,0.));
#11422=DIRECTION('',(0.,0.,-1.));
#11423=DIRECTION('',(0.,-7.88510670898549E-16,-1.));
#11424=DIRECTION('',(0.,-1.,0.));
#11425=DIRECTION('',(0.,0.,1.));
#11426=DIRECTION('',(1.,0.,0.));
#11427=DIRECTION('',(0.,0.,-1.));
#11428=DIRECTION('',(-1.,0.,0.));
#11429=DIRECTION('',(0.,-1.,0.));
#11430=DIRECTION('',(0.,0.,-1.));
#11431=DIRECTION('',(-1.,0.,0.));
#11432=DIRECTION('',(0.,0.,-1.));
#11433=DIRECTION('',(-1.,0.,0.));
#11434=DIRECTION('',(0.,1.,-7.88510670898549E-16));
#11435=DIRECTION('',(0.,7.88431819831459E-16,1.));
#11436=DIRECTION('',(1.,0.,0.));
#11437=DIRECTION('',(0.,1.,0.));
#11438=DIRECTION('',(1.,0.,0.));
#11439=DIRECTION('',(0.,1.,0.));
#11440=DIRECTION('',(-1.,0.,0.));
#11441=DIRECTION('',(-1.,0.,0.));
#11442=DIRECTION('',(0.,0.,0.999999999999999));
#11443=DIRECTION('',(0.,0.,1.));
#11444=DIRECTION('',(0.,-1.,0.));
#11445=DIRECTION('',(0.,-7.88510670898549E-16,-1.));
#11446=DIRECTION('',(1.,0.,0.));
#11447=DIRECTION('',(0.,0.,-1.));
#11448=DIRECTION('',(0.,-7.88510670898549E-16,-1.));
#11449=DIRECTION('',(0.,-1.,0.));
#11450=DIRECTION('',(0.,0.,1.));
#11451=DIRECTION('',(1.,0.,0.));
#11452=DIRECTION('',(0.,0.,-1.));
#11453=DIRECTION('',(-1.,0.,0.));
#11454=DIRECTION('',(0.,-1.,0.));
#11455=DIRECTION('',(0.,0.,-1.));
#11456=DIRECTION('',(-1.,0.,0.));
#11457=DIRECTION('',(0.,0.,-1.));
#11458=DIRECTION('',(-1.,0.,0.));
#11459=DIRECTION('',(0.,1.,-7.88510670898549E-16));
#11460=DIRECTION('',(0.,7.88431819831459E-16,1.));
#11461=DIRECTION('',(1.,0.,0.));
#11462=DIRECTION('',(0.,1.,0.));
#11463=DIRECTION('',(1.,0.,0.));
#11464=DIRECTION('',(0.,1.,0.));
#11465=DIRECTION('',(-1.,0.,0.));
#11466=DIRECTION('',(-1.,0.,0.));
#11467=DIRECTION('',(0.,0.,0.999999999999999));
#11468=DIRECTION('',(0.,0.,1.));
#11469=DIRECTION('',(0.,-1.,0.));
#11470=DIRECTION('',(0.,-7.88510670898549E-16,-1.));
#11471=DIRECTION('',(1.,0.,0.));
#11472=DIRECTION('',(0.,0.,-1.));
#11473=DIRECTION('',(0.,-7.88510670898549E-16,-1.));
#11474=DIRECTION('',(0.,-1.,0.));
#11475=DIRECTION('',(0.,0.,1.));
#11476=DIRECTION('',(1.,0.,0.));
#11477=DIRECTION('',(0.,0.,-1.));
#11478=DIRECTION('',(-1.,0.,0.));
#11479=DIRECTION('',(0.,-1.,0.));
#11480=DIRECTION('',(0.,0.,-1.));
#11481=DIRECTION('',(-1.,0.,0.));
#11482=DIRECTION('',(0.,0.,-1.));
#11483=DIRECTION('',(-1.,0.,0.));
#11484=DIRECTION('',(0.,1.,-7.88510670898549E-16));
#11485=DIRECTION('',(0.,7.88431819831459E-16,1.));
#11486=DIRECTION('',(1.,0.,0.));
#11487=DIRECTION('',(0.,0.999999999999999,-1.0842021724855E-16));
#11488=DIRECTION('',(1.,0.,0.));
#11489=DIRECTION('',(1.,0.,0.));
#11490=DIRECTION('',(0.,0.999999999999999,-1.0842021724855E-16));
#11491=DIRECTION('',(1.,0.,0.));
#11492=DIRECTION('',(0.,0.,-1.));
#11493=DIRECTION('',(0.,0.,-1.));
#11494=DIRECTION('',(0.,0.,-1.));
#11495=DIRECTION('',(1.,0.,0.));
#11496=DIRECTION('',(0.,-1.,0.));
#11497=DIRECTION('',(0.,0.,-1.));
#11498=DIRECTION('',(0.,1.,0.));
#11499=DIRECTION('',(0.,1.,0.));
#11500=DIRECTION('',(1.,0.,0.));
#11501=DIRECTION('',(0.,0.,-1.));
#11502=DIRECTION('',(-1.,0.,0.));
#11503=DIRECTION('',(0.,0.,1.));
#11504=DIRECTION('',(0.,0.,1.));
#11505=DIRECTION('',(0.,1.,0.));
#11506=DIRECTION('',(0.,0.,1.));
#11507=DIRECTION('',(1.,0.,0.));
#11508=DIRECTION('',(0.,0.,-1.));
#11509=DIRECTION('',(1.,0.,0.));
#11510=DIRECTION('',(0.,0.,-1.));
#11511=DIRECTION('',(1.,0.,0.));
#11512=DIRECTION('',(0.,0.999999999999999,-1.0842021724855E-16));
#11513=DIRECTION('',(1.,0.,0.));
#11514=DIRECTION('',(1.,0.,0.));
#11515=DIRECTION('',(0.,0.999999999999999,-1.0842021724855E-16));
#11516=DIRECTION('',(1.,0.,0.));
#11517=DIRECTION('',(0.,0.,-1.));
#11518=DIRECTION('',(0.,0.,-1.));
#11519=DIRECTION('',(0.,0.,-1.));
#11520=DIRECTION('',(1.,0.,0.));
#11521=DIRECTION('',(0.,-1.,0.));
#11522=DIRECTION('',(0.,0.,-1.));
#11523=DIRECTION('',(0.,1.,0.));
#11524=DIRECTION('',(0.,1.,0.));
#11525=DIRECTION('',(1.,0.,0.));
#11526=DIRECTION('',(0.,0.,-1.));
#11527=DIRECTION('',(-1.,0.,0.));
#11528=DIRECTION('',(0.,0.,1.));
#11529=DIRECTION('',(0.,0.,1.));
#11530=DIRECTION('',(0.,1.,0.));
#11531=DIRECTION('',(0.,0.,1.));
#11532=DIRECTION('',(1.,0.,0.));
#11533=DIRECTION('',(0.,0.,-1.));
#11534=DIRECTION('',(1.,0.,0.));
#11535=DIRECTION('',(0.,0.,-1.));
#11536=DIRECTION('',(1.,0.,0.));
#11537=DIRECTION('',(0.,0.999999999999999,-1.0842021724855E-16));
#11538=DIRECTION('',(1.,0.,0.));
#11539=DIRECTION('',(1.,0.,0.));
#11540=DIRECTION('',(0.,0.999999999999999,-1.0842021724855E-16));
#11541=DIRECTION('',(1.,0.,0.));
#11542=DIRECTION('',(0.,0.,-1.));
#11543=DIRECTION('',(0.,0.,-1.));
#11544=DIRECTION('',(0.,0.,-1.));
#11545=DIRECTION('',(1.,0.,0.));
#11546=DIRECTION('',(0.,-1.,0.));
#11547=DIRECTION('',(0.,0.,-1.));
#11548=DIRECTION('',(0.,1.,0.));
#11549=DIRECTION('',(0.,1.,0.));
#11550=DIRECTION('',(1.,0.,0.));
#11551=DIRECTION('',(0.,0.,-1.));
#11552=DIRECTION('',(-1.,0.,0.));
#11553=DIRECTION('',(0.,0.,1.));
#11554=DIRECTION('',(0.,0.,1.));
#11555=DIRECTION('',(0.,1.,0.));
#11556=DIRECTION('',(0.,0.,1.));
#11557=DIRECTION('',(1.,0.,0.));
#11558=DIRECTION('',(0.,0.,-1.));
#11559=DIRECTION('',(1.,0.,0.));
#11560=DIRECTION('',(0.,0.,-1.));
#11561=DIRECTION('',(1.,0.,0.));
#11562=DIRECTION('',(0.,0.999999999999999,-1.0842021724855E-16));
#11563=DIRECTION('',(1.,0.,0.));
#11564=DIRECTION('',(1.,0.,0.));
#11565=DIRECTION('',(0.,0.999999999999999,-1.0842021724855E-16));
#11566=DIRECTION('',(1.,0.,0.));
#11567=DIRECTION('',(0.,0.,-1.));
#11568=DIRECTION('',(0.,0.,-1.));
#11569=DIRECTION('',(0.,0.,-1.));
#11570=DIRECTION('',(1.,0.,0.));
#11571=DIRECTION('',(0.,-1.,0.));
#11572=DIRECTION('',(0.,0.,-1.));
#11573=DIRECTION('',(0.,1.,0.));
#11574=DIRECTION('',(0.,1.,0.));
#11575=DIRECTION('',(1.,0.,0.));
#11576=DIRECTION('',(0.,0.,-1.));
#11577=DIRECTION('',(-1.,0.,0.));
#11578=DIRECTION('',(0.,0.,1.));
#11579=DIRECTION('',(0.,0.,1.));
#11580=DIRECTION('',(0.,1.,0.));
#11581=DIRECTION('',(0.,0.,1.));
#11582=DIRECTION('',(1.,0.,0.));
#11583=DIRECTION('',(0.,0.,-1.));
#11584=DIRECTION('',(1.,0.,0.));
#11585=DIRECTION('',(0.,0.,-1.));
#11586=DIRECTION('',(1.,0.,0.));
#11587=DIRECTION('',(0.,0.999999999999999,-1.0842021724855E-16));
#11588=DIRECTION('',(1.,0.,0.));
#11589=DIRECTION('',(1.,0.,0.));
#11590=DIRECTION('',(0.,0.999999999999999,-1.0842021724855E-16));
#11591=DIRECTION('',(1.,0.,0.));
#11592=DIRECTION('',(0.,0.,-1.));
#11593=DIRECTION('',(0.,0.,-1.));
#11594=DIRECTION('',(0.,0.,-1.));
#11595=DIRECTION('',(1.,0.,0.));
#11596=DIRECTION('',(0.,-1.,0.));
#11597=DIRECTION('',(0.,0.,-1.));
#11598=DIRECTION('',(0.,1.,0.));
#11599=DIRECTION('',(0.,1.,0.));
#11600=DIRECTION('',(1.,0.,0.));
#11601=DIRECTION('',(0.,0.,-1.));
#11602=DIRECTION('',(-1.,0.,0.));
#11603=DIRECTION('',(0.,0.,1.));
#11604=DIRECTION('',(0.,0.,1.));
#11605=DIRECTION('',(0.,1.,0.));
#11606=DIRECTION('',(0.,0.,1.));
#11607=DIRECTION('',(1.,0.,0.));
#11608=DIRECTION('',(0.,0.,-1.));
#11609=DIRECTION('',(1.,0.,0.));
#11610=DIRECTION('',(0.,0.,-1.));
#11611=DIRECTION('',(1.,0.,0.));
#11612=DIRECTION('',(0.,0.999999999999999,-1.0842021724855E-16));
#11613=DIRECTION('',(1.,0.,0.));
#11614=DIRECTION('',(1.,0.,0.));
#11615=DIRECTION('',(0.,0.999999999999999,-1.0842021724855E-16));
#11616=DIRECTION('',(1.,0.,0.));
#11617=DIRECTION('',(0.,0.,-1.));
#11618=DIRECTION('',(0.,0.,-1.));
#11619=DIRECTION('',(0.,0.,-1.));
#11620=DIRECTION('',(1.,0.,0.));
#11621=DIRECTION('',(0.,-1.,0.));
#11622=DIRECTION('',(0.,0.,-1.));
#11623=DIRECTION('',(0.,1.,0.));
#11624=DIRECTION('',(0.,1.,0.));
#11625=DIRECTION('',(1.,0.,0.));
#11626=DIRECTION('',(0.,0.,-1.));
#11627=DIRECTION('',(-1.,0.,0.));
#11628=DIRECTION('',(0.,0.,1.));
#11629=DIRECTION('',(0.,0.,1.));
#11630=DIRECTION('',(0.,1.,0.));
#11631=DIRECTION('',(0.,0.,1.));
#11632=DIRECTION('',(1.,0.,0.));
#11633=DIRECTION('',(0.,0.,-1.));
#11634=DIRECTION('',(1.,0.,0.));
#11635=DIRECTION('',(0.,0.,-1.));
#11636=DIRECTION('',(1.,0.,0.));
#11637=DIRECTION('',(0.,0.999999999999999,-1.0842021724855E-16));
#11638=DIRECTION('',(1.,0.,0.));
#11639=DIRECTION('',(1.,0.,0.));
#11640=DIRECTION('',(0.,0.999999999999999,-1.0842021724855E-16));
#11641=DIRECTION('',(1.,0.,0.));
#11642=DIRECTION('',(0.,0.,-1.));
#11643=DIRECTION('',(0.,0.,-1.));
#11644=DIRECTION('',(0.,0.,-1.));
#11645=DIRECTION('',(1.,0.,0.));
#11646=DIRECTION('',(0.,-1.,0.));
#11647=DIRECTION('',(0.,0.,-1.));
#11648=DIRECTION('',(0.,1.,0.));
#11649=DIRECTION('',(0.,1.,0.));
#11650=DIRECTION('',(1.,0.,0.));
#11651=DIRECTION('',(0.,0.,-1.));
#11652=DIRECTION('',(-1.,0.,0.));
#11653=DIRECTION('',(0.,0.,1.));
#11654=DIRECTION('',(0.,0.,1.));
#11655=DIRECTION('',(0.,1.,0.));
#11656=DIRECTION('',(0.,0.,1.));
#11657=DIRECTION('',(1.,0.,0.));
#11658=DIRECTION('',(0.,0.,-1.));
#11659=DIRECTION('',(1.,0.,0.));
#11660=DIRECTION('',(0.,0.,-1.));
#11661=DIRECTION('',(-1.,0.,0.));
#11662=DIRECTION('',(0.,1.,0.));
#11663=DIRECTION('',(-1.,0.,0.));
#11664=DIRECTION('',(-1.,0.,0.));
#11665=DIRECTION('',(0.,1.,0.));
#11666=DIRECTION('',(1.,0.,0.));
#11667=DIRECTION('',(0.,0.,-1.));
#11668=DIRECTION('',(0.,0.,1.));
#11669=DIRECTION('',(0.,1.,0.));
#11670=DIRECTION('',(0.,-4.6704093583991E-15,-1.));
#11671=DIRECTION('',(1.,0.,0.));
#11672=DIRECTION('',(0.,0.,-1.));
#11673=DIRECTION('',(0.,-4.6704093583991E-15,-1.));
#11674=DIRECTION('',(0.,1.,0.));
#11675=DIRECTION('',(0.,0.,1.));
#11676=DIRECTION('',(1.,0.,0.));
#11677=DIRECTION('',(0.,0.,-1.));
#11678=DIRECTION('',(-1.,0.,0.));
#11679=DIRECTION('',(0.,1.,-4.6704093583991E-15));
#11680=DIRECTION('',(0.,4.67030927819856E-15,1.));
#11681=DIRECTION('',(-1.,0.,0.));
#11682=DIRECTION('',(0.,0.,1.));
#11683=DIRECTION('',(1.,0.,0.));
#11684=DIRECTION('',(0.,-1.,0.));
#11685=DIRECTION('',(0.,0.,-1.));
#11686=DIRECTION('',(-1.,0.,0.));
#11687=DIRECTION('',(0.,0.999999999999999,-1.0842021724855E-16));
#11688=DIRECTION('',(-1.,0.,0.));
#11689=DIRECTION('',(-1.,0.,0.));
#11690=DIRECTION('',(0.,0.999999999999999,-1.0842021724855E-16));
#11691=DIRECTION('',(1.,0.,0.));
#11692=DIRECTION('',(0.,0.,-1.));
#11693=DIRECTION('',(0.,5.33761069531325E-15,-1.));
#11694=DIRECTION('',(0.,-1.,0.));
#11695=DIRECTION('',(0.,-7.88510670898548E-16,1.));
#11696=DIRECTION('',(1.,0.,0.));
#11697=DIRECTION('',(0.,0.,-1.));
#11698=DIRECTION('',(0.,-7.88510670898548E-16,1.));
#11699=DIRECTION('',(0.,-1.,0.));
#11700=DIRECTION('',(0.,5.33761069531325E-15,-1.));
#11701=DIRECTION('',(1.,0.,0.));
#11702=DIRECTION('',(0.,0.,-1.));
#11703=DIRECTION('',(-1.,0.,0.));
#11704=DIRECTION('',(0.,-1.,-7.88510670898548E-16));
#11705=DIRECTION('',(0.,7.88431819831459E-16,-1.));
#11706=DIRECTION('',(-1.,0.,0.));
#11707=DIRECTION('',(0.,0.,-1.));
#11708=DIRECTION('',(-1.,0.,0.));
#11709=DIRECTION('',(0.,1.,5.33761069531325E-15));
#11710=DIRECTION('',(0.,-5.33774413558064E-15,1.));
#11711=DIRECTION('',(-1.,0.,0.));
#11712=DIRECTION('',(0.,1.,0.));
#11713=DIRECTION('',(-1.,0.,0.));
#11714=DIRECTION('',(0.,1.,0.));
#11715=DIRECTION('',(1.,0.,0.));
#11716=DIRECTION('',(-1.,0.,0.));
#11717=DIRECTION('',(0.,0.,0.999999999999999));
#11718=DIRECTION('',(0.,-4.6704093583991E-15,-1.));
#11719=DIRECTION('',(0.,1.,0.));
#11720=DIRECTION('',(0.,0.,1.));
#11721=DIRECTION('',(1.,0.,0.));
#11722=DIRECTION('',(0.,0.,-1.));
#11723=DIRECTION('',(0.,0.,1.));
#11724=DIRECTION('',(0.,1.,0.));
#11725=DIRECTION('',(0.,-4.6704093583991E-15,-1.));
#11726=DIRECTION('',(1.,0.,0.));
#11727=DIRECTION('',(0.,0.,-1.));
#11728=DIRECTION('',(1.,0.,0.));
#11729=DIRECTION('',(0.,-1.,4.6704093583991E-15));
#11730=DIRECTION('',(0.,-4.67030927819856E-15,-1.));
#11731=DIRECTION('',(1.,0.,0.));
#11732=DIRECTION('',(0.,0.,-1.));
#11733=DIRECTION('',(-1.,0.,0.));
#11734=DIRECTION('',(0.,1.,0.));
#11735=DIRECTION('',(0.,0.,1.));
#11736=DIRECTION('',(-1.,0.,0.));
#11737=DIRECTION('',(0.,0.999999999999999,-1.0842021724855E-16));
#11738=DIRECTION('',(-1.,0.,0.));
#11739=DIRECTION('',(0.,0.999999999999999,-1.0842021724855E-16));
#11740=DIRECTION('',(1.,0.,0.));
#11741=DIRECTION('',(-1.,0.,0.));
#11742=DIRECTION('',(0.,0.,1.));
#11743=DIRECTION('',(0.,-7.88510670898548E-16,1.));
#11744=DIRECTION('',(0.,-1.,0.));
#11745=DIRECTION('',(0.,5.33761069531325E-15,-1.));
#11746=DIRECTION('',(1.,0.,0.));
#11747=DIRECTION('',(0.,0.,-1.));
#11748=DIRECTION('',(0.,5.33761069531325E-15,-1.));
#11749=DIRECTION('',(0.,-1.,0.));
#11750=DIRECTION('',(0.,-7.88510670898548E-16,1.));
#11751=DIRECTION('',(1.,0.,0.));
#11752=DIRECTION('',(0.,0.,-1.));
#11753=DIRECTION('',(1.,0.,0.));
#11754=DIRECTION('',(0.,1.,7.88510670898548E-16));
#11755=DIRECTION('',(0.,-7.88431819831459E-16,1.));
#11756=DIRECTION('',(1.,0.,0.));
#11757=DIRECTION('',(0.,0.,1.));
#11758=DIRECTION('',(1.,0.,0.));
#11759=DIRECTION('',(0.,-1.,-5.33761069531325E-15));
#11760=DIRECTION('',(0.,5.33774413558064E-15,-1.));
#11761=CARTESIAN_POINT('',(0.,0.,0.));
#11762=CARTESIAN_POINT('',(-5.55000000000001,0.,4.33680868994202E-15));
#11763=CARTESIAN_POINT('',(-5.55000000000001,0.,1.85));
#11764=CARTESIAN_POINT('',(-5.55000000000001,0.,2.3));
#11765=CARTESIAN_POINT('',(4.24,0.,1.85000000000001));
#11766=CARTESIAN_POINT('',(-4.1,0.,1.85000000000001));
#11767=CARTESIAN_POINT('',(-4.1,1.99109211467913E-15,1.72000000000001));
#11768=CARTESIAN_POINT('',(-4.1,1.99109211467913E-15,1.72000000000001));
#11769=CARTESIAN_POINT('',(4.1,-1.99109211467913E-15,1.72000000000001));
#11770=CARTESIAN_POINT('',(4.1,3.30520642483452E-15,1.72000000000001));
#11771=CARTESIAN_POINT('',(4.1,-1.95156391047391E-15,1.72000000000001));
#11772=CARTESIAN_POINT('',(4.1,0.,1.85000000000001));
#11773=CARTESIAN_POINT('',(4.24,0.,1.85000000000001));
#11774=CARTESIAN_POINT('',(5.55,0.,1.85));
#11775=CARTESIAN_POINT('',(5.55,0.,4.33680868994202E-15));
#11776=CARTESIAN_POINT('',(5.55,0.,2.3));
#11777=CARTESIAN_POINT('',(6.45,0.,2.3));
#11778=CARTESIAN_POINT('',(-4.24,0.,1.85000000000001));
#11779=CARTESIAN_POINT('',(-4.24,0.,1.19));
#11780=CARTESIAN_POINT('',(-4.24,-1.06715575682562E-15,1.09));
#11781=CARTESIAN_POINT('',(-5.155,0.,1.19));
#11782=CARTESIAN_POINT('',(-5.155,0.,1.19));
#11783=CARTESIAN_POINT('',(-5.155,0.,0.989999999999994));
#11784=CARTESIAN_POINT('',(-5.155,0.,0.989999999999994));
#11785=CARTESIAN_POINT('',(-5.45,0.,0.990000000000001));
#11786=CARTESIAN_POINT('',(-5.45,0.,0.990000000000001));
#11787=CARTESIAN_POINT('',(-5.45,0.,0.449999999999996));
#11788=CARTESIAN_POINT('',(-5.45,0.,0.449999999999996));
#11789=CARTESIAN_POINT('',(-5.955,0.,0.45));
#11790=CARTESIAN_POINT('',(-5.55000000000001,0.,0.449999999999997));
#11791=CARTESIAN_POINT('',(-5.55000000000001,0.,4.33680868994202E-15));
#11792=CARTESIAN_POINT('',(-5.55000000000001,0.,0.08));
#11793=CARTESIAN_POINT('',(-5.55000000000001,0.,0.08));
#11794=CARTESIAN_POINT('',(-4.47,4.44089209850063E-16,0.08));
#11795=CARTESIAN_POINT('',(-4.47,4.44089209850063E-16,0.08));
#11796=CARTESIAN_POINT('',(-4.47,4.44089209850063E-16,0.));
#11797=CARTESIAN_POINT('',(-6.85,-2.38524477946811E-15,4.25855197355938E-15));
#11798=CARTESIAN_POINT('',(-6.85,-2.38524477946811E-15,4.33680868994202E-15));
#11799=CARTESIAN_POINT('',(-6.85,-2.38524477946811E-15,2.3));
#11800=CARTESIAN_POINT('',(-6.85,-2.38524477946811E-15,2.3));
#11801=CARTESIAN_POINT('',(-3.75,-1.0842021724855E-15,3.));
#11802=CARTESIAN_POINT('',(-3.75,-1.0842021724855E-15,3.));
#11803=CARTESIAN_POINT('',(3.75,6.50521303491303E-16,3.00000000000001));
#11804=CARTESIAN_POINT('',(3.75,6.50521303491303E-16,3.00000000000001));
#11805=CARTESIAN_POINT('',(6.85,2.05998412772246E-15,2.30000000000001));
#11806=CARTESIAN_POINT('',(6.85,2.05998412772246E-15,2.30000000000001));
#11807=CARTESIAN_POINT('',(6.85,2.05998412772246E-15,4.44089209850063E-15));
#11808=CARTESIAN_POINT('',(6.85,2.05998412772246E-15,4.25855197355938E-15));
#11809=CARTESIAN_POINT('',(4.325,6.50521303491303E-16,3.48549368159761E-15));
#11810=CARTESIAN_POINT('',(4.47,4.33680868994202E-16,0.));
#11811=CARTESIAN_POINT('',(4.47,4.33680868994202E-16,0.08));
#11812=CARTESIAN_POINT('',(4.47,4.33680868994202E-16,0.08));
#11813=CARTESIAN_POINT('',(4.47,4.44089209850063E-16,0.08));
#11814=CARTESIAN_POINT('',(5.55000000000001,7.99360577730113E-15,0.08));
#11815=CARTESIAN_POINT('',(5.55,0.,4.33680868994202E-15));
#11816=CARTESIAN_POINT('',(5.55,0.,0.45));
#11817=CARTESIAN_POINT('',(5.45,0.,0.45));
#11818=CARTESIAN_POINT('',(5.45,0.,0.45));
#11819=CARTESIAN_POINT('',(5.45,0.,0.990000000000001));
#11820=CARTESIAN_POINT('',(5.45,0.,0.990000000000001));
#11821=CARTESIAN_POINT('',(5.155,0.,0.990000000000001));
#11822=CARTESIAN_POINT('',(5.155,0.,0.990000000000001));
#11823=CARTESIAN_POINT('',(5.155,0.,1.85));
#11824=CARTESIAN_POINT('',(5.155,0.,1.19));
#11825=CARTESIAN_POINT('',(4.24,0.,1.19));
#11826=CARTESIAN_POINT('',(4.24,0.,1.19));
#11827=CARTESIAN_POINT('',(4.24,0.,1.85000000000001));
#11828=CARTESIAN_POINT('',(4.24,5.00247575866593E-17,1.09000000000001));
#11829=CARTESIAN_POINT('',(-4.325,-1.0842021724855E-15,1.09));
#11830=CARTESIAN_POINT('',(4.15,2.22044604925031E-15,1.09));
#11831=CARTESIAN_POINT('',(4.15,1.99840144432528E-15,1.67));
#11832=CARTESIAN_POINT('',(4.15,2.15919236513306E-15,1.25000000000001));
#11833=CARTESIAN_POINT('',(-5.64,-2.12547247508601E-15,1.25000000000001));
#11834=CARTESIAN_POINT('',(5.25,-1.11022302462516E-15,1.25000000000001));
#11835=CARTESIAN_POINT('',(5.25,-1.11022302462516E-15,1.05));
#11836=CARTESIAN_POINT('',(5.25,3.89776048346026E-15,1.05));
#11837=CARTESIAN_POINT('',(5.25,-1.11022302462516E-15,1.05));
#11838=CARTESIAN_POINT('',(5.55,8.88178419700125E-16,1.05));
#11839=CARTESIAN_POINT('',(5.55,8.88178419700125E-16,1.80000000000001));
#11840=CARTESIAN_POINT('',(5.55,4.05233980310176E-15,0.480000000000006));
#11841=CARTESIAN_POINT('',(5.95,8.88178419700125E-16,0.480000000000006));
#11842=CARTESIAN_POINT('',(5.95,4.25844556262375E-15,0.480000000000006));
#11843=CARTESIAN_POINT('',(5.95,8.88178419700125E-16,1.80000000000001));
#11844=CARTESIAN_POINT('',(5.95,4.25844556262375E-15,1.80000000000001));
#11845=CARTESIAN_POINT('',(5.95,8.88178419700125E-16,1.80000000000001));
#11846=CARTESIAN_POINT('',(5.55,8.88178419700125E-16,1.80000000000001));
#11847=CARTESIAN_POINT('',(5.55,8.88178419700125E-16,1.80000000000001));
#11848=CARTESIAN_POINT('',(5.55,8.88178419700125E-16,1.78000000000001));
#11849=CARTESIAN_POINT('',(5.25,-1.11022302462516E-15,1.78000000000001));
#11850=CARTESIAN_POINT('',(4.15,-1.99105676715214E-15,1.78000000000001));
#11851=CARTESIAN_POINT('',(4.15,-2.12547247508601E-15,1.25000000000001));
#11852=CARTESIAN_POINT('',(4.15,1.99840144432528E-15,1.67));
#11853=CARTESIAN_POINT('',(4.15,1.99840144432528E-15,1.67));
#11854=CARTESIAN_POINT('',(-4.15,-2.018954366912E-15,1.67));
#11855=CARTESIAN_POINT('',(-4.15,-2.12547247508601E-15,1.25000000000001));
#11856=CARTESIAN_POINT('',(-4.15,-1.99105676715214E-15,1.78000000000001));
#11857=CARTESIAN_POINT('',(-5.25,-1.11022302462516E-15,1.78000000000001));
#11858=CARTESIAN_POINT('',(-5.55,8.88178419700125E-16,1.78000000000001));
#11859=CARTESIAN_POINT('',(-5.55,8.88178419700125E-16,1.80000000000001));
#11860=CARTESIAN_POINT('',(-5.55,-1.66709502363365E-15,1.80000000000001));
#11861=CARTESIAN_POINT('',(-5.95,8.88178419700125E-16,1.80000000000001));
#11862=CARTESIAN_POINT('',(-5.95,8.88178419700125E-16,1.80000000000001));
#11863=CARTESIAN_POINT('',(-5.95,8.88178419700125E-16,1.80000000000001));
#11864=CARTESIAN_POINT('',(-5.95,8.88178419700125E-16,0.480000000000006));
#11865=CARTESIAN_POINT('',(-5.95,8.88178419700125E-16,0.480000000000006));
#11866=CARTESIAN_POINT('',(-5.55,8.88178419700125E-16,0.480000000000006));
#11867=CARTESIAN_POINT('',(-5.55,8.88178419700125E-16,1.80000000000001));
#11868=CARTESIAN_POINT('',(-5.55,8.88178419700125E-16,1.05));
#11869=CARTESIAN_POINT('',(-5.25,-1.11022302462516E-15,1.05));
#11870=CARTESIAN_POINT('',(-5.25,-1.51251570399215E-15,1.05));
#11871=CARTESIAN_POINT('',(-5.25,-1.11022302462516E-15,1.05));
#11872=CARTESIAN_POINT('',(-5.25,-1.11022302462516E-15,1.25000000000001));
#11873=CARTESIAN_POINT('',(5.64,-2.12547247508601E-15,1.25000000000001));
#11874=CARTESIAN_POINT('',(-4.15,-2.12547247508601E-15,1.25000000000001));
#11875=CARTESIAN_POINT('',(-4.15,1.99840144432528E-15,1.67));
#11876=CARTESIAN_POINT('',(-4.15,2.22044604925031E-15,1.09));
#11877=CARTESIAN_POINT('',(-4.325,-1.0842021724855E-15,1.09));
#11878=CARTESIAN_POINT('',(3.60685079163494E-16,1.19262238973405E-15,0.));
#11879=CARTESIAN_POINT('',(-3.65,0.35,1.67000000000001));
#11880=CARTESIAN_POINT('',(-3.65,0.35,1.67000000000001));
#11881=CARTESIAN_POINT('',(-3.65,1.7,1.67000000000001));
#11882=CARTESIAN_POINT('',(-3.65,0.35,1.67000000000001));
#11883=CARTESIAN_POINT('',(-3.85,0.35,1.67000000000001));
#11884=CARTESIAN_POINT('',(-3.85,0.35,1.67000000000001));
#11885=CARTESIAN_POINT('',(-3.85,1.7,1.67));
#11886=CARTESIAN_POINT('',(4.15,1.7,1.67));
#11887=CARTESIAN_POINT('',(-4.15,1.7,1.67));
#11888=CARTESIAN_POINT('',(-4.15,1.7,1.67));
#11889=CARTESIAN_POINT('',(-4.15,0.799999999999998,1.67));
#11890=CARTESIAN_POINT('',(-4.15,1.7,1.67));
#11891=CARTESIAN_POINT('',(4.15,1.7,1.67));
#11892=CARTESIAN_POINT('',(4.15,0.799999999999998,1.67));
#11893=CARTESIAN_POINT('',(4.15,1.7,1.67));
#11894=CARTESIAN_POINT('',(4.15,1.7,1.67));
#11895=CARTESIAN_POINT('',(4.15,1.7,1.67));
#11896=CARTESIAN_POINT('',(3.85,1.7,1.67000000000001));
#11897=CARTESIAN_POINT('',(3.85,0.35,1.67000000000001));
#11898=CARTESIAN_POINT('',(3.85,0.35,1.67000000000001));
#11899=CARTESIAN_POINT('',(3.85,0.35,1.67000000000001));
#11900=CARTESIAN_POINT('',(3.65,0.35,1.67000000000001));
#11901=CARTESIAN_POINT('',(3.65,0.35,1.67000000000001));
#11902=CARTESIAN_POINT('',(3.65,1.7,1.67));
#11903=CARTESIAN_POINT('',(4.15,1.7,1.67));
#11904=CARTESIAN_POINT('',(3.35,1.7,1.67000000000001));
#11905=CARTESIAN_POINT('',(3.35,0.35,1.67000000000001));
#11906=CARTESIAN_POINT('',(3.35,0.35,1.67000000000001));
#11907=CARTESIAN_POINT('',(3.35,0.35,1.67000000000001));
#11908=CARTESIAN_POINT('',(3.15,0.35,1.67000000000001));
#11909=CARTESIAN_POINT('',(3.15,0.35,1.67000000000001));
#11910=CARTESIAN_POINT('',(3.15,1.7,1.67));
#11911=CARTESIAN_POINT('',(4.15,1.7,1.67));
#11912=CARTESIAN_POINT('',(2.85,1.7,1.67000000000001));
#11913=CARTESIAN_POINT('',(2.85,0.35,1.67000000000001));
#11914=CARTESIAN_POINT('',(2.85,0.35,1.67000000000001));
#11915=CARTESIAN_POINT('',(2.85,0.35,1.67000000000001));
#11916=CARTESIAN_POINT('',(2.65,0.35,1.67000000000001));
#11917=CARTESIAN_POINT('',(2.65,0.35,1.67000000000001));
#11918=CARTESIAN_POINT('',(2.65,1.7,1.67));
#11919=CARTESIAN_POINT('',(4.15,1.7,1.67));
#11920=CARTESIAN_POINT('',(2.35,1.7,1.67000000000001));
#11921=CARTESIAN_POINT('',(2.35,0.35,1.67000000000001));
#11922=CARTESIAN_POINT('',(2.35,0.35,1.67000000000001));
#11923=CARTESIAN_POINT('',(2.35,0.35,1.67000000000001));
#11924=CARTESIAN_POINT('',(2.15,0.35,1.67000000000001));
#11925=CARTESIAN_POINT('',(2.15,0.35,1.67000000000001));
#11926=CARTESIAN_POINT('',(2.15,1.7,1.67));
#11927=CARTESIAN_POINT('',(4.15,1.7,1.67));
#11928=CARTESIAN_POINT('',(1.85,1.7,1.67000000000001));
#11929=CARTESIAN_POINT('',(1.85,0.35,1.67000000000001));
#11930=CARTESIAN_POINT('',(1.85,0.35,1.67000000000001));
#11931=CARTESIAN_POINT('',(1.85,0.35,1.67000000000001));
#11932=CARTESIAN_POINT('',(1.65,0.35,1.67000000000001));
#11933=CARTESIAN_POINT('',(1.65,0.35,1.67000000000001));
#11934=CARTESIAN_POINT('',(1.65,1.7,1.67));
#11935=CARTESIAN_POINT('',(4.15,1.7,1.67));
#11936=CARTESIAN_POINT('',(1.35,1.7,1.67000000000001));
#11937=CARTESIAN_POINT('',(1.35,0.35,1.67000000000001));
#11938=CARTESIAN_POINT('',(1.35,0.35,1.67000000000001));
#11939=CARTESIAN_POINT('',(1.35,0.35,1.67000000000001));
#11940=CARTESIAN_POINT('',(1.15,0.35,1.67000000000001));
#11941=CARTESIAN_POINT('',(1.15,0.35,1.67000000000001));
#11942=CARTESIAN_POINT('',(1.15,1.7,1.67));
#11943=CARTESIAN_POINT('',(4.15,1.7,1.67));
#11944=CARTESIAN_POINT('',(0.85,1.7,1.67000000000001));
#11945=CARTESIAN_POINT('',(0.85,0.35,1.67000000000001));
#11946=CARTESIAN_POINT('',(0.85,0.35,1.67000000000001));
#11947=CARTESIAN_POINT('',(0.85,0.35,1.67000000000001));
#11948=CARTESIAN_POINT('',(0.65,0.35,1.67000000000001));
#11949=CARTESIAN_POINT('',(0.65,0.35,1.67000000000001));
#11950=CARTESIAN_POINT('',(0.650000000000001,1.7,1.67));
#11951=CARTESIAN_POINT('',(4.15,1.7,1.67));
#11952=CARTESIAN_POINT('',(0.35,1.7,1.67000000000001));
#11953=CARTESIAN_POINT('',(0.35,0.35,1.67000000000001));
#11954=CARTESIAN_POINT('',(0.35,0.35,1.67000000000001));
#11955=CARTESIAN_POINT('',(0.35,0.35,1.67000000000001));
#11956=CARTESIAN_POINT('',(0.15,0.35,1.67000000000001));
#11957=CARTESIAN_POINT('',(0.15,0.35,1.67000000000001));
#11958=CARTESIAN_POINT('',(0.150000000000002,1.7,1.67));
#11959=CARTESIAN_POINT('',(4.15,1.7,1.67));
#11960=CARTESIAN_POINT('',(-0.15,1.7,1.67000000000001));
#11961=CARTESIAN_POINT('',(-0.15,0.35,1.67000000000001));
#11962=CARTESIAN_POINT('',(-0.15,0.35,1.67000000000001));
#11963=CARTESIAN_POINT('',(-0.15,0.35,1.67000000000001));
#11964=CARTESIAN_POINT('',(-0.35,0.35,1.67000000000001));
#11965=CARTESIAN_POINT('',(-0.35,0.35,1.67000000000001));
#11966=CARTESIAN_POINT('',(-0.349999999999998,1.7,1.67));
#11967=CARTESIAN_POINT('',(4.15,1.7,1.67));
#11968=CARTESIAN_POINT('',(-0.65,1.7,1.67000000000001));
#11969=CARTESIAN_POINT('',(-0.65,0.35,1.67000000000001));
#11970=CARTESIAN_POINT('',(-0.65,0.35,1.67000000000001));
#11971=CARTESIAN_POINT('',(-0.65,0.35,1.67000000000001));
#11972=CARTESIAN_POINT('',(-0.85,0.35,1.67000000000001));
#11973=CARTESIAN_POINT('',(-0.85,0.35,1.67000000000001));
#11974=CARTESIAN_POINT('',(-0.849999999999998,1.7,1.67));
#11975=CARTESIAN_POINT('',(4.15,1.7,1.67));
#11976=CARTESIAN_POINT('',(-1.15,1.7,1.67000000000001));
#11977=CARTESIAN_POINT('',(-1.15,0.35,1.67000000000001));
#11978=CARTESIAN_POINT('',(-1.15,0.35,1.67000000000001));
#11979=CARTESIAN_POINT('',(-1.15,0.35,1.67000000000001));
#11980=CARTESIAN_POINT('',(-1.35,0.35,1.67000000000001));
#11981=CARTESIAN_POINT('',(-1.35,0.35,1.67000000000001));
#11982=CARTESIAN_POINT('',(-1.35,1.7,1.67));
#11983=CARTESIAN_POINT('',(4.15,1.7,1.67));
#11984=CARTESIAN_POINT('',(-1.65,1.7,1.67000000000001));
#11985=CARTESIAN_POINT('',(-1.65,0.35,1.67000000000001));
#11986=CARTESIAN_POINT('',(-1.65,0.35,1.67000000000001));
#11987=CARTESIAN_POINT('',(-1.65,0.35,1.67000000000001));
#11988=CARTESIAN_POINT('',(-1.85,0.35,1.67000000000001));
#11989=CARTESIAN_POINT('',(-1.85,0.35,1.67000000000001));
#11990=CARTESIAN_POINT('',(-1.85,1.7,1.67));
#11991=CARTESIAN_POINT('',(4.15,1.7,1.67));
#11992=CARTESIAN_POINT('',(-2.15,1.7,1.67000000000001));
#11993=CARTESIAN_POINT('',(-2.15,0.35,1.67000000000001));
#11994=CARTESIAN_POINT('',(-2.15,0.35,1.67000000000001));
#11995=CARTESIAN_POINT('',(-2.15,0.35,1.67000000000001));
#11996=CARTESIAN_POINT('',(-2.35,0.35,1.67000000000001));
#11997=CARTESIAN_POINT('',(-2.35,0.35,1.67000000000001));
#11998=CARTESIAN_POINT('',(-2.35,1.7,1.67));
#11999=CARTESIAN_POINT('',(4.15,1.7,1.67));
#12000=CARTESIAN_POINT('',(-2.65,1.7,1.67000000000001));
#12001=CARTESIAN_POINT('',(-2.65,0.35,1.67000000000001));
#12002=CARTESIAN_POINT('',(-2.65,0.35,1.67000000000001));
#12003=CARTESIAN_POINT('',(-2.65,0.35,1.67000000000001));
#12004=CARTESIAN_POINT('',(-2.85,0.35,1.67000000000001));
#12005=CARTESIAN_POINT('',(-2.85,0.35,1.67000000000001));
#12006=CARTESIAN_POINT('',(-2.85,1.7,1.67));
#12007=CARTESIAN_POINT('',(4.15,1.7,1.67));
#12008=CARTESIAN_POINT('',(-3.15,1.7,1.67000000000001));
#12009=CARTESIAN_POINT('',(-3.15,0.35,1.67000000000001));
#12010=CARTESIAN_POINT('',(-3.15,0.35,1.67000000000001));
#12011=CARTESIAN_POINT('',(-3.15,0.35,1.67000000000001));
#12012=CARTESIAN_POINT('',(-3.35,0.35,1.67000000000001));
#12013=CARTESIAN_POINT('',(-3.35,0.35,1.67000000000001));
#12014=CARTESIAN_POINT('',(-3.35,1.7,1.67));
#12015=CARTESIAN_POINT('',(4.15,1.7,1.67));
#12016=CARTESIAN_POINT('',(4.15,1.7,1.67));
#12017=CARTESIAN_POINT('',(5.95,0.480000000000002,0.840000000000004));
#12018=CARTESIAN_POINT('',(5.95,0.480000000000003,0.840000000000004));
#12019=CARTESIAN_POINT('',(5.955,0.49072253460255,0.840000000000004));
#12020=CARTESIAN_POINT('',(5.955,0.49072253460255,0.840000000000004));
#12021=CARTESIAN_POINT('',(5.955,0.49072253460255,1.44));
#12022=CARTESIAN_POINT('',(5.95,0.480000000000002,1.44));
#12023=CARTESIAN_POINT('',(5.95,0.480000000000003,1.44));
#12024=CARTESIAN_POINT('',(5.95,0.480000000000003,0.840000000000004));
#12025=CARTESIAN_POINT('',(5.95,0.480000000000002,0.840000000000004));
#12026=CARTESIAN_POINT('',(5.95,0.480000000000002,1.44));
#12027=CARTESIAN_POINT('',(5.98264153607085,0.55,1.44));
#12028=CARTESIAN_POINT('',(6.08,0.758785899666243,1.44));
#12029=CARTESIAN_POINT('',(5.98264153607085,0.55,0.840000000000004));
#12030=CARTESIAN_POINT('',(5.98264153607085,0.55,0.840000000000004));
#12031=CARTESIAN_POINT('',(5.95,0.480000000000002,0.840000000000004));
#12032=CARTESIAN_POINT('',(6.08,0.758785899666243,0.840000000000004));
#12033=CARTESIAN_POINT('',(6.08,0.758785899666243,0.840000000000004));
#12034=CARTESIAN_POINT('',(5.95,0.480000000000002,0.840000000000004));
#12035=CARTESIAN_POINT('',(-1.18603784110829E-15,0.55,0.84));
#12036=CARTESIAN_POINT('',(5.955,0.55,0.840000000000004));
#12037=CARTESIAN_POINT('',(5.955,-6.84759266832952E-16,0.840000000000003));
#12038=CARTESIAN_POINT('',(5.95,1.62,0.840000000000004));
#12039=CARTESIAN_POINT('',(5.95,1.62,0.840000000000004));
#12040=CARTESIAN_POINT('',(6.08,1.39483339501605,0.840000000000004));
#12041=CARTESIAN_POINT('',(6.08,1.39483339501605,0.840000000000004));
#12042=CARTESIAN_POINT('',(6.08,0.758785899666243,0.840000000000004));
#12043=CARTESIAN_POINT('',(-1.18603784110829E-15,-6.84759266832951E-16,
0.84));
#12044=CARTESIAN_POINT('',(5.955,-6.84759266832952E-16,1.44));
#12045=CARTESIAN_POINT('',(5.955,0.55,1.44));
#12046=CARTESIAN_POINT('',(-1.18603784110829E-15,0.55,1.44));
#12047=CARTESIAN_POINT('',(6.08,0.758785899666243,1.44));
#12048=CARTESIAN_POINT('',(6.08,1.39483339501605,1.44));
#12049=CARTESIAN_POINT('',(6.08,1.39483339501605,1.44));
#12050=CARTESIAN_POINT('',(5.95,1.62,1.44));
#12051=CARTESIAN_POINT('',(5.95,1.62,1.44));
#12052=CARTESIAN_POINT('',(-1.18603784110829E-15,-6.84759266832951E-16,
1.44));
#12053=CARTESIAN_POINT('',(5.45,2.565,1.78000000000001));
#12054=CARTESIAN_POINT('',(5.45,2.565,1.78000000000001));
#12055=CARTESIAN_POINT('',(5.45,2.565,1.05));
#12056=CARTESIAN_POINT('',(5.25,2.565,1.78000000000001));
#12057=CARTESIAN_POINT('',(5.55,2.565,1.78000000000001));
#12058=CARTESIAN_POINT('',(5.55,2.565,1.78000000000001));
#12059=CARTESIAN_POINT('',(5.55,2.565,1.05));
#12060=CARTESIAN_POINT('',(5.25,2.565,1.05));
#12061=CARTESIAN_POINT('',(5.25,2.565,1.78000000000001));
#12062=CARTESIAN_POINT('',(-5.955,0.49072253460255,0.840000000000005));
#12063=CARTESIAN_POINT('',(-5.955,0.49072253460255,0.840000000000005));
#12064=CARTESIAN_POINT('',(-5.955,0.49072253460255,1.44));
#12065=CARTESIAN_POINT('',(-5.95,0.480000000000002,0.840000000000005));
#12066=CARTESIAN_POINT('',(-5.95,0.480000000000003,0.840000000000005));
#12067=CARTESIAN_POINT('',(-5.95,0.480000000000003,0.840000000000005));
#12068=CARTESIAN_POINT('',(-5.95,0.480000000000003,1.44));
#12069=CARTESIAN_POINT('',(-5.95,0.480000000000002,1.44));
#12070=CARTESIAN_POINT('',(-5.95,0.480000000000002,0.840000000000005));
#12071=CARTESIAN_POINT('',(-5.955,6.84759266832953E-16,0.840000000000005));
#12072=CARTESIAN_POINT('',(-5.955,0.55,0.840000000000005));
#12073=CARTESIAN_POINT('',(-1.18603784110829E-15,0.55,0.840000000000008));
#12074=CARTESIAN_POINT('',(-5.98264153607085,0.55,0.840000000000005));
#12075=CARTESIAN_POINT('',(-5.95,0.480000000000002,0.840000000000005));
#12076=CARTESIAN_POINT('',(-6.08,0.758785899666243,0.840000000000004));
#12077=CARTESIAN_POINT('',(-6.08,0.758785899666243,0.840000000000004));
#12078=CARTESIAN_POINT('',(-6.08,1.39483339501605,0.840000000000004));
#12079=CARTESIAN_POINT('',(-6.08,1.39483339501605,0.840000000000004));
#12080=CARTESIAN_POINT('',(-5.95,1.62,0.840000000000004));
#12081=CARTESIAN_POINT('',(-5.95,1.62,0.840000000000004));
#12082=CARTESIAN_POINT('',(-1.18603784110829E-15,6.84759266832954E-16,0.840000000000009));
#12083=CARTESIAN_POINT('',(-1.18603784110829E-15,0.55,1.44000000000001));
#12084=CARTESIAN_POINT('',(-5.955,0.55,1.44));
#12085=CARTESIAN_POINT('',(-5.98264153607085,0.55,1.44));
#12086=CARTESIAN_POINT('',(-5.955,6.84759266832953E-16,1.44));
#12087=CARTESIAN_POINT('',(-5.95,1.62,1.44));
#12088=CARTESIAN_POINT('',(-5.95,1.62,1.44));
#12089=CARTESIAN_POINT('',(-6.08,1.39483339501605,1.44));
#12090=CARTESIAN_POINT('',(-6.08,1.39483339501605,1.44));
#12091=CARTESIAN_POINT('',(-6.08,0.758785899666243,1.44));
#12092=CARTESIAN_POINT('',(-6.08,0.758785899666243,1.44));
#12093=CARTESIAN_POINT('',(-5.95,0.480000000000002,1.44));
#12094=CARTESIAN_POINT('',(-1.18603784110829E-15,6.84759266832954E-16,1.44000000000001));
#12095=CARTESIAN_POINT('',(-5.25,2.565,1.78000000000001));
#12096=CARTESIAN_POINT('',(-5.45,2.565,1.78000000000001));
#12097=CARTESIAN_POINT('',(-5.55,2.565,1.78000000000001));
#12098=CARTESIAN_POINT('',(-5.45,2.565,1.78000000000001));
#12099=CARTESIAN_POINT('',(-5.45,2.565,1.05));
#12100=CARTESIAN_POINT('',(-5.25,2.565,1.05));
#12101=CARTESIAN_POINT('',(-5.55,2.565,1.05));
#12102=CARTESIAN_POINT('',(-5.55,2.565,1.78000000000001));
#12103=CARTESIAN_POINT('',(-5.25,2.565,1.78000000000001));
#12104=CARTESIAN_POINT('',(-5.55,-1.33226762955019E-15,1.78000000000001));
#12105=CARTESIAN_POINT('',(-5.55,2.565,1.05));
#12106=CARTESIAN_POINT('',(-5.55,8.88178419700125E-16,0.480000000000006));
#12107=CARTESIAN_POINT('',(-5.55,2.565,0.480000000000006));
#12108=CARTESIAN_POINT('',(-5.55,2.565,0.480000000000006));
#12109=CARTESIAN_POINT('',(-5.55,2.95,0.700000000000006));
#12110=CARTESIAN_POINT('',(-5.55,2.95,0.700000000000006));
#12111=CARTESIAN_POINT('',(-5.55,2.95,1.58000000000001));
#12112=CARTESIAN_POINT('',(-5.55,2.95,1.58000000000001));
#12113=CARTESIAN_POINT('',(-5.55,2.565,1.80000000000001));
#12114=CARTESIAN_POINT('',(-5.55,2.565,1.80000000000001));
#12115=CARTESIAN_POINT('',(-5.55,0.,0.));
#12116=CARTESIAN_POINT('',(-5.95,2.95,0.700000000000006));
#12117=CARTESIAN_POINT('',(-5.95,2.95,1.44));
#12118=CARTESIAN_POINT('',(-5.95,2.95,1.58000000000001));
#12119=CARTESIAN_POINT('',(-5.95,1.95,1.44));
#12120=CARTESIAN_POINT('',(-5.95,1.87594266810245,1.44));
#12121=CARTESIAN_POINT('',(-5.95,1.87594266810245,0.840000000000004));
#12122=CARTESIAN_POINT('',(-5.95,1.87594266810245,0.840000000000004));
#12123=CARTESIAN_POINT('',(-5.95,2.95,0.840000000000003));
#12124=CARTESIAN_POINT('',(-5.95,2.95,0.840000000000004));
#12125=CARTESIAN_POINT('',(-5.95,2.95,0.700000000000006));
#12126=CARTESIAN_POINT('',(-5.95,2.95,0.700000000000006));
#12127=CARTESIAN_POINT('',(-5.95,2.565,0.480000000000006));
#12128=CARTESIAN_POINT('',(-5.95,2.565,0.480000000000006));
#12129=CARTESIAN_POINT('',(-5.95,8.88178419700125E-16,0.480000000000006));
#12130=CARTESIAN_POINT('',(-5.95,2.565,1.80000000000001));
#12131=CARTESIAN_POINT('',(-5.95,2.565,1.80000000000001));
#12132=CARTESIAN_POINT('',(-5.95,2.95,1.58000000000001));
#12133=CARTESIAN_POINT('',(-5.95,1.62,0.840000000000004));
#12134=CARTESIAN_POINT('',(-5.95,0.,0.));
#12135=CARTESIAN_POINT('',(5.55,2.565,1.05));
#12136=CARTESIAN_POINT('',(5.55,-1.33226762955019E-15,1.78000000000001));
#12137=CARTESIAN_POINT('',(5.55,2.565,1.80000000000001));
#12138=CARTESIAN_POINT('',(5.55,2.565,1.80000000000001));
#12139=CARTESIAN_POINT('',(5.55,2.95,1.58000000000001));
#12140=CARTESIAN_POINT('',(5.55,2.95,1.58000000000001));
#12141=CARTESIAN_POINT('',(5.55,2.95,0.700000000000006));
#12142=CARTESIAN_POINT('',(5.55,2.95,0.700000000000006));
#12143=CARTESIAN_POINT('',(5.55,2.565,0.480000000000006));
#12144=CARTESIAN_POINT('',(5.55,2.565,0.480000000000006));
#12145=CARTESIAN_POINT('',(5.55,8.88178419700125E-16,0.480000000000006));
#12146=CARTESIAN_POINT('',(5.55,0.,0.));
#12147=CARTESIAN_POINT('',(-6.85,-0.700000000000002,2.3));
#12148=CARTESIAN_POINT('',(-6.85,-0.700000000000002,2.3));
#12149=CARTESIAN_POINT('',(-6.85,-0.700000000000002,4.33680868994202E-15));
#12150=CARTESIAN_POINT('',(-6.85,-2.38524477946811E-15,2.3));
#12151=CARTESIAN_POINT('',(-6.85,-2.38524477946811E-15,4.33680868994202E-15));
#12152=CARTESIAN_POINT('',(-6.85,-2.38524477946811E-15,2.3));
#12153=CARTESIAN_POINT('',(-4.325,-0.700000000000001,3.5527136788005E-15));
#12154=CARTESIAN_POINT('',(-4.325,-0.700000000000001,3.48549368159761E-15));
#12155=CARTESIAN_POINT('',(-4.325,-0.700000000000001,1.09));
#12156=CARTESIAN_POINT('',(-4.325,-1.0842021724855E-15,3.48549368159761E-15));
#12157=CARTESIAN_POINT('',(-4.325,0.,3.94948592725021E-16));
#12158=CARTESIAN_POINT('',(-4.325,-1.0842021724855E-15,3.5527136788005E-15));
#12159=CARTESIAN_POINT('',(-4.325,-1.0842021724855E-15,1.09));
#12160=CARTESIAN_POINT('',(-4.325,-1.0842021724855E-15,1.09));
#12161=CARTESIAN_POINT('',(-4.325,-1.0842021724855E-15,3.5527136788005E-15));
#12162=CARTESIAN_POINT('',(-4.325,-0.700000000000001,1.09));
#12163=CARTESIAN_POINT('',(4.325,-0.699999999999999,1.09000000000001));
#12164=CARTESIAN_POINT('',(-4.325,-1.0842021724855E-15,1.09));
#12165=CARTESIAN_POINT('',(-4.15,2.22044604925031E-15,1.09));
#12166=CARTESIAN_POINT('',(-4.15,1.7,1.09));
#12167=CARTESIAN_POINT('',(4.15,1.7,1.09));
#12168=CARTESIAN_POINT('',(4.15,1.7,1.09));
#12169=CARTESIAN_POINT('',(4.15,2.22044604925031E-15,1.09));
#12170=CARTESIAN_POINT('',(-4.325,-1.0842021724855E-15,1.09));
#12171=CARTESIAN_POINT('',(4.325,6.50521303491303E-16,1.09000000000001));
#12172=CARTESIAN_POINT('',(4.325,6.50521303491303E-16,1.09000000000001));
#12173=CARTESIAN_POINT('',(-4.325,-1.0842021724855E-15,1.09));
#12174=CARTESIAN_POINT('',(4.325,-0.699999999999999,1.09000000000001));
#12175=CARTESIAN_POINT('',(4.325,-0.699999999999999,3.46944695195361E-15));
#12176=CARTESIAN_POINT('',(4.325,6.50521303491303E-16,1.09000000000001));
#12177=CARTESIAN_POINT('',(4.325,0.,3.94948592725021E-16));
#12178=CARTESIAN_POINT('',(4.325,6.50521303491303E-16,3.46944695195361E-15));
#12179=CARTESIAN_POINT('',(4.325,6.50521303491303E-16,1.09000000000001));
#12180=CARTESIAN_POINT('',(4.325,-0.699999999999999,3.48549368159761E-15));
#12181=CARTESIAN_POINT('',(6.85,-0.699999999999998,4.25855197355938E-15));
#12182=CARTESIAN_POINT('',(-6.45,0.,3.94948592725021E-16));
#12183=CARTESIAN_POINT('',(4.2,0.,3.94948592725021E-16));
#12184=CARTESIAN_POINT('',(4.2,-0.7,-3.18408167778312E-17));
#12185=CARTESIAN_POINT('',(4.2,-0.7,-5.42101086242752E-17));
#12186=CARTESIAN_POINT('',(4.2,-0.7,-5.42101086242752E-17));
#12187=CARTESIAN_POINT('',(-4.2,-0.7,-5.42101086242752E-17));
#12188=CARTESIAN_POINT('',(-4.2,-0.7,-3.18408167778312E-17));
#12189=CARTESIAN_POINT('',(-4.2,0.,3.94948592725021E-16));
#12190=CARTESIAN_POINT('',(-6.45,0.,3.94948592725021E-16));
#12191=CARTESIAN_POINT('',(-6.85,-0.700000000000002,4.25855197355938E-15));
#12192=CARTESIAN_POINT('',(-4.47,4.44089209850063E-16,0.));
#12193=CARTESIAN_POINT('',(-4.47,2.5,0.));
#12194=CARTESIAN_POINT('',(-4.47,2.5,0.));
#12195=CARTESIAN_POINT('',(-5.55000000000001,2.5,0.));
#12196=CARTESIAN_POINT('',(-5.55000000000001,0.,4.33680868994202E-15));
#12197=CARTESIAN_POINT('',(-5.55000000000001,2.55,4.33680868994202E-15));
#12198=CARTESIAN_POINT('',(-5.70000000000001,2.55,4.33680868994202E-15));
#12199=CARTESIAN_POINT('',(-5.85000000000001,2.55,4.33680868994202E-15));
#12200=CARTESIAN_POINT('',(-5.85000000000001,2.55,4.33680868994202E-15));
#12201=CARTESIAN_POINT('',(-5.85000000000001,0.0500000000000001,4.33680868994202E-15));
#12202=CARTESIAN_POINT('',(-5.85000000000001,0.0500000000000004,4.33680868994202E-15));
#12203=CARTESIAN_POINT('',(-6.45,0.0500000000000005,4.33680868994202E-15));
#12204=CARTESIAN_POINT('',(-6.45,3.15,4.33680868994202E-16));
#12205=CARTESIAN_POINT('',(-6.45,3.15,4.33680868994202E-16));
#12206=CARTESIAN_POINT('',(-6.45,3.15,3.94948592725021E-16));
#12207=CARTESIAN_POINT('',(-4.95,3.15,3.94948592725021E-16));
#12208=CARTESIAN_POINT('',(-4.95,3.15,3.94948592725021E-16));
#12209=CARTESIAN_POINT('',(-4.95,2.80000000000001,3.94948592725021E-16));
#12210=CARTESIAN_POINT('',(-6.45,2.80000000000001,3.94948592725021E-16));
#12211=CARTESIAN_POINT('',(-4.55,2.80000000000001,3.93023287525995E-16));
#12212=CARTESIAN_POINT('',(-4.55,3.15,3.94948592725021E-16));
#12213=CARTESIAN_POINT('',(-4.55,3.15,3.94948592725021E-16));
#12214=CARTESIAN_POINT('',(-6.45,3.15,3.94948592725021E-16));
#12215=CARTESIAN_POINT('',(-3.85,3.15,3.94948963992019E-16));
#12216=CARTESIAN_POINT('',(-3.85,3.15,3.94948592725021E-16));
#12217=CARTESIAN_POINT('',(-3.85,2.8,3.93023287525995E-16));
#12218=CARTESIAN_POINT('',(-6.45,2.8,3.94948592725021E-16));
#12219=CARTESIAN_POINT('',(-3.65,2.8,3.93023287525995E-16));
#12220=CARTESIAN_POINT('',(-3.65,3.15,3.94948592725021E-16));
#12221=CARTESIAN_POINT('',(-3.65,3.15,3.94948963992019E-16));
#12222=CARTESIAN_POINT('',(-6.45,3.15,3.94948592725021E-16));
#12223=CARTESIAN_POINT('',(-2.85,3.15,3.94948963992019E-16));
#12224=CARTESIAN_POINT('',(-2.85,3.15,3.94948592725021E-16));
#12225=CARTESIAN_POINT('',(-2.85,2.8,3.93023287525995E-16));
#12226=CARTESIAN_POINT('',(-6.45,2.8,3.94948592725021E-16));
#12227=CARTESIAN_POINT('',(-2.65,2.8,3.93023287525995E-16));
#12228=CARTESIAN_POINT('',(-2.65,3.15,3.94948592725021E-16));
#12229=CARTESIAN_POINT('',(-2.65,3.15,3.94948963992019E-16));
#12230=CARTESIAN_POINT('',(-6.45,3.15,3.94948592725021E-16));
#12231=CARTESIAN_POINT('',(-1.85,3.15,3.94948963992019E-16));
#12232=CARTESIAN_POINT('',(-1.85,3.15,3.94948592725021E-16));
#12233=CARTESIAN_POINT('',(-1.85,2.8,3.93023287525995E-16));
#12234=CARTESIAN_POINT('',(-6.45,2.8,3.94948592725021E-16));
#12235=CARTESIAN_POINT('',(-1.65,2.8,3.93023287525995E-16));
#12236=CARTESIAN_POINT('',(-1.65,3.15,3.94948592725021E-16));
#12237=CARTESIAN_POINT('',(-1.65,3.15,3.94948963992019E-16));
#12238=CARTESIAN_POINT('',(-6.45,3.15,3.94948592725021E-16));
#12239=CARTESIAN_POINT('',(-0.85,3.15,3.94948963992019E-16));
#12240=CARTESIAN_POINT('',(-0.85,3.15,3.94948592725021E-16));
#12241=CARTESIAN_POINT('',(-0.85,2.8,3.93023287525995E-16));
#12242=CARTESIAN_POINT('',(-6.45,2.8,3.94948592725021E-16));
#12243=CARTESIAN_POINT('',(-0.65,2.8,3.93023287525995E-16));
#12244=CARTESIAN_POINT('',(-0.65,3.15,3.94948592725021E-16));
#12245=CARTESIAN_POINT('',(-0.65,3.15,3.94948963992019E-16));
#12246=CARTESIAN_POINT('',(-6.45,3.15,3.94948592725021E-16));
#12247=CARTESIAN_POINT('',(0.15,3.15,3.94948963992019E-16));
#12248=CARTESIAN_POINT('',(0.15,3.15,3.94948592725021E-16));
#12249=CARTESIAN_POINT('',(0.15,2.8,3.93023287525995E-16));
#12250=CARTESIAN_POINT('',(-6.45,2.8,3.94948592725021E-16));
#12251=CARTESIAN_POINT('',(0.35,2.8,3.93023287525995E-16));
#12252=CARTESIAN_POINT('',(0.35,3.15,3.94948592725021E-16));
#12253=CARTESIAN_POINT('',(0.35,3.15,3.94948963992019E-16));
#12254=CARTESIAN_POINT('',(-6.45,3.15,3.94948592725021E-16));
#12255=CARTESIAN_POINT('',(1.15,3.15,3.94948963992019E-16));
#12256=CARTESIAN_POINT('',(1.15,3.15,3.94948592725021E-16));
#12257=CARTESIAN_POINT('',(1.15,2.8,3.93023287525995E-16));
#12258=CARTESIAN_POINT('',(-6.45,2.8,3.94948592725021E-16));
#12259=CARTESIAN_POINT('',(1.35,2.8,3.93023287525995E-16));
#12260=CARTESIAN_POINT('',(1.35,3.15,3.94948592725021E-16));
#12261=CARTESIAN_POINT('',(1.35,3.15,3.94948963992019E-16));
#12262=CARTESIAN_POINT('',(-6.45,3.15,3.94948592725021E-16));
#12263=CARTESIAN_POINT('',(2.15,3.15,3.94948963992019E-16));
#12264=CARTESIAN_POINT('',(2.15,3.15,3.94948592725021E-16));
#12265=CARTESIAN_POINT('',(2.15,2.8,3.93023287525995E-16));
#12266=CARTESIAN_POINT('',(-6.45,2.8,3.94948592725021E-16));
#12267=CARTESIAN_POINT('',(2.35,2.8,3.93023287525995E-16));
#12268=CARTESIAN_POINT('',(2.35,3.15,3.94948592725021E-16));
#12269=CARTESIAN_POINT('',(2.35,3.15,3.94948963992019E-16));
#12270=CARTESIAN_POINT('',(-6.45,3.15,3.94948592725021E-16));
#12271=CARTESIAN_POINT('',(3.15,3.15,3.94948963992019E-16));
#12272=CARTESIAN_POINT('',(3.15,3.15,3.94948592725021E-16));
#12273=CARTESIAN_POINT('',(3.15,2.8,3.93023287525995E-16));
#12274=CARTESIAN_POINT('',(-6.45,2.8,3.94948592725021E-16));
#12275=CARTESIAN_POINT('',(3.35,2.8,3.93023287525995E-16));
#12276=CARTESIAN_POINT('',(3.35,3.15,3.94948592725021E-16));
#12277=CARTESIAN_POINT('',(3.35,3.15,3.94948963992019E-16));
#12278=CARTESIAN_POINT('',(-6.45,3.15,3.94948592725021E-16));
#12279=CARTESIAN_POINT('',(4.55,3.15,3.94948592725021E-16));
#12280=CARTESIAN_POINT('',(4.55,3.15,3.94948592725021E-16));
#12281=CARTESIAN_POINT('',(4.55,2.80000000000001,3.94948592725021E-16));
#12282=CARTESIAN_POINT('',(-6.45,2.80000000000001,3.94948592725021E-16));
#12283=CARTESIAN_POINT('',(4.95,2.80000000000001,3.93023287525995E-16));
#12284=CARTESIAN_POINT('',(4.95,3.15,3.94948592725021E-16));
#12285=CARTESIAN_POINT('',(4.95,3.15,3.94948592725021E-16));
#12286=CARTESIAN_POINT('',(-6.45,3.15,3.94948592725021E-16));
#12287=CARTESIAN_POINT('',(6.45,3.15,3.94948592725021E-16));
#12288=CARTESIAN_POINT('',(6.45,3.15,3.94948592725021E-16));
#12289=CARTESIAN_POINT('',(6.45,0.0500000000000003,4.33680868994202E-16));
#12290=CARTESIAN_POINT('',(6.45,0.0500000000000005,4.33680868994202E-15));
#12291=CARTESIAN_POINT('',(5.85,0.0500000000000004,4.33680868994202E-15));
#12292=CARTESIAN_POINT('',(5.85,0.0500000000000003,4.33680868994202E-15));
#12293=CARTESIAN_POINT('',(5.85,2.55,4.33680868994202E-15));
#12294=CARTESIAN_POINT('',(5.7,2.55,4.33680868994202E-15));
#12295=CARTESIAN_POINT('',(5.55,2.55,4.33680868994202E-15));
#12296=CARTESIAN_POINT('',(5.55,2.55,4.33680868994202E-15));
#12297=CARTESIAN_POINT('',(5.55000000000001,2.5,0.));
#12298=CARTESIAN_POINT('',(5.55000000000001,2.5,0.));
#12299=CARTESIAN_POINT('',(4.47,2.5,0.));
#12300=CARTESIAN_POINT('',(4.47,2.5,0.));
#12301=CARTESIAN_POINT('',(6.85,2.05998412772246E-15,4.25855197355938E-15));
#12302=CARTESIAN_POINT('',(4.325,6.50521303491303E-16,3.48549368159761E-15));
#12303=CARTESIAN_POINT('',(6.85,-0.699999999999998,4.44089209850063E-15));
#12304=CARTESIAN_POINT('',(6.85,-0.699999999999998,2.30000000000001));
#12305=CARTESIAN_POINT('',(6.85,2.05998412772246E-15,2.30000000000001));
#12306=CARTESIAN_POINT('',(6.85,2.05998412772246E-15,4.44089209850063E-15));
#12307=CARTESIAN_POINT('',(6.85,-0.699999999999998,2.30000000000001));
#12308=CARTESIAN_POINT('',(3.75,-0.699999999999999,3.00000000000001));
#12309=CARTESIAN_POINT('',(3.75,6.50521303491303E-16,3.00000000000001));
#12310=CARTESIAN_POINT('',(6.85,2.05998412772246E-15,2.30000000000001));
#12311=CARTESIAN_POINT('',(3.75,-0.699999999999999,3.00000000000001));
#12312=CARTESIAN_POINT('',(-3.75,-0.700000000000001,3.));
#12313=CARTESIAN_POINT('',(-3.75,-1.0842021724855E-15,3.));
#12314=CARTESIAN_POINT('',(3.75,6.50521303491303E-16,3.00000000000001));
#12315=CARTESIAN_POINT('',(-3.75,-0.700000000000001,3.));
#12316=CARTESIAN_POINT('',(-3.75,-1.0842021724855E-15,3.));
#12317=CARTESIAN_POINT('',(3.60685079163494E-16,-0.699999999999999,0.));
#12318=CARTESIAN_POINT('',(-4.15,1.7,1.09));
#12319=CARTESIAN_POINT('',(4.15,1.7,1.67));
#12320=CARTESIAN_POINT('',(4.15,1.7,1.67));
#12321=CARTESIAN_POINT('',(4.15,1.7,1.67));
#12322=CARTESIAN_POINT('',(4.15,1.7,1.67));
#12323=CARTESIAN_POINT('',(4.15,1.7,1.67));
#12324=CARTESIAN_POINT('',(4.15,1.7,1.67));
#12325=CARTESIAN_POINT('',(4.15,1.7,1.67));
#12326=CARTESIAN_POINT('',(4.15,1.7,1.67));
#12327=CARTESIAN_POINT('',(4.15,1.7,1.67));
#12328=CARTESIAN_POINT('',(4.15,1.7,1.67));
#12329=CARTESIAN_POINT('',(4.15,1.7,1.67));
#12330=CARTESIAN_POINT('',(4.15,1.7,1.67));
#12331=CARTESIAN_POINT('',(4.15,1.7,1.67));
#12332=CARTESIAN_POINT('',(4.15,1.7,1.67));
#12333=CARTESIAN_POINT('',(4.15,1.7,1.67));
#12334=CARTESIAN_POINT('',(4.15,1.7,1.67));
#12335=CARTESIAN_POINT('',(4.15,1.7,1.09));
#12336=CARTESIAN_POINT('',(4.15,1.7,1.09));
#12337=CARTESIAN_POINT('',(4.15,0.799999999999998,1.78000000000001));
#12338=CARTESIAN_POINT('',(4.15,0.799999999999998,1.25000000000001));
#12339=CARTESIAN_POINT('',(4.15,0.799999999999998,1.25000000000001));
#12340=CARTESIAN_POINT('',(4.15,0.,0.));
#12341=CARTESIAN_POINT('',(-4.15,0.799999999999998,1.25000000000001));
#12342=CARTESIAN_POINT('',(-4.15,0.799999999999998,1.25000000000001));
#12343=CARTESIAN_POINT('',(-4.15,0.799999999999998,1.78000000000001));
#12344=CARTESIAN_POINT('',(-4.15,0.,0.));
#12345=CARTESIAN_POINT('',(5.95,2.565,0.480000000000006));
#12346=CARTESIAN_POINT('',(5.95,2.565,0.480000000000006));
#12347=CARTESIAN_POINT('',(5.95,8.88178419700125E-16,0.480000000000006));
#12348=CARTESIAN_POINT('',(5.95,8.88178419700125E-16,0.480000000000006));
#12349=CARTESIAN_POINT('',(5.95,2.95,0.700000000000006));
#12350=CARTESIAN_POINT('',(5.95,2.95,0.700000000000006));
#12351=CARTESIAN_POINT('',(5.95,2.565,0.480000000000006));
#12352=CARTESIAN_POINT('',(5.95,2.565,0.480000000000006));
#12353=CARTESIAN_POINT('',(5.95,2.95,1.58000000000001));
#12354=CARTESIAN_POINT('',(5.95,2.95,1.58000000000001));
#12355=CARTESIAN_POINT('',(5.95,2.95,0.700000000000006));
#12356=CARTESIAN_POINT('',(5.95,2.95,1.44));
#12357=CARTESIAN_POINT('',(5.95,2.95,0.840000000000005));
#12358=CARTESIAN_POINT('',(5.95,2.95,0.840000000000005));
#12359=CARTESIAN_POINT('',(5.95,2.95,0.700000000000006));
#12360=CARTESIAN_POINT('',(5.95,2.95,0.700000000000006));
#12361=CARTESIAN_POINT('',(5.95,2.565,1.80000000000001));
#12362=CARTESIAN_POINT('',(5.95,2.565,1.80000000000001));
#12363=CARTESIAN_POINT('',(5.95,2.95,1.58000000000001));
#12364=CARTESIAN_POINT('',(5.95,2.95,1.58000000000001));
#12365=CARTESIAN_POINT('',(5.95,2.565,1.80000000000001));
#12366=CARTESIAN_POINT('',(5.95,2.565,1.80000000000001));
#12367=CARTESIAN_POINT('',(5.95,1.62,0.840000000000004));
#12368=CARTESIAN_POINT('',(5.95,1.95,1.44));
#12369=CARTESIAN_POINT('',(5.95,1.87594266810245,1.44));
#12370=CARTESIAN_POINT('',(5.95,2.95,0.840000000000005));
#12371=CARTESIAN_POINT('',(5.95,1.87594266810245,0.840000000000004));
#12372=CARTESIAN_POINT('',(5.95,1.87594266810245,0.840000000000004));
#12373=CARTESIAN_POINT('',(5.95,0.,0.));
#12374=CARTESIAN_POINT('',(5.95,1.87594266810245,1.44));
#12375=CARTESIAN_POINT('',(6.37,1.87594266810245,1.44));
#12376=CARTESIAN_POINT('',(5.95,1.87594266810245,0.840000000000004));
#12377=CARTESIAN_POINT('',(6.37,1.87594266810245,0.840000000000004));
#12378=CARTESIAN_POINT('',(6.37,1.87594266810245,0.840000000000004));
#12379=CARTESIAN_POINT('',(5.95,1.87594266810245,0.840000000000004));
#12380=CARTESIAN_POINT('',(6.37,1.87594266810245,1.44));
#12381=CARTESIAN_POINT('',(6.22,2.6,1.44));
#12382=CARTESIAN_POINT('',(6.37,1.87594266810245,0.840000000000004));
#12383=CARTESIAN_POINT('',(6.22,2.6,0.840000000000005));
#12384=CARTESIAN_POINT('',(6.22,2.6,0.840000000000005));
#12385=CARTESIAN_POINT('',(6.37,1.87594266810245,0.840000000000004));
#12386=CARTESIAN_POINT('',(6.22,2.6,1.44));
#12387=CARTESIAN_POINT('',(6.22,2.6,0.840000000000005));
#12388=CARTESIAN_POINT('',(6.22,2.6,0.840000000000005));
#12389=CARTESIAN_POINT('',(0.,-7.80625564189566E-16,0.840000000000003));
#12390=CARTESIAN_POINT('',(0.,-7.80625564189566E-16,1.44));
#12391=CARTESIAN_POINT('',(6.08,1.39483339501605,0.840000000000004));
#12392=CARTESIAN_POINT('',(6.08,0.758785899666243,0.840000000000004));
#12393=CARTESIAN_POINT('',(6.08,1.39483339501605,0.840000000000004));
#12394=CARTESIAN_POINT('',(5.45,-1.33226762955019E-15,1.78000000000001));
#12395=CARTESIAN_POINT('',(5.45,2.4,1.78000000000001));
#12396=CARTESIAN_POINT('',(5.25,2.4,1.78000000000001));
#12397=CARTESIAN_POINT('',(5.25,2.4,1.78000000000001));
#12398=CARTESIAN_POINT('',(5.25,-1.33226762955019E-15,1.78000000000001));
#12399=CARTESIAN_POINT('',(5.25,0.799999999999998,1.78000000000001));
#12400=CARTESIAN_POINT('',(-5.64,0.799999999999998,1.78000000000001));
#12401=CARTESIAN_POINT('',(4.15,0.799999999999998,1.78000000000001));
#12402=CARTESIAN_POINT('',(4.15,-1.99840144432528E-15,1.78000000000001));
#12403=CARTESIAN_POINT('',(5.25,-1.33226762955019E-15,1.78000000000001));
#12404=CARTESIAN_POINT('',(5.25,2.565,1.05));
#12405=CARTESIAN_POINT('',(5.25,2.4,1.05));
#12406=CARTESIAN_POINT('',(5.25,2.4,1.05));
#12407=CARTESIAN_POINT('',(5.45,2.4,1.05));
#12408=CARTESIAN_POINT('',(5.45,2.565,1.05));
#12409=CARTESIAN_POINT('',(5.25,2.565,1.05));
#12410=CARTESIAN_POINT('',(5.25,2.4,0.));
#12411=CARTESIAN_POINT('',(5.25,0.799999999999998,1.25000000000001));
#12412=CARTESIAN_POINT('',(5.25,0.799999999999998,1.25000000000001));
#12413=CARTESIAN_POINT('',(5.25,0.799999999999998,1.78000000000001));
#12414=CARTESIAN_POINT('',(5.25,0.,0.));
#12415=CARTESIAN_POINT('',(4.15,0.799999999999998,1.78000000000001));
#12416=CARTESIAN_POINT('',(4.15,0.,0.));
#12417=CARTESIAN_POINT('',(-5.64,0.799999999999998,1.25000000000001));
#12418=CARTESIAN_POINT('',(-5.64,0.799999999999998,1.78000000000001));
#12419=CARTESIAN_POINT('',(-5.64,0.799999999999998,1.25000000000001));
#12420=CARTESIAN_POINT('',(-5.95,2.565,0.480000000000006));
#12421=CARTESIAN_POINT('',(-5.95,8.88178419700125E-16,0.480000000000006));
#12422=CARTESIAN_POINT('',(-5.95,2.95,0.700000000000006));
#12423=CARTESIAN_POINT('',(-5.95,2.565,0.480000000000006));
#12424=CARTESIAN_POINT('',(-5.95,2.95,0.840000000000003));
#12425=CARTESIAN_POINT('',(-5.95,2.95,1.58000000000001));
#12426=CARTESIAN_POINT('',(-5.95,2.95,0.700000000000006));
#12427=CARTESIAN_POINT('',(-5.95,2.565,1.80000000000001));
#12428=CARTESIAN_POINT('',(-5.95,2.95,1.58000000000001));
#12429=CARTESIAN_POINT('',(-5.95,2.565,1.80000000000001));
#12430=CARTESIAN_POINT('',(-5.95,1.87594266810245,1.44));
#12431=CARTESIAN_POINT('',(-6.37,1.87594266810245,1.44));
#12432=CARTESIAN_POINT('',(-6.37,1.87594266810245,0.840000000000004));
#12433=CARTESIAN_POINT('',(-6.37,1.87594266810245,0.840000000000004));
#12434=CARTESIAN_POINT('',(-5.95,1.87594266810245,0.840000000000004));
#12435=CARTESIAN_POINT('',(-5.95,1.87594266810245,0.840000000000004));
#12436=CARTESIAN_POINT('',(-6.37,1.87594266810245,1.44));
#12437=CARTESIAN_POINT('',(-6.22,2.6,1.44));
#12438=CARTESIAN_POINT('',(-6.22,2.6,0.840000000000004));
#12439=CARTESIAN_POINT('',(-6.22,2.6,0.840000000000004));
#12440=CARTESIAN_POINT('',(-6.37,1.87594266810245,0.840000000000004));
#12441=CARTESIAN_POINT('',(-6.37,1.87594266810245,0.840000000000004));
#12442=CARTESIAN_POINT('',(-6.22,2.6,1.44));
#12443=CARTESIAN_POINT('',(-6.22,2.6,0.840000000000004));
#12444=CARTESIAN_POINT('',(-6.22,2.6,0.840000000000004));
#12445=CARTESIAN_POINT('',(0.,7.80625564189566E-16,0.840000000000005));
#12446=CARTESIAN_POINT('',(0.,7.80625564189566E-16,1.44000000000001));
#12447=CARTESIAN_POINT('',(-5.98264153607085,0.55,0.840000000000005));
#12448=CARTESIAN_POINT('',(-6.08,0.758785899666243,0.840000000000004));
#12449=CARTESIAN_POINT('',(-5.95,0.480000000000002,0.840000000000005));
#12450=CARTESIAN_POINT('',(-6.08,1.39483339501605,0.840000000000004));
#12451=CARTESIAN_POINT('',(-6.08,0.758785899666243,0.840000000000004));
#12452=CARTESIAN_POINT('',(-6.08,1.39483339501605,0.840000000000004));
#12453=CARTESIAN_POINT('',(-5.25,2.4,1.78000000000001));
#12454=CARTESIAN_POINT('',(-5.45,2.4,1.78000000000001));
#12455=CARTESIAN_POINT('',(-5.25,2.4,1.78000000000001));
#12456=CARTESIAN_POINT('',(-5.45,-1.33226762955019E-15,1.78000000000001));
#12457=CARTESIAN_POINT('',(-4.15,-1.99840144432528E-15,1.78000000000001));
#12458=CARTESIAN_POINT('',(-4.15,0.799999999999998,1.78000000000001));
#12459=CARTESIAN_POINT('',(5.64,0.799999999999998,1.78000000000001));
#12460=CARTESIAN_POINT('',(-5.25,0.799999999999998,1.78000000000001));
#12461=CARTESIAN_POINT('',(-5.25,-1.33226762955019E-15,1.78000000000001));
#12462=CARTESIAN_POINT('',(-5.25,-1.33226762955019E-15,1.78000000000001));
#12463=CARTESIAN_POINT('',(-5.25,2.4,1.05));
#12464=CARTESIAN_POINT('',(-5.25,2.4,1.05));
#12465=CARTESIAN_POINT('',(-5.45,2.4,1.05));
#12466=CARTESIAN_POINT('',(-5.25,2.565,1.05));
#12467=CARTESIAN_POINT('',(-5.45,2.565,1.05));
#12468=CARTESIAN_POINT('',(-5.25,2.565,1.05));
#12469=CARTESIAN_POINT('',(-5.25,2.4,0.));
#12470=CARTESIAN_POINT('',(-5.25,0.799999999999998,1.78000000000001));
#12471=CARTESIAN_POINT('',(-5.25,0.799999999999998,1.25000000000001));
#12472=CARTESIAN_POINT('',(-5.25,0.799999999999998,1.25000000000001));
#12473=CARTESIAN_POINT('',(-5.25,0.,0.));
#12474=CARTESIAN_POINT('',(-4.15,0.799999999999998,1.78000000000001));
#12475=CARTESIAN_POINT('',(-4.15,0.,0.));
#12476=CARTESIAN_POINT('',(5.64,0.799999999999998,1.25000000000001));
#12477=CARTESIAN_POINT('',(5.64,0.799999999999998,1.78000000000001));
#12478=CARTESIAN_POINT('',(5.64,0.799999999999998,1.25000000000001));
#12479=CARTESIAN_POINT('',(-3.65,0.35,1.67000000000001));
#12480=CARTESIAN_POINT('',(-3.65,1.75,1.67000000000001));
#12481=CARTESIAN_POINT('',(-3.85,0.35,1.67000000000001));
#12482=CARTESIAN_POINT('',(-3.85,1.75,1.67000000000001));
#12483=CARTESIAN_POINT('',(4.24,1.75,1.67000000000001));
#12484=CARTESIAN_POINT('',(-3.65,0.35,1.67000000000001));
#12485=CARTESIAN_POINT('',(-3.15,0.35,1.67000000000001));
#12486=CARTESIAN_POINT('',(-3.15,1.75,1.67000000000001));
#12487=CARTESIAN_POINT('',(-3.35,0.35,1.67000000000001));
#12488=CARTESIAN_POINT('',(-3.35,1.75,1.67000000000001));
#12489=CARTESIAN_POINT('',(4.24,1.75,1.67000000000001));
#12490=CARTESIAN_POINT('',(-3.15,0.35,1.67000000000001));
#12491=CARTESIAN_POINT('',(-2.65,0.35,1.67000000000001));
#12492=CARTESIAN_POINT('',(-2.65,1.75,1.67000000000001));
#12493=CARTESIAN_POINT('',(-2.85,0.35,1.67000000000001));
#12494=CARTESIAN_POINT('',(-2.85,1.75,1.67000000000001));
#12495=CARTESIAN_POINT('',(4.24,1.75,1.67000000000001));
#12496=CARTESIAN_POINT('',(-2.65,0.35,1.67000000000001));
#12497=CARTESIAN_POINT('',(-2.15,0.35,1.67000000000001));
#12498=CARTESIAN_POINT('',(-2.15,1.75,1.67000000000001));
#12499=CARTESIAN_POINT('',(-2.35,0.35,1.67000000000001));
#12500=CARTESIAN_POINT('',(-2.35,1.75,1.67000000000001));
#12501=CARTESIAN_POINT('',(4.24,1.75,1.67000000000001));
#12502=CARTESIAN_POINT('',(-2.15,0.35,1.67000000000001));
#12503=CARTESIAN_POINT('',(-1.65,0.35,1.67000000000001));
#12504=CARTESIAN_POINT('',(-1.65,1.75,1.67000000000001));
#12505=CARTESIAN_POINT('',(-1.85,0.35,1.67000000000001));
#12506=CARTESIAN_POINT('',(-1.85,1.75,1.67000000000001));
#12507=CARTESIAN_POINT('',(4.24,1.75,1.67000000000001));
#12508=CARTESIAN_POINT('',(-1.65,0.35,1.67000000000001));
#12509=CARTESIAN_POINT('',(-1.15,0.35,1.67000000000001));
#12510=CARTESIAN_POINT('',(-1.15,1.75,1.67000000000001));
#12511=CARTESIAN_POINT('',(-1.35,0.35,1.67000000000001));
#12512=CARTESIAN_POINT('',(-1.35,1.75,1.67000000000001));
#12513=CARTESIAN_POINT('',(4.24,1.75,1.67000000000001));
#12514=CARTESIAN_POINT('',(-1.15,0.35,1.67000000000001));
#12515=CARTESIAN_POINT('',(-0.65,0.35,1.67000000000001));
#12516=CARTESIAN_POINT('',(-0.65,1.75,1.67000000000001));
#12517=CARTESIAN_POINT('',(-0.85,0.35,1.67000000000001));
#12518=CARTESIAN_POINT('',(-0.85,1.75,1.67000000000001));
#12519=CARTESIAN_POINT('',(4.24,1.75,1.67000000000001));
#12520=CARTESIAN_POINT('',(-0.65,0.35,1.67000000000001));
#12521=CARTESIAN_POINT('',(-0.15,0.35,1.67000000000001));
#12522=CARTESIAN_POINT('',(-0.15,1.75,1.67000000000001));
#12523=CARTESIAN_POINT('',(-0.35,0.35,1.67000000000001));
#12524=CARTESIAN_POINT('',(-0.35,1.75,1.67000000000001));
#12525=CARTESIAN_POINT('',(4.24,1.75,1.67000000000001));
#12526=CARTESIAN_POINT('',(-0.15,0.35,1.67000000000001));
#12527=CARTESIAN_POINT('',(0.35,0.35,1.67000000000001));
#12528=CARTESIAN_POINT('',(0.35,1.75,1.67000000000001));
#12529=CARTESIAN_POINT('',(0.15,0.35,1.67000000000001));
#12530=CARTESIAN_POINT('',(0.15,1.75,1.67000000000001));
#12531=CARTESIAN_POINT('',(4.24,1.75,1.67000000000001));
#12532=CARTESIAN_POINT('',(0.35,0.35,1.67000000000001));
#12533=CARTESIAN_POINT('',(0.85,0.35,1.67000000000001));
#12534=CARTESIAN_POINT('',(0.85,1.75,1.67000000000001));
#12535=CARTESIAN_POINT('',(0.65,0.35,1.67000000000001));
#12536=CARTESIAN_POINT('',(0.65,1.75,1.67000000000001));
#12537=CARTESIAN_POINT('',(4.24,1.75,1.67000000000001));
#12538=CARTESIAN_POINT('',(0.85,0.35,1.67000000000001));
#12539=CARTESIAN_POINT('',(1.35,0.35,1.67000000000001));
#12540=CARTESIAN_POINT('',(1.35,1.75,1.67000000000001));
#12541=CARTESIAN_POINT('',(1.15,0.35,1.67000000000001));
#12542=CARTESIAN_POINT('',(1.15,1.75,1.67000000000001));
#12543=CARTESIAN_POINT('',(4.24,1.75,1.67000000000001));
#12544=CARTESIAN_POINT('',(1.35,0.35,1.67000000000001));
#12545=CARTESIAN_POINT('',(1.85,0.35,1.67000000000001));
#12546=CARTESIAN_POINT('',(1.85,1.75,1.67000000000001));
#12547=CARTESIAN_POINT('',(1.65,0.35,1.67000000000001));
#12548=CARTESIAN_POINT('',(1.65,1.75,1.67000000000001));
#12549=CARTESIAN_POINT('',(4.24,1.75,1.67000000000001));
#12550=CARTESIAN_POINT('',(1.85,0.35,1.67000000000001));
#12551=CARTESIAN_POINT('',(2.35,0.35,1.67000000000001));
#12552=CARTESIAN_POINT('',(2.35,1.75,1.67000000000001));
#12553=CARTESIAN_POINT('',(2.15,0.35,1.67000000000001));
#12554=CARTESIAN_POINT('',(2.15,1.75,1.67000000000001));
#12555=CARTESIAN_POINT('',(4.24,1.75,1.67000000000001));
#12556=CARTESIAN_POINT('',(2.35,0.35,1.67000000000001));
#12557=CARTESIAN_POINT('',(2.85,0.35,1.67000000000001));
#12558=CARTESIAN_POINT('',(2.85,1.75,1.67000000000001));
#12559=CARTESIAN_POINT('',(2.65,0.35,1.67000000000001));
#12560=CARTESIAN_POINT('',(2.65,1.75,1.67000000000001));
#12561=CARTESIAN_POINT('',(4.24,1.75,1.67000000000001));
#12562=CARTESIAN_POINT('',(2.85,0.35,1.67000000000001));
#12563=CARTESIAN_POINT('',(3.35,0.35,1.67000000000001));
#12564=CARTESIAN_POINT('',(3.35,1.75,1.67000000000001));
#12565=CARTESIAN_POINT('',(3.15,0.35,1.67000000000001));
#12566=CARTESIAN_POINT('',(3.15,1.75,1.67000000000001));
#12567=CARTESIAN_POINT('',(4.24,1.75,1.67000000000001));
#12568=CARTESIAN_POINT('',(3.35,0.35,1.67000000000001));
#12569=CARTESIAN_POINT('',(3.85,0.35,1.67000000000001));
#12570=CARTESIAN_POINT('',(3.85,1.75,1.67000000000001));
#12571=CARTESIAN_POINT('',(3.65,0.35,1.67000000000001));
#12572=CARTESIAN_POINT('',(3.65,1.75,1.67000000000001));
#12573=CARTESIAN_POINT('',(4.24,1.75,1.67000000000001));
#12574=CARTESIAN_POINT('',(3.85,0.35,1.67000000000001));
#12575=CARTESIAN_POINT('',(-4.2,0.,0.));
#12576=CARTESIAN_POINT('',(-4.2,7.43789158854273E-17,0.720000000000011));
#12577=CARTESIAN_POINT('',(4.24,7.43789158854273E-17,0.720000000000011));
#12578=CARTESIAN_POINT('',(-4.24,7.43789158854273E-17,0.720000000000011));
#12579=CARTESIAN_POINT('',(-4.24,0.,1.85000000000001));
#12580=CARTESIAN_POINT('',(0.,0.,0.));
#12581=CARTESIAN_POINT('',(4.24,0.,1.85000000000001));
#12582=CARTESIAN_POINT('',(4.24,7.43789158854273E-17,0.720000000000011));
#12583=CARTESIAN_POINT('',(4.24,7.43789158854273E-17,0.720000000000011));
#12584=CARTESIAN_POINT('',(4.2,-1.23995488413673E-16,0.720000000000011));
#12585=CARTESIAN_POINT('',(4.2,0.,0.));
#12586=CARTESIAN_POINT('',(0.,0.,0.));
#12587=CARTESIAN_POINT('',(5.45,2.4,0.));
#12588=CARTESIAN_POINT('',(5.45,2.4,1.85));
#12589=CARTESIAN_POINT('',(5.45,2.4,0.));
#12590=CARTESIAN_POINT('',(5.45,2.4,0.990000000000001));
#12591=CARTESIAN_POINT('',(5.45,2.4,0.990000000000001));
#12592=CARTESIAN_POINT('',(5.45,2.4,0.45));
#12593=CARTESIAN_POINT('',(5.45,3.15,0.449999999999994));
#12594=CARTESIAN_POINT('',(5.45,3.15,0.450000000000001));
#12595=CARTESIAN_POINT('',(5.45,3.15,1.85000000000001));
#12596=CARTESIAN_POINT('',(5.45,3.15,1.85000000000001));
#12597=CARTESIAN_POINT('',(5.45,2.4,0.990000000000001));
#12598=CARTESIAN_POINT('',(5.955,2.4,1.85));
#12599=CARTESIAN_POINT('',(5.155,2.4,1.85));
#12600=CARTESIAN_POINT('',(5.155,2.4,1.85));
#12601=CARTESIAN_POINT('',(5.155,2.4,0.990000000000001));
#12602=CARTESIAN_POINT('',(5.155,2.4,0.990000000000001));
#12603=CARTESIAN_POINT('',(0.,2.4,0.));
#12604=CARTESIAN_POINT('',(-5.955,0.55,1.85));
#12605=CARTESIAN_POINT('',(-5.955,0.55,0.65));
#12606=CARTESIAN_POINT('',(-5.955,0.55,1.85));
#12607=CARTESIAN_POINT('',(-5.955,0.55,1.65000000000001));
#12608=CARTESIAN_POINT('',(-5.955,0.749999999999999,1.65000000000001));
#12609=CARTESIAN_POINT('',(-5.955,0.75,1.85000000000001));
#12610=CARTESIAN_POINT('',(-5.955,2.4,1.85));
#12611=CARTESIAN_POINT('',(-5.955,0.0500000000000006,1.85));
#12612=CARTESIAN_POINT('',(-5.955,0.0500000000000004,4.33680868994202E-15));
#12613=CARTESIAN_POINT('',(-5.955,0.0500000000000006,0.45));
#12614=CARTESIAN_POINT('',(-5.955,2.4,0.45));
#12615=CARTESIAN_POINT('',(-5.955,0.75,0.449999999999994));
#12616=CARTESIAN_POINT('',(-5.955,0.75,0.649999999999994));
#12617=CARTESIAN_POINT('',(-5.955,2.4,1.85));
#12618=CARTESIAN_POINT('',(-5.45,0.55,0.65));
#12619=CARTESIAN_POINT('',(-6.45,0.55,0.65));
#12620=CARTESIAN_POINT('',(-6.45,0.55,1.65000000000001));
#12621=CARTESIAN_POINT('',(-6.45,0.55,1.65000000000001));
#12622=CARTESIAN_POINT('',(-5.45,0.55,1.65000000000001));
#12623=CARTESIAN_POINT('',(-5.45,0.55,1.65000000000001));
#12624=CARTESIAN_POINT('',(4.95,3.15,0.));
#12625=CARTESIAN_POINT('',(4.95,3.15,0.300000000000004));
#12626=CARTESIAN_POINT('',(4.95,3.15,0.300000000000004));
#12627=CARTESIAN_POINT('',(4.55,3.15,0.300000000000004));
#12628=CARTESIAN_POINT('',(4.55,3.15,0.));
#12629=CARTESIAN_POINT('',(3.35,3.15,0.));
#12630=CARTESIAN_POINT('',(3.35,3.15,0.299999999999998));
#12631=CARTESIAN_POINT('',(3.15,3.15,0.299999999999998));
#12632=CARTESIAN_POINT('',(3.15,3.15,0.299999999999998));
#12633=CARTESIAN_POINT('',(3.15,3.15,0.));
#12634=CARTESIAN_POINT('',(2.35,3.15,0.));
#12635=CARTESIAN_POINT('',(2.35,3.15,0.299999999999998));
#12636=CARTESIAN_POINT('',(2.15,3.15,0.299999999999998));
#12637=CARTESIAN_POINT('',(2.15,3.15,0.299999999999998));
#12638=CARTESIAN_POINT('',(2.15,3.15,0.));
#12639=CARTESIAN_POINT('',(1.35,3.15,0.));
#12640=CARTESIAN_POINT('',(1.35,3.15,0.299999999999998));
#12641=CARTESIAN_POINT('',(1.15,3.15,0.299999999999998));
#12642=CARTESIAN_POINT('',(1.15,3.15,0.299999999999998));
#12643=CARTESIAN_POINT('',(1.15,3.15,0.));
#12644=CARTESIAN_POINT('',(0.35,3.15,0.));
#12645=CARTESIAN_POINT('',(0.35,3.15,0.299999999999998));
#12646=CARTESIAN_POINT('',(0.15,3.15,0.299999999999998));
#12647=CARTESIAN_POINT('',(0.15,3.15,0.299999999999998));
#12648=CARTESIAN_POINT('',(0.15,3.15,0.));
#12649=CARTESIAN_POINT('',(-0.65,3.15,0.));
#12650=CARTESIAN_POINT('',(-0.65,3.15,0.299999999999998));
#12651=CARTESIAN_POINT('',(-0.85,3.15,0.299999999999998));
#12652=CARTESIAN_POINT('',(-0.85,3.15,0.299999999999998));
#12653=CARTESIAN_POINT('',(-0.85,3.15,0.));
#12654=CARTESIAN_POINT('',(-1.65,3.15,0.));
#12655=CARTESIAN_POINT('',(-1.65,3.15,0.299999999999998));
#12656=CARTESIAN_POINT('',(-1.85,3.15,0.299999999999998));
#12657=CARTESIAN_POINT('',(-1.85,3.15,0.299999999999998));
#12658=CARTESIAN_POINT('',(-1.85,3.15,0.));
#12659=CARTESIAN_POINT('',(-2.65,3.15,0.));
#12660=CARTESIAN_POINT('',(-2.65,3.15,0.299999999999998));
#12661=CARTESIAN_POINT('',(-2.85,3.15,0.299999999999998));
#12662=CARTESIAN_POINT('',(-2.85,3.15,0.299999999999998));
#12663=CARTESIAN_POINT('',(-2.85,3.15,0.));
#12664=CARTESIAN_POINT('',(-3.65,3.15,0.));
#12665=CARTESIAN_POINT('',(-3.65,3.15,0.299999999999998));
#12666=CARTESIAN_POINT('',(-3.85,3.15,0.299999999999998));
#12667=CARTESIAN_POINT('',(-3.85,3.15,0.299999999999998));
#12668=CARTESIAN_POINT('',(-3.85,3.15,0.));
#12669=CARTESIAN_POINT('',(-4.55,3.15,0.));
#12670=CARTESIAN_POINT('',(-4.55,3.15,0.300000000000004));
#12671=CARTESIAN_POINT('',(-4.95,3.15,0.300000000000004));
#12672=CARTESIAN_POINT('',(-4.95,3.15,0.300000000000004));
#12673=CARTESIAN_POINT('',(-4.95,3.15,0.));
#12674=CARTESIAN_POINT('',(-6.45,3.15,2.3));
#12675=CARTESIAN_POINT('',(-6.45,3.15,0.450000000000001));
#12676=CARTESIAN_POINT('',(-5.45,3.15,0.450000000000001));
#12677=CARTESIAN_POINT('',(-5.45,3.15,0.450000000000001));
#12678=CARTESIAN_POINT('',(-5.45,3.15,0.450000000000001));
#12679=CARTESIAN_POINT('',(-5.45,3.15,1.85000000000001));
#12680=CARTESIAN_POINT('',(-5.45,3.15,1.85000000000001));
#12681=CARTESIAN_POINT('',(-6.45,3.15,1.85000000000001));
#12682=CARTESIAN_POINT('',(-6.45,3.15,2.3));
#12683=CARTESIAN_POINT('',(-6.45,3.15,2.3));
#12684=CARTESIAN_POINT('',(6.45,3.15,2.3));
#12685=CARTESIAN_POINT('',(-4.95,3.15,2.3));
#12686=CARTESIAN_POINT('',(-4.95,3.15,0.));
#12687=CARTESIAN_POINT('',(-4.95,3.15,2.));
#12688=CARTESIAN_POINT('',(-4.95,3.15,2.));
#12689=CARTESIAN_POINT('',(-4.55,3.15,2.));
#12690=CARTESIAN_POINT('',(-4.55,3.15,0.));
#12691=CARTESIAN_POINT('',(-4.55,3.15,2.3));
#12692=CARTESIAN_POINT('',(6.45,3.15,2.3));
#12693=CARTESIAN_POINT('',(-3.35,3.15,2.3));
#12694=CARTESIAN_POINT('',(-3.35,3.15,0.));
#12695=CARTESIAN_POINT('',(-3.35,3.15,2.00000000000001));
#12696=CARTESIAN_POINT('',(-3.15,3.15,2.00000000000001));
#12697=CARTESIAN_POINT('',(-3.15,3.15,2.00000000000001));
#12698=CARTESIAN_POINT('',(-3.15,3.15,0.));
#12699=CARTESIAN_POINT('',(-3.15,3.15,2.3));
#12700=CARTESIAN_POINT('',(6.45,3.15,2.3));
#12701=CARTESIAN_POINT('',(-2.35,3.15,2.3));
#12702=CARTESIAN_POINT('',(-2.35,3.15,0.));
#12703=CARTESIAN_POINT('',(-2.35,3.15,2.00000000000001));
#12704=CARTESIAN_POINT('',(-2.15,3.15,2.00000000000001));
#12705=CARTESIAN_POINT('',(-2.15,3.15,2.00000000000001));
#12706=CARTESIAN_POINT('',(-2.15,3.15,0.));
#12707=CARTESIAN_POINT('',(-2.15,3.15,2.3));
#12708=CARTESIAN_POINT('',(6.45,3.15,2.3));
#12709=CARTESIAN_POINT('',(-1.35,3.15,2.3));
#12710=CARTESIAN_POINT('',(-1.35,3.15,0.));
#12711=CARTESIAN_POINT('',(-1.35,3.15,2.00000000000001));
#12712=CARTESIAN_POINT('',(-1.15,3.15,2.00000000000001));
#12713=CARTESIAN_POINT('',(-1.15,3.15,2.00000000000001));
#12714=CARTESIAN_POINT('',(-1.15,3.15,0.));
#12715=CARTESIAN_POINT('',(-1.15,3.15,2.3));
#12716=CARTESIAN_POINT('',(6.45,3.15,2.3));
#12717=CARTESIAN_POINT('',(-0.35,3.15,2.3));
#12718=CARTESIAN_POINT('',(-0.35,3.15,0.));
#12719=CARTESIAN_POINT('',(-0.35,3.15,2.00000000000001));
#12720=CARTESIAN_POINT('',(-0.15,3.15,2.00000000000001));
#12721=CARTESIAN_POINT('',(-0.15,3.15,2.00000000000001));
#12722=CARTESIAN_POINT('',(-0.15,3.15,0.));
#12723=CARTESIAN_POINT('',(-0.15,3.15,2.3));
#12724=CARTESIAN_POINT('',(6.45,3.15,2.3));
#12725=CARTESIAN_POINT('',(0.65,3.15,2.3));
#12726=CARTESIAN_POINT('',(0.65,3.15,0.));
#12727=CARTESIAN_POINT('',(0.65,3.15,2.00000000000001));
#12728=CARTESIAN_POINT('',(0.85,3.15,2.00000000000001));
#12729=CARTESIAN_POINT('',(0.85,3.15,2.00000000000001));
#12730=CARTESIAN_POINT('',(0.85,3.15,0.));
#12731=CARTESIAN_POINT('',(0.85,3.15,2.3));
#12732=CARTESIAN_POINT('',(6.45,3.15,2.3));
#12733=CARTESIAN_POINT('',(1.65,3.15,2.3));
#12734=CARTESIAN_POINT('',(1.65,3.15,0.));
#12735=CARTESIAN_POINT('',(1.65,3.15,2.00000000000001));
#12736=CARTESIAN_POINT('',(1.85,3.15,2.00000000000001));
#12737=CARTESIAN_POINT('',(1.85,3.15,2.00000000000001));
#12738=CARTESIAN_POINT('',(1.85,3.15,0.));
#12739=CARTESIAN_POINT('',(1.85,3.15,2.3));
#12740=CARTESIAN_POINT('',(6.45,3.15,2.3));
#12741=CARTESIAN_POINT('',(2.65,3.15,2.3));
#12742=CARTESIAN_POINT('',(2.65,3.15,0.));
#12743=CARTESIAN_POINT('',(2.65,3.15,2.00000000000001));
#12744=CARTESIAN_POINT('',(2.85,3.15,2.00000000000001));
#12745=CARTESIAN_POINT('',(2.85,3.15,2.00000000000001));
#12746=CARTESIAN_POINT('',(2.85,3.15,0.));
#12747=CARTESIAN_POINT('',(2.85,3.15,2.3));
#12748=CARTESIAN_POINT('',(6.45,3.15,2.3));
#12749=CARTESIAN_POINT('',(3.65,3.15,2.3));
#12750=CARTESIAN_POINT('',(3.65,3.15,0.));
#12751=CARTESIAN_POINT('',(3.65,3.15,2.00000000000001));
#12752=CARTESIAN_POINT('',(3.85,3.15,2.00000000000001));
#12753=CARTESIAN_POINT('',(3.85,3.15,2.00000000000001));
#12754=CARTESIAN_POINT('',(3.85,3.15,0.));
#12755=CARTESIAN_POINT('',(3.85,3.15,2.3));
#12756=CARTESIAN_POINT('',(6.45,3.15,2.3));
#12757=CARTESIAN_POINT('',(4.55,3.15,2.3));
#12758=CARTESIAN_POINT('',(4.55,3.15,0.));
#12759=CARTESIAN_POINT('',(4.55,3.15,2.));
#12760=CARTESIAN_POINT('',(4.95,3.15,2.));
#12761=CARTESIAN_POINT('',(4.95,3.15,2.));
#12762=CARTESIAN_POINT('',(4.95,3.15,0.));
#12763=CARTESIAN_POINT('',(4.95,3.15,2.3));
#12764=CARTESIAN_POINT('',(6.45,3.15,2.3));
#12765=CARTESIAN_POINT('',(6.45,3.15,2.3));
#12766=CARTESIAN_POINT('',(6.45,3.15,4.44089209850063E-16));
#12767=CARTESIAN_POINT('',(6.45,3.15,1.85000000000001));
#12768=CARTESIAN_POINT('',(5.45,3.15,1.85000000000001));
#12769=CARTESIAN_POINT('',(5.45,3.15,0.450000000000001));
#12770=CARTESIAN_POINT('',(6.45,3.15,0.450000000000001));
#12771=CARTESIAN_POINT('',(6.45,3.15,4.44089209850063E-16));
#12772=CARTESIAN_POINT('',(0.,3.15,0.));
#12773=CARTESIAN_POINT('',(4.95,3.15,2.3));
#12774=CARTESIAN_POINT('',(4.95,2.80000000000001,2.3));
#12775=CARTESIAN_POINT('',(6.45,2.80000000000001,2.3));
#12776=CARTESIAN_POINT('',(4.55,2.80000000000001,2.3));
#12777=CARTESIAN_POINT('',(4.55,3.15,2.3));
#12778=CARTESIAN_POINT('',(3.85,3.15,2.3));
#12779=CARTESIAN_POINT('',(3.85,2.8,2.3));
#12780=CARTESIAN_POINT('',(6.45,2.8,2.3));
#12781=CARTESIAN_POINT('',(3.65,2.8,2.3));
#12782=CARTESIAN_POINT('',(3.65,3.15,2.3));
#12783=CARTESIAN_POINT('',(2.85,3.15,2.3));
#12784=CARTESIAN_POINT('',(2.85,2.8,2.3));
#12785=CARTESIAN_POINT('',(6.45,2.8,2.3));
#12786=CARTESIAN_POINT('',(2.65,2.8,2.3));
#12787=CARTESIAN_POINT('',(2.65,3.15,2.3));
#12788=CARTESIAN_POINT('',(1.85,3.15,2.3));
#12789=CARTESIAN_POINT('',(1.85,2.8,2.3));
#12790=CARTESIAN_POINT('',(6.45,2.8,2.3));
#12791=CARTESIAN_POINT('',(1.65,2.8,2.3));
#12792=CARTESIAN_POINT('',(1.65,3.15,2.3));
#12793=CARTESIAN_POINT('',(0.85,3.15,2.3));
#12794=CARTESIAN_POINT('',(0.85,2.8,2.3));
#12795=CARTESIAN_POINT('',(6.45,2.8,2.3));
#12796=CARTESIAN_POINT('',(0.65,2.8,2.3));
#12797=CARTESIAN_POINT('',(0.65,3.15,2.3));
#12798=CARTESIAN_POINT('',(-0.15,3.15,2.3));
#12799=CARTESIAN_POINT('',(-0.15,2.8,2.3));
#12800=CARTESIAN_POINT('',(6.45,2.8,2.3));
#12801=CARTESIAN_POINT('',(-0.35,2.8,2.3));
#12802=CARTESIAN_POINT('',(-0.35,3.15,2.3));
#12803=CARTESIAN_POINT('',(-1.15,3.15,2.3));
#12804=CARTESIAN_POINT('',(-1.15,2.8,2.3));
#12805=CARTESIAN_POINT('',(6.45,2.8,2.3));
#12806=CARTESIAN_POINT('',(-1.35,2.8,2.3));
#12807=CARTESIAN_POINT('',(-1.35,3.15,2.3));
#12808=CARTESIAN_POINT('',(-2.15,3.15,2.3));
#12809=CARTESIAN_POINT('',(-2.15,2.8,2.3));
#12810=CARTESIAN_POINT('',(6.45,2.8,2.3));
#12811=CARTESIAN_POINT('',(-2.35,2.8,2.3));
#12812=CARTESIAN_POINT('',(-2.35,3.15,2.3));
#12813=CARTESIAN_POINT('',(-3.15,3.15,2.3));
#12814=CARTESIAN_POINT('',(-3.15,2.8,2.3));
#12815=CARTESIAN_POINT('',(6.45,2.8,2.3));
#12816=CARTESIAN_POINT('',(-3.35,2.8,2.3));
#12817=CARTESIAN_POINT('',(-3.35,3.15,2.3));
#12818=CARTESIAN_POINT('',(-4.55,3.15,2.3));
#12819=CARTESIAN_POINT('',(-4.55,2.80000000000001,2.3));
#12820=CARTESIAN_POINT('',(6.45,2.80000000000001,2.3));
#12821=CARTESIAN_POINT('',(-4.95,2.80000000000001,2.3));
#12822=CARTESIAN_POINT('',(-4.95,3.15,2.3));
#12823=CARTESIAN_POINT('',(-6.45,3.15,2.3));
#12824=CARTESIAN_POINT('',(-6.45,0.0500000000000005,2.3));
#12825=CARTESIAN_POINT('',(-5.85000000000001,0.0500000000000004,2.3));
#12826=CARTESIAN_POINT('',(-5.85000000000001,0.0500000000000001,2.3));
#12827=CARTESIAN_POINT('',(-5.85000000000001,2.55,2.3));
#12828=CARTESIAN_POINT('',(-5.85000000000001,2.55,2.3));
#12829=CARTESIAN_POINT('',(-5.70000000000001,2.55,2.3));
#12830=CARTESIAN_POINT('',(-5.55000000000001,2.55,2.3));
#12831=CARTESIAN_POINT('',(-5.55000000000001,0.,2.3));
#12832=CARTESIAN_POINT('',(5.55,2.55,2.3));
#12833=CARTESIAN_POINT('',(5.55,2.55,2.3));
#12834=CARTESIAN_POINT('',(5.7,2.55,2.3));
#12835=CARTESIAN_POINT('',(5.85,2.55,2.3));
#12836=CARTESIAN_POINT('',(5.85,0.0500000000000003,2.3));
#12837=CARTESIAN_POINT('',(5.85,0.0500000000000004,2.3));
#12838=CARTESIAN_POINT('',(6.45,0.0500000000000005,2.3));
#12839=CARTESIAN_POINT('',(6.45,0.0500000000000003,2.3));
#12840=CARTESIAN_POINT('',(6.45,3.15,2.3));
#12841=CARTESIAN_POINT('',(6.45,3.15,2.3));
#12842=CARTESIAN_POINT('',(-4.1,1.1,1.85000000000001));
#12843=CARTESIAN_POINT('',(-4.1,1.1,1.85000000000001));
#12844=CARTESIAN_POINT('',(-4.24,1.1,1.85000000000001));
#12845=CARTESIAN_POINT('',(-4.1,1.99840144432528E-15,1.85000000000001));
#12846=CARTESIAN_POINT('',(-5.55000000000001,1.7056192541343E-31,1.85));
#12847=CARTESIAN_POINT('',(-5.55000000000001,2.55,1.85000000000001));
#12848=CARTESIAN_POINT('',(-5.70000000000001,2.55,1.85000000000001));
#12849=CARTESIAN_POINT('',(-5.85000000000001,2.55,1.85000000000001));
#12850=CARTESIAN_POINT('',(-5.85000000000001,2.55,1.85));
#12851=CARTESIAN_POINT('',(-5.85000000000001,0.0500000000000001,1.85));
#12852=CARTESIAN_POINT('',(-5.85000000000001,0.0500000000000004,1.85));
#12853=CARTESIAN_POINT('',(-5.45,0.75,1.85000000000001));
#12854=CARTESIAN_POINT('',(-6.45,0.75,1.85000000000001));
#12855=CARTESIAN_POINT('',(-6.45,3.15,1.85000000000001));
#12856=CARTESIAN_POINT('',(-5.45,3.15,1.85000000000001));
#12857=CARTESIAN_POINT('',(-5.45,2.4,1.85000000000001));
#12858=CARTESIAN_POINT('',(-5.155,2.4,1.85));
#12859=CARTESIAN_POINT('',(-5.155,2.4,1.85));
#12860=CARTESIAN_POINT('',(-5.155,2.4,1.85));
#12861=CARTESIAN_POINT('',(-5.155,0.9,1.85));
#12862=CARTESIAN_POINT('',(-4.24,0.9,1.85));
#12863=CARTESIAN_POINT('',(-4.24,0.9,1.85));
#12864=CARTESIAN_POINT('',(-4.24,1.75,1.85000000000001));
#12865=CARTESIAN_POINT('',(4.24,1.75,1.85000000000001));
#12866=CARTESIAN_POINT('',(4.24,1.1,1.72000000000001));
#12867=CARTESIAN_POINT('',(4.24,1.1,1.72000000000001));
#12868=CARTESIAN_POINT('',(4.24,1.1,1.85000000000001));
#12869=CARTESIAN_POINT('',(4.24,1.75,1.72000000000001));
#12870=CARTESIAN_POINT('',(4.24,1.75,1.72000000000001));
#12871=CARTESIAN_POINT('',(4.24,1.75,0.720000000000011));
#12872=CARTESIAN_POINT('',(4.24,1.75,0.720000000000011));
#12873=CARTESIAN_POINT('',(4.24,0.,0.720000000000011));
#12874=CARTESIAN_POINT('',(4.24,0.9,1.19));
#12875=CARTESIAN_POINT('',(4.24,0.9,1.19));
#12876=CARTESIAN_POINT('',(4.24,0.9,1.85));
#12877=CARTESIAN_POINT('',(4.24,0.9,1.85));
#12878=CARTESIAN_POINT('',(4.24,1.75,1.85000000000001));
#12879=CARTESIAN_POINT('',(4.24,0.,0.));
#12880=CARTESIAN_POINT('',(-4.24,1.1,1.72000000000001));
#12881=CARTESIAN_POINT('',(-4.24,1.1,1.72000000000001));
#12882=CARTESIAN_POINT('',(-4.24,1.75,1.72000000000001));
#12883=CARTESIAN_POINT('',(-4.24,1.1,1.72000000000001));
#12884=CARTESIAN_POINT('',(-4.24,0.9,1.19));
#12885=CARTESIAN_POINT('',(-4.24,0.9,1.19));
#12886=CARTESIAN_POINT('',(-4.24,0.9,1.19));
#12887=CARTESIAN_POINT('',(-4.24,0.,0.720000000000011));
#12888=CARTESIAN_POINT('',(-4.24,1.75,0.720000000000011));
#12889=CARTESIAN_POINT('',(-4.24,1.75,0.720000000000011));
#12890=CARTESIAN_POINT('',(-4.24,0.,0.));
#12891=CARTESIAN_POINT('',(-5.155,0.9,1.85));
#12892=CARTESIAN_POINT('',(-5.155,0.9,1.19));
#12893=CARTESIAN_POINT('',(-5.155,2.4,0.989999999999994));
#12894=CARTESIAN_POINT('',(-5.155,2.4,0.989999999999994));
#12895=CARTESIAN_POINT('',(-5.155,2.4,0.989999999999994));
#12896=CARTESIAN_POINT('',(-5.155,0.9,1.19));
#12897=CARTESIAN_POINT('',(-5.155,2.4,0.989999999999994));
#12898=CARTESIAN_POINT('',(-5.85000000000001,2.55,4.33680868994202E-15));
#12899=CARTESIAN_POINT('',(-5.85000000000001,2.55,0.450000000000001));
#12900=CARTESIAN_POINT('',(-5.85000000000001,2.55,0.449999999999999));
#12901=CARTESIAN_POINT('',(-5.85000000000001,0.0500000000000004,0.449999999999999));
#12902=CARTESIAN_POINT('',(-5.85000000000001,0.0500000000000001,4.33680868994202E-15));
#12903=CARTESIAN_POINT('',(-5.85000000000001,2.55,4.33680868994202E-15));
#12904=CARTESIAN_POINT('',(-5.55000000000001,2.5,0.08));
#12905=CARTESIAN_POINT('',(-5.55000000000001,2.5,0.08));
#12906=CARTESIAN_POINT('',(-5.55000000000001,2.5,0.08));
#12907=CARTESIAN_POINT('',(-5.55000000000001,-1.24874880366908E-30,0.449999999999997));
#12908=CARTESIAN_POINT('',(-5.55000000000001,2.55,0.450000000000001));
#12909=CARTESIAN_POINT('',(-5.55000000000001,2.55,4.33680868994202E-15));
#12910=CARTESIAN_POINT('',(-5.55000000000001,0.,4.33680868994202E-15));
#12911=CARTESIAN_POINT('',(-5.70000000000001,2.55,0.450000000000001));
#12912=CARTESIAN_POINT('',(-5.70000000000001,2.55,4.33680868994202E-15));
#12913=CARTESIAN_POINT('',(-5.55000000000001,2.55,4.33680868994202E-15));
#12914=CARTESIAN_POINT('',(-5.85000000000001,2.55,4.33680868994202E-15));
#12915=CARTESIAN_POINT('',(-5.70000000000001,2.55,4.33680868994202E-15));
#12916=CARTESIAN_POINT('',(5.55000000000001,7.99360577730113E-15,0.08));
#12917=CARTESIAN_POINT('',(5.55000000000001,2.5,0.08));
#12918=CARTESIAN_POINT('',(5.55000000000001,2.5,0.08));
#12919=CARTESIAN_POINT('',(5.55,2.55,4.33680868994202E-15));
#12920=CARTESIAN_POINT('',(5.55,2.55,0.450000000000001));
#12921=CARTESIAN_POINT('',(5.55,2.55,0.45));
#12922=CARTESIAN_POINT('',(5.55,2.55,4.33680868994202E-15));
#12923=CARTESIAN_POINT('',(5.85,0.0500000000000003,0.45));
#12924=CARTESIAN_POINT('',(5.85,0.0500000000000004,0.45));
#12925=CARTESIAN_POINT('',(5.85,2.55,0.450000000000001));
#12926=CARTESIAN_POINT('',(5.85,2.55,4.33680868994202E-15));
#12927=CARTESIAN_POINT('',(5.85,0.0500000000000004,4.33680868994202E-15));
#12928=CARTESIAN_POINT('',(5.85,0.0500000000000003,4.33680868994202E-15));
#12929=CARTESIAN_POINT('',(5.7,2.55,0.450000000000001));
#12930=CARTESIAN_POINT('',(5.7,2.55,4.33680868994202E-15));
#12931=CARTESIAN_POINT('',(-6.45,0.749999999999999,1.65000000000001));
#12932=CARTESIAN_POINT('',(-6.45,0.75,0.649999999999994));
#12933=CARTESIAN_POINT('',(-6.45,0.75,0.449999999999994));
#12934=CARTESIAN_POINT('',(-6.45,0.75,0.45));
#12935=CARTESIAN_POINT('',(-6.45,0.0500000000000005,4.33680868994202E-15));
#12936=CARTESIAN_POINT('',(-6.45,3.15,2.3));
#12937=CARTESIAN_POINT('',(6.45,3.15,1.85000000000001));
#12938=CARTESIAN_POINT('',(6.45,0.75,1.85000000000001));
#12939=CARTESIAN_POINT('',(6.45,0.0500000000000003,4.33680868994202E-16));
#12940=CARTESIAN_POINT('',(6.45,0.75,0.45));
#12941=CARTESIAN_POINT('',(6.45,0.75,0.449999999999994));
#12942=CARTESIAN_POINT('',(6.45,0.75,0.649999999999994));
#12943=CARTESIAN_POINT('',(6.45,0.55,0.65));
#12944=CARTESIAN_POINT('',(6.45,0.55,1.65000000000001));
#12945=CARTESIAN_POINT('',(6.45,0.55,1.65000000000001));
#12946=CARTESIAN_POINT('',(6.45,0.749999999999999,1.65000000000001));
#12947=CARTESIAN_POINT('',(6.45,3.15,4.44089209850063E-16));
#12948=CARTESIAN_POINT('',(-5.85000000000001,0.0500000000000001,4.33680868994202E-15));
#12949=CARTESIAN_POINT('',(-5.85000000000001,2.55,4.33680868994202E-15));
#12950=CARTESIAN_POINT('',(-5.85,0.0500000000000004,0.449999999999999));
#12951=CARTESIAN_POINT('',(-5.85000000000001,0.0500000000000004,4.33680868994202E-15));
#12952=CARTESIAN_POINT('',(-5.55000000000001,0.,4.33680868994202E-15));
#12953=CARTESIAN_POINT('',(5.55,2.55,1.85));
#12954=CARTESIAN_POINT('',(5.55,2.55,1.85000000000001));
#12955=CARTESIAN_POINT('',(5.55,2.55,4.33680868994202E-15));
#12956=CARTESIAN_POINT('',(5.55,2.55,4.33680868994202E-15));
#12957=CARTESIAN_POINT('',(5.955,0.0500000000000004,4.33680868994202E-15));
#12958=CARTESIAN_POINT('',(5.955,0.0500000000000006,1.85));
#12959=CARTESIAN_POINT('',(5.955,0.0500000000000006,0.45));
#12960=CARTESIAN_POINT('',(6.45,0.0500000000000005,0.45));
#12961=CARTESIAN_POINT('',(5.85,0.0500000000000004,4.33680868994202E-15));
#12962=CARTESIAN_POINT('',(5.85,0.0500000000000004,1.85));
#12963=CARTESIAN_POINT('',(6.45,0.0500000000000005,1.85));
#12964=CARTESIAN_POINT('',(6.45,0.0500000000000005,4.33680868994202E-15));
#12965=CARTESIAN_POINT('',(5.85,2.55,4.33680868994202E-15));
#12966=CARTESIAN_POINT('',(5.85,2.55,1.85000000000001));
#12967=CARTESIAN_POINT('',(5.85,0.0500000000000003,1.85));
#12968=CARTESIAN_POINT('',(5.85,0.0500000000000003,4.33680868994202E-15));
#12969=CARTESIAN_POINT('',(5.7,2.55,1.85000000000001));
#12970=CARTESIAN_POINT('',(5.7,2.55,4.33680868994202E-15));
#12971=CARTESIAN_POINT('',(3.85,0.,0.720000000000011));
#12972=CARTESIAN_POINT('',(3.85,-0.193430029674103,0.720000000000011));
#12973=CARTESIAN_POINT('',(3.85,1.75,0.720000000000011));
#12974=CARTESIAN_POINT('',(3.85,-0.193430029674103,0.720000000000011));
#12975=CARTESIAN_POINT('',(3.65,-0.193430029674103,0.720000000000011));
#12976=CARTESIAN_POINT('',(3.65,0.,0.720000000000011));
#12977=CARTESIAN_POINT('',(3.65,1.75,0.720000000000011));
#12978=CARTESIAN_POINT('',(4.24,1.75,0.720000000000011));
#12979=CARTESIAN_POINT('',(3.35,1.75,0.720000000000011));
#12980=CARTESIAN_POINT('',(3.35,0.,0.720000000000011));
#12981=CARTESIAN_POINT('',(3.35,-0.193430029674103,0.720000000000011));
#12982=CARTESIAN_POINT('',(3.35,-0.193430029674103,0.720000000000011));
#12983=CARTESIAN_POINT('',(3.15,-0.193430029674103,0.720000000000011));
#12984=CARTESIAN_POINT('',(3.15,0.,0.720000000000011));
#12985=CARTESIAN_POINT('',(3.15,1.75,0.720000000000011));
#12986=CARTESIAN_POINT('',(4.24,1.75,0.720000000000011));
#12987=CARTESIAN_POINT('',(2.85,1.75,0.720000000000011));
#12988=CARTESIAN_POINT('',(2.85,0.,0.720000000000011));
#12989=CARTESIAN_POINT('',(2.85,-0.193430029674103,0.720000000000011));
#12990=CARTESIAN_POINT('',(2.85,-0.193430029674103,0.720000000000011));
#12991=CARTESIAN_POINT('',(2.65,-0.193430029674103,0.720000000000011));
#12992=CARTESIAN_POINT('',(2.65,0.,0.720000000000011));
#12993=CARTESIAN_POINT('',(2.65,1.75,0.720000000000011));
#12994=CARTESIAN_POINT('',(4.24,1.75,0.720000000000011));
#12995=CARTESIAN_POINT('',(2.35,1.75,0.720000000000011));
#12996=CARTESIAN_POINT('',(2.35,0.,0.720000000000011));
#12997=CARTESIAN_POINT('',(2.35,-0.193430029674103,0.720000000000011));
#12998=CARTESIAN_POINT('',(2.35,-0.193430029674103,0.720000000000011));
#12999=CARTESIAN_POINT('',(2.15,-0.193430029674103,0.720000000000011));
#13000=CARTESIAN_POINT('',(2.15,0.,0.720000000000011));
#13001=CARTESIAN_POINT('',(2.15,1.75,0.720000000000011));
#13002=CARTESIAN_POINT('',(4.24,1.75,0.720000000000011));
#13003=CARTESIAN_POINT('',(1.85,1.75,0.720000000000011));
#13004=CARTESIAN_POINT('',(1.85,0.,0.720000000000011));
#13005=CARTESIAN_POINT('',(1.85,-0.193430029674103,0.720000000000011));
#13006=CARTESIAN_POINT('',(1.85,-0.193430029674103,0.720000000000011));
#13007=CARTESIAN_POINT('',(1.65,-0.193430029674103,0.720000000000011));
#13008=CARTESIAN_POINT('',(1.65,0.,0.720000000000011));
#13009=CARTESIAN_POINT('',(1.65,1.75,0.720000000000011));
#13010=CARTESIAN_POINT('',(4.24,1.75,0.720000000000011));
#13011=CARTESIAN_POINT('',(1.35,1.75,0.720000000000011));
#13012=CARTESIAN_POINT('',(1.35,0.,0.720000000000011));
#13013=CARTESIAN_POINT('',(1.35,-0.193430029674103,0.720000000000011));
#13014=CARTESIAN_POINT('',(1.35,-0.193430029674103,0.720000000000011));
#13015=CARTESIAN_POINT('',(1.15,-0.193430029674103,0.720000000000011));
#13016=CARTESIAN_POINT('',(1.15,0.,0.720000000000011));
#13017=CARTESIAN_POINT('',(1.15,1.75,0.720000000000011));
#13018=CARTESIAN_POINT('',(4.24,1.75,0.720000000000011));
#13019=CARTESIAN_POINT('',(0.85,1.75,0.720000000000011));
#13020=CARTESIAN_POINT('',(0.85,0.,0.720000000000011));
#13021=CARTESIAN_POINT('',(0.85,-0.193430029674103,0.720000000000011));
#13022=CARTESIAN_POINT('',(0.85,-0.193430029674103,0.720000000000011));
#13023=CARTESIAN_POINT('',(0.65,-0.193430029674103,0.720000000000011));
#13024=CARTESIAN_POINT('',(0.65,0.,0.720000000000011));
#13025=CARTESIAN_POINT('',(0.65,1.75,0.720000000000011));
#13026=CARTESIAN_POINT('',(4.24,1.75,0.720000000000011));
#13027=CARTESIAN_POINT('',(0.35,1.75,0.720000000000011));
#13028=CARTESIAN_POINT('',(0.35,0.,0.720000000000011));
#13029=CARTESIAN_POINT('',(0.35,-0.193430029674103,0.720000000000011));
#13030=CARTESIAN_POINT('',(0.35,-0.193430029674103,0.720000000000011));
#13031=CARTESIAN_POINT('',(0.15,-0.193430029674103,0.720000000000011));
#13032=CARTESIAN_POINT('',(0.15,0.,0.720000000000011));
#13033=CARTESIAN_POINT('',(0.15,1.75,0.720000000000011));
#13034=CARTESIAN_POINT('',(4.24,1.75,0.720000000000011));
#13035=CARTESIAN_POINT('',(-0.15,1.75,0.720000000000011));
#13036=CARTESIAN_POINT('',(-0.15,0.,0.720000000000011));
#13037=CARTESIAN_POINT('',(-0.15,-0.193430029674103,0.720000000000011));
#13038=CARTESIAN_POINT('',(-0.15,-0.193430029674103,0.720000000000011));
#13039=CARTESIAN_POINT('',(-0.35,-0.193430029674103,0.720000000000011));
#13040=CARTESIAN_POINT('',(-0.35,0.,0.720000000000011));
#13041=CARTESIAN_POINT('',(-0.35,1.75,0.720000000000011));
#13042=CARTESIAN_POINT('',(4.24,1.75,0.720000000000011));
#13043=CARTESIAN_POINT('',(-0.65,1.75,0.720000000000011));
#13044=CARTESIAN_POINT('',(-0.65,0.,0.720000000000011));
#13045=CARTESIAN_POINT('',(-0.65,-0.193430029674103,0.720000000000011));
#13046=CARTESIAN_POINT('',(-0.65,-0.193430029674103,0.720000000000011));
#13047=CARTESIAN_POINT('',(-0.85,-0.193430029674103,0.720000000000011));
#13048=CARTESIAN_POINT('',(-0.85,0.,0.720000000000011));
#13049=CARTESIAN_POINT('',(-0.85,1.75,0.720000000000011));
#13050=CARTESIAN_POINT('',(4.24,1.75,0.720000000000011));
#13051=CARTESIAN_POINT('',(-1.15,1.75,0.720000000000011));
#13052=CARTESIAN_POINT('',(-1.15,0.,0.720000000000011));
#13053=CARTESIAN_POINT('',(-1.15,-0.193430029674103,0.720000000000011));
#13054=CARTESIAN_POINT('',(-1.15,-0.193430029674103,0.720000000000011));
#13055=CARTESIAN_POINT('',(-1.35,-0.193430029674103,0.720000000000011));
#13056=CARTESIAN_POINT('',(-1.35,0.,0.720000000000011));
#13057=CARTESIAN_POINT('',(-1.35,1.75,0.720000000000011));
#13058=CARTESIAN_POINT('',(4.24,1.75,0.720000000000011));
#13059=CARTESIAN_POINT('',(-1.65,1.75,0.720000000000011));
#13060=CARTESIAN_POINT('',(-1.65,0.,0.720000000000011));
#13061=CARTESIAN_POINT('',(-1.65,-0.193430029674103,0.720000000000011));
#13062=CARTESIAN_POINT('',(-1.65,-0.193430029674103,0.720000000000011));
#13063=CARTESIAN_POINT('',(-1.85,-0.193430029674103,0.720000000000011));
#13064=CARTESIAN_POINT('',(-1.85,0.,0.720000000000011));
#13065=CARTESIAN_POINT('',(-1.85,1.75,0.720000000000011));
#13066=CARTESIAN_POINT('',(4.24,1.75,0.720000000000011));
#13067=CARTESIAN_POINT('',(-2.15,1.75,0.720000000000011));
#13068=CARTESIAN_POINT('',(-2.15,0.,0.720000000000011));
#13069=CARTESIAN_POINT('',(-2.15,-0.193430029674103,0.720000000000011));
#13070=CARTESIAN_POINT('',(-2.15,-0.193430029674103,0.720000000000011));
#13071=CARTESIAN_POINT('',(-2.35,-0.193430029674103,0.720000000000011));
#13072=CARTESIAN_POINT('',(-2.35,0.,0.720000000000011));
#13073=CARTESIAN_POINT('',(-2.35,1.75,0.720000000000011));
#13074=CARTESIAN_POINT('',(4.24,1.75,0.720000000000011));
#13075=CARTESIAN_POINT('',(-2.65,1.75,0.720000000000011));
#13076=CARTESIAN_POINT('',(-2.65,0.,0.720000000000011));
#13077=CARTESIAN_POINT('',(-2.65,-0.193430029674103,0.720000000000011));
#13078=CARTESIAN_POINT('',(-2.65,-0.193430029674103,0.720000000000011));
#13079=CARTESIAN_POINT('',(-2.85,-0.193430029674103,0.720000000000011));
#13080=CARTESIAN_POINT('',(-2.85,0.,0.720000000000011));
#13081=CARTESIAN_POINT('',(-2.85,1.75,0.720000000000011));
#13082=CARTESIAN_POINT('',(4.24,1.75,0.720000000000011));
#13083=CARTESIAN_POINT('',(-3.15,1.75,0.720000000000011));
#13084=CARTESIAN_POINT('',(-3.15,0.,0.720000000000011));
#13085=CARTESIAN_POINT('',(-3.15,-0.193430029674103,0.720000000000011));
#13086=CARTESIAN_POINT('',(-3.15,-0.193430029674103,0.720000000000011));
#13087=CARTESIAN_POINT('',(-3.35,-0.193430029674103,0.720000000000011));
#13088=CARTESIAN_POINT('',(-3.35,0.,0.720000000000011));
#13089=CARTESIAN_POINT('',(-3.35,1.75,0.720000000000011));
#13090=CARTESIAN_POINT('',(4.24,1.75,0.720000000000011));
#13091=CARTESIAN_POINT('',(-3.65,1.75,0.720000000000011));
#13092=CARTESIAN_POINT('',(-3.65,0.,0.720000000000011));
#13093=CARTESIAN_POINT('',(-3.65,-0.193430029674103,0.720000000000011));
#13094=CARTESIAN_POINT('',(-3.65,-0.193430029674103,0.720000000000011));
#13095=CARTESIAN_POINT('',(-3.85,-0.193430029674103,0.720000000000011));
#13096=CARTESIAN_POINT('',(-3.85,0.,0.720000000000011));
#13097=CARTESIAN_POINT('',(-3.85,1.75,0.720000000000011));
#13098=CARTESIAN_POINT('',(4.24,1.75,0.720000000000011));
#13099=CARTESIAN_POINT('',(-4.2,-1.11022302462516E-16,0.720000000000011));
#13100=CARTESIAN_POINT('',(-4.2,-0.400000000000001,0.72000000000001));
#13101=CARTESIAN_POINT('',(4.2,-0.400000000000001,0.72000000000001));
#13102=CARTESIAN_POINT('',(4.2,-0.400000000000001,0.72000000000001));
#13103=CARTESIAN_POINT('',(4.2,-1.11022302462516E-16,0.720000000000011));
#13104=CARTESIAN_POINT('',(4.24,1.75,0.720000000000011));
#13105=CARTESIAN_POINT('',(4.24,0.,0.720000000000011));
#13106=CARTESIAN_POINT('',(3.85,1.75,0.720000000000011));
#13107=CARTESIAN_POINT('',(3.85,1.75,0.732799951970811));
#13108=CARTESIAN_POINT('',(-4.24,1.75,1.72000000000001));
#13109=CARTESIAN_POINT('',(3.85,1.75,1.72000000000001));
#13110=CARTESIAN_POINT('',(3.85,1.75,0.720000000000011));
#13111=CARTESIAN_POINT('',(3.65,1.75,0.720000000000011));
#13112=CARTESIAN_POINT('',(3.65,1.75,1.72000000000001));
#13113=CARTESIAN_POINT('',(-4.24,1.75,1.72000000000001));
#13114=CARTESIAN_POINT('',(3.35,1.75,1.72000000000001));
#13115=CARTESIAN_POINT('',(3.35,1.75,0.720000000000011));
#13116=CARTESIAN_POINT('',(3.15,1.75,0.720000000000011));
#13117=CARTESIAN_POINT('',(3.15,1.75,1.72000000000001));
#13118=CARTESIAN_POINT('',(-4.24,1.75,1.72000000000001));
#13119=CARTESIAN_POINT('',(2.85,1.75,1.72000000000001));
#13120=CARTESIAN_POINT('',(2.85,1.75,0.720000000000011));
#13121=CARTESIAN_POINT('',(2.65,1.75,0.720000000000011));
#13122=CARTESIAN_POINT('',(2.65,1.75,1.72000000000001));
#13123=CARTESIAN_POINT('',(-4.24,1.75,1.72000000000001));
#13124=CARTESIAN_POINT('',(2.35,1.75,1.72000000000001));
#13125=CARTESIAN_POINT('',(2.35,1.75,0.720000000000011));
#13126=CARTESIAN_POINT('',(2.15,1.75,0.720000000000011));
#13127=CARTESIAN_POINT('',(2.15,1.75,1.72000000000001));
#13128=CARTESIAN_POINT('',(-4.24,1.75,1.72000000000001));
#13129=CARTESIAN_POINT('',(1.85,1.75,1.72000000000001));
#13130=CARTESIAN_POINT('',(1.85,1.75,0.720000000000011));
#13131=CARTESIAN_POINT('',(1.65,1.75,0.720000000000011));
#13132=CARTESIAN_POINT('',(1.65,1.75,1.72000000000001));
#13133=CARTESIAN_POINT('',(-4.24,1.75,1.72000000000001));
#13134=CARTESIAN_POINT('',(1.35,1.75,1.72000000000001));
#13135=CARTESIAN_POINT('',(1.35,1.75,0.720000000000011));
#13136=CARTESIAN_POINT('',(1.15,1.75,0.720000000000011));
#13137=CARTESIAN_POINT('',(1.15,1.75,1.72000000000001));
#13138=CARTESIAN_POINT('',(-4.24,1.75,1.72000000000001));
#13139=CARTESIAN_POINT('',(0.85,1.75,1.72000000000001));
#13140=CARTESIAN_POINT('',(0.85,1.75,0.720000000000011));
#13141=CARTESIAN_POINT('',(0.65,1.75,0.720000000000011));
#13142=CARTESIAN_POINT('',(0.65,1.75,1.72000000000001));
#13143=CARTESIAN_POINT('',(-4.24,1.75,1.72000000000001));
#13144=CARTESIAN_POINT('',(0.35,1.75,1.72000000000001));
#13145=CARTESIAN_POINT('',(0.35,1.75,0.720000000000011));
#13146=CARTESIAN_POINT('',(0.15,1.75,0.720000000000011));
#13147=CARTESIAN_POINT('',(0.15,1.75,1.72000000000001));
#13148=CARTESIAN_POINT('',(-4.24,1.75,1.72000000000001));
#13149=CARTESIAN_POINT('',(-0.15,1.75,1.72000000000001));
#13150=CARTESIAN_POINT('',(-0.15,1.75,0.720000000000011));
#13151=CARTESIAN_POINT('',(-0.35,1.75,0.720000000000011));
#13152=CARTESIAN_POINT('',(-0.35,1.75,1.72000000000001));
#13153=CARTESIAN_POINT('',(-4.24,1.75,1.72000000000001));
#13154=CARTESIAN_POINT('',(-0.65,1.75,1.72000000000001));
#13155=CARTESIAN_POINT('',(-0.65,1.75,0.720000000000011));
#13156=CARTESIAN_POINT('',(-0.85,1.75,0.720000000000011));
#13157=CARTESIAN_POINT('',(-0.85,1.75,1.72000000000001));
#13158=CARTESIAN_POINT('',(-4.24,1.75,1.72000000000001));
#13159=CARTESIAN_POINT('',(-1.15,1.75,1.72000000000001));
#13160=CARTESIAN_POINT('',(-1.15,1.75,0.720000000000011));
#13161=CARTESIAN_POINT('',(-1.35,1.75,0.720000000000011));
#13162=CARTESIAN_POINT('',(-1.35,1.75,1.72000000000001));
#13163=CARTESIAN_POINT('',(-4.24,1.75,1.72000000000001));
#13164=CARTESIAN_POINT('',(-1.65,1.75,1.72000000000001));
#13165=CARTESIAN_POINT('',(-1.65,1.75,0.720000000000011));
#13166=CARTESIAN_POINT('',(-1.85,1.75,0.720000000000011));
#13167=CARTESIAN_POINT('',(-1.85,1.75,1.72000000000001));
#13168=CARTESIAN_POINT('',(-4.24,1.75,1.72000000000001));
#13169=CARTESIAN_POINT('',(-2.15,1.75,1.72000000000001));
#13170=CARTESIAN_POINT('',(-2.15,1.75,0.720000000000011));
#13171=CARTESIAN_POINT('',(-2.35,1.75,0.720000000000011));
#13172=CARTESIAN_POINT('',(-2.35,1.75,1.72000000000001));
#13173=CARTESIAN_POINT('',(-4.24,1.75,1.72000000000001));
#13174=CARTESIAN_POINT('',(-2.65,1.75,1.72000000000001));
#13175=CARTESIAN_POINT('',(-2.65,1.75,0.720000000000011));
#13176=CARTESIAN_POINT('',(-2.85,1.75,0.720000000000011));
#13177=CARTESIAN_POINT('',(-2.85,1.75,1.72000000000001));
#13178=CARTESIAN_POINT('',(-4.24,1.75,1.72000000000001));
#13179=CARTESIAN_POINT('',(-3.15,1.75,1.72000000000001));
#13180=CARTESIAN_POINT('',(-3.15,1.75,0.720000000000011));
#13181=CARTESIAN_POINT('',(-3.35,1.75,0.720000000000011));
#13182=CARTESIAN_POINT('',(-3.35,1.75,1.72000000000001));
#13183=CARTESIAN_POINT('',(-4.24,1.75,1.72000000000001));
#13184=CARTESIAN_POINT('',(-3.65,1.75,1.72000000000001));
#13185=CARTESIAN_POINT('',(-3.65,1.75,0.720000000000011));
#13186=CARTESIAN_POINT('',(-3.85,1.75,0.720000000000011));
#13187=CARTESIAN_POINT('',(-3.85,1.75,1.72000000000001));
#13188=CARTESIAN_POINT('',(-4.24,1.75,1.72000000000001));
#13189=CARTESIAN_POINT('',(-3.85,1.75,0.720000000000011));
#13190=CARTESIAN_POINT('',(-3.85,1.75,0.732799951970811));
#13191=CARTESIAN_POINT('',(4.24,1.75,0.732799951970811));
#13192=CARTESIAN_POINT('',(-3.65,1.75,0.732799951970811));
#13193=CARTESIAN_POINT('',(-3.65,1.75,0.720000000000011));
#13194=CARTESIAN_POINT('',(-3.35,1.75,0.720000000000011));
#13195=CARTESIAN_POINT('',(-3.35,1.75,0.732799951970811));
#13196=CARTESIAN_POINT('',(4.24,1.75,0.732799951970811));
#13197=CARTESIAN_POINT('',(-3.15,1.75,0.732799951970811));
#13198=CARTESIAN_POINT('',(-3.15,1.75,0.720000000000011));
#13199=CARTESIAN_POINT('',(-2.85,1.75,0.720000000000011));
#13200=CARTESIAN_POINT('',(-2.85,1.75,0.732799951970811));
#13201=CARTESIAN_POINT('',(4.24,1.75,0.732799951970811));
#13202=CARTESIAN_POINT('',(-2.65,1.75,0.732799951970811));
#13203=CARTESIAN_POINT('',(-2.65,1.75,0.720000000000011));
#13204=CARTESIAN_POINT('',(-2.35,1.75,0.720000000000011));
#13205=CARTESIAN_POINT('',(-2.35,1.75,0.732799951970811));
#13206=CARTESIAN_POINT('',(4.24,1.75,0.732799951970811));
#13207=CARTESIAN_POINT('',(-2.15,1.75,0.732799951970811));
#13208=CARTESIAN_POINT('',(-2.15,1.75,0.720000000000011));
#13209=CARTESIAN_POINT('',(-1.85,1.75,0.720000000000011));
#13210=CARTESIAN_POINT('',(-1.85,1.75,0.732799951970811));
#13211=CARTESIAN_POINT('',(4.24,1.75,0.732799951970811));
#13212=CARTESIAN_POINT('',(-1.65,1.75,0.732799951970811));
#13213=CARTESIAN_POINT('',(-1.65,1.75,0.720000000000011));
#13214=CARTESIAN_POINT('',(-1.35,1.75,0.720000000000011));
#13215=CARTESIAN_POINT('',(-1.35,1.75,0.732799951970811));
#13216=CARTESIAN_POINT('',(4.24,1.75,0.732799951970811));
#13217=CARTESIAN_POINT('',(-1.15,1.75,0.732799951970811));
#13218=CARTESIAN_POINT('',(-1.15,1.75,0.720000000000011));
#13219=CARTESIAN_POINT('',(-0.85,1.75,0.720000000000011));
#13220=CARTESIAN_POINT('',(-0.85,1.75,0.732799951970811));
#13221=CARTESIAN_POINT('',(4.24,1.75,0.732799951970811));
#13222=CARTESIAN_POINT('',(-0.65,1.75,0.732799951970811));
#13223=CARTESIAN_POINT('',(-0.65,1.75,0.720000000000011));
#13224=CARTESIAN_POINT('',(-0.35,1.75,0.720000000000011));
#13225=CARTESIAN_POINT('',(-0.35,1.75,0.732799951970811));
#13226=CARTESIAN_POINT('',(4.24,1.75,0.732799951970811));
#13227=CARTESIAN_POINT('',(-0.15,1.75,0.732799951970811));
#13228=CARTESIAN_POINT('',(-0.15,1.75,0.720000000000011));
#13229=CARTESIAN_POINT('',(0.15,1.75,0.720000000000011));
#13230=CARTESIAN_POINT('',(0.15,1.75,0.732799951970811));
#13231=CARTESIAN_POINT('',(4.24,1.75,0.732799951970811));
#13232=CARTESIAN_POINT('',(0.35,1.75,0.732799951970811));
#13233=CARTESIAN_POINT('',(0.35,1.75,0.720000000000011));
#13234=CARTESIAN_POINT('',(0.65,1.75,0.720000000000011));
#13235=CARTESIAN_POINT('',(0.65,1.75,0.732799951970811));
#13236=CARTESIAN_POINT('',(4.24,1.75,0.732799951970811));
#13237=CARTESIAN_POINT('',(0.85,1.75,0.732799951970811));
#13238=CARTESIAN_POINT('',(0.85,1.75,0.720000000000011));
#13239=CARTESIAN_POINT('',(1.15,1.75,0.720000000000011));
#13240=CARTESIAN_POINT('',(1.15,1.75,0.732799951970811));
#13241=CARTESIAN_POINT('',(4.24,1.75,0.732799951970811));
#13242=CARTESIAN_POINT('',(1.35,1.75,0.732799951970811));
#13243=CARTESIAN_POINT('',(1.35,1.75,0.720000000000011));
#13244=CARTESIAN_POINT('',(1.65,1.75,0.720000000000011));
#13245=CARTESIAN_POINT('',(1.65,1.75,0.732799951970811));
#13246=CARTESIAN_POINT('',(4.24,1.75,0.732799951970811));
#13247=CARTESIAN_POINT('',(1.85,1.75,0.732799951970811));
#13248=CARTESIAN_POINT('',(1.85,1.75,0.720000000000011));
#13249=CARTESIAN_POINT('',(2.15,1.75,0.720000000000011));
#13250=CARTESIAN_POINT('',(2.15,1.75,0.732799951970811));
#13251=CARTESIAN_POINT('',(4.24,1.75,0.732799951970811));
#13252=CARTESIAN_POINT('',(2.35,1.75,0.732799951970811));
#13253=CARTESIAN_POINT('',(2.35,1.75,0.720000000000011));
#13254=CARTESIAN_POINT('',(2.65,1.75,0.720000000000011));
#13255=CARTESIAN_POINT('',(2.65,1.75,0.732799951970811));
#13256=CARTESIAN_POINT('',(4.24,1.75,0.732799951970811));
#13257=CARTESIAN_POINT('',(2.85,1.75,0.732799951970811));
#13258=CARTESIAN_POINT('',(2.85,1.75,0.720000000000011));
#13259=CARTESIAN_POINT('',(3.15,1.75,0.720000000000011));
#13260=CARTESIAN_POINT('',(3.15,1.75,0.732799951970811));
#13261=CARTESIAN_POINT('',(4.24,1.75,0.732799951970811));
#13262=CARTESIAN_POINT('',(3.35,1.75,0.732799951970811));
#13263=CARTESIAN_POINT('',(3.35,1.75,0.720000000000011));
#13264=CARTESIAN_POINT('',(3.65,1.75,0.720000000000011));
#13265=CARTESIAN_POINT('',(3.65,1.75,0.732799951970811));
#13266=CARTESIAN_POINT('',(4.24,1.75,0.732799951970811));
#13267=CARTESIAN_POINT('',(4.24,1.75,0.720000000000011));
#13268=CARTESIAN_POINT('',(4.1,1.1,1.85000000000001));
#13269=CARTESIAN_POINT('',(4.1,1.1,1.85000000000001));
#13270=CARTESIAN_POINT('',(4.24,1.1,1.85000000000001));
#13271=CARTESIAN_POINT('',(5.155,0.9,1.85));
#13272=CARTESIAN_POINT('',(5.155,0.9,1.85));
#13273=CARTESIAN_POINT('',(5.155,2.4,1.85));
#13274=CARTESIAN_POINT('',(5.45,0.75,1.85000000000001));
#13275=CARTESIAN_POINT('',(5.955,0.75,1.85000000000001));
#13276=CARTESIAN_POINT('',(5.955,2.4,1.85));
#13277=CARTESIAN_POINT('',(4.24,1.75,1.85000000000001));
#13278=CARTESIAN_POINT('',(5.955,0.55,0.449999999999999));
#13279=CARTESIAN_POINT('',(5.955,0.55,0.65));
#13280=CARTESIAN_POINT('',(5.955,0.75,0.649999999999994));
#13281=CARTESIAN_POINT('',(5.955,0.75,0.449999999999994));
#13282=CARTESIAN_POINT('',(5.955,2.4,0.45));
#13283=CARTESIAN_POINT('',(5.955,0.749999999999999,1.65000000000001));
#13284=CARTESIAN_POINT('',(5.955,0.55,1.65000000000001));
#13285=CARTESIAN_POINT('',(5.955,0.55,0.449999999999999));
#13286=CARTESIAN_POINT('',(5.955,2.4,0.45));
#13287=CARTESIAN_POINT('',(5.45,0.75,0.449999999999994));
#13288=CARTESIAN_POINT('',(5.45,2.4,0.45));
#13289=CARTESIAN_POINT('',(5.155,0.9,1.19));
#13290=CARTESIAN_POINT('',(5.155,0.9,1.19));
#13291=CARTESIAN_POINT('',(5.155,0.9,1.19));
#13292=CARTESIAN_POINT('',(5.155,2.4,0.990000000000001));
#13293=CARTESIAN_POINT('',(5.155,2.4,1.85));
#13294=CARTESIAN_POINT('',(5.155,2.4,0.990000000000001));
#13295=CARTESIAN_POINT('',(-5.45,2.4,0.));
#13296=CARTESIAN_POINT('',(-5.45,2.4,0.));
#13297=CARTESIAN_POINT('',(-5.45,2.4,0.989999999999998));
#13298=CARTESIAN_POINT('',(-5.45,2.4,0.990000000000001));
#13299=CARTESIAN_POINT('',(0.,2.4,0.));
#13300=CARTESIAN_POINT('',(-5.45,2.4,0.990000000000001));
#13301=CARTESIAN_POINT('',(-5.45,2.4,0.990000000000001));
#13302=CARTESIAN_POINT('',(-5.45,2.4,0.449999999999996));
#13303=CARTESIAN_POINT('',(-5.45,2.4,0.449999999999996));
#13304=CARTESIAN_POINT('',(-5.45,0.75,0.449999999999994));
#13305=CARTESIAN_POINT('',(-5.955,2.4,0.45));
#13306=CARTESIAN_POINT('',(5.45,0.55,1.65000000000001));
#13307=CARTESIAN_POINT('',(5.45,0.55,0.65));
#13308=CARTESIAN_POINT('',(5.45,0.55,1.65000000000001));
#13309=CARTESIAN_POINT('',(5.45,0.749999999999999,1.65000000000001));
#13310=CARTESIAN_POINT('',(5.45,0.75,0.649999999999994));
#13311=CARTESIAN_POINT('',(-5.45,0.75,0.649999999999994));
#13312=CARTESIAN_POINT('',(-5.45,0.749999999999999,1.65000000000001));
#13313=CARTESIAN_POINT('',(-5.155,0.9,1.19));
#13314=CARTESIAN_POINT('',(-5.155,0.9,1.19));
#13315=CARTESIAN_POINT('',(0.,0.9,0.));
#13316=CARTESIAN_POINT('',(4.24,0.9,1.19));
#13317=CARTESIAN_POINT('',(4.24,0.9,1.19));
#13318=CARTESIAN_POINT('',(0.,0.9,0.));
#13319=CARTESIAN_POINT('',(-4.2,-0.7,0.42000000000001));
#13320=CARTESIAN_POINT('',(-4.2,-0.7,0.42000000000001));
#13321=CARTESIAN_POINT('',(4.2,-0.7,0.42000000000001));
#13322=CARTESIAN_POINT('',(4.2,-0.7,0.42000000000001));
#13323=CARTESIAN_POINT('',(4.2,-0.7,0.42000000000001));
#13324=CARTESIAN_POINT('',(4.2,-0.7,0.42000000000001));
#13325=CARTESIAN_POINT('',(-4.2,-0.4,0.42000000000001));
#13326=CARTESIAN_POINT('',(4.2,-0.4,0.42000000000001));
#13327=CARTESIAN_POINT('',(4.2,-0.4,0.42000000000001));
#13328=CARTESIAN_POINT('',(4.2,-0.4,0.42000000000001));
#13329=CARTESIAN_POINT('',(-4.2,-0.4,0.42000000000001));
#13330=CARTESIAN_POINT('',(4.1,1.1,1.72000000000001));
#13331=CARTESIAN_POINT('',(4.1,1.1,1.72000000000001));
#13332=CARTESIAN_POINT('',(4.24,1.1,1.72000000000001));
#13333=CARTESIAN_POINT('',(4.24,1.1,1.72000000000001));
#13334=CARTESIAN_POINT('',(4.1,1.1,1.72000000000001));
#13335=CARTESIAN_POINT('',(4.1,1.1,1.72000000000001));
#13336=CARTESIAN_POINT('',(-4.1,1.1,1.72000000000001));
#13337=CARTESIAN_POINT('',(-4.1,1.1,1.72000000000001));
#13338=CARTESIAN_POINT('',(-4.1,1.99840144432528E-15,1.72000000000001));
#13339=CARTESIAN_POINT('',(-4.1,1.99840144432528E-15,1.72000000000001));
#13340=CARTESIAN_POINT('',(-4.1,1.1,1.72000000000001));
#13341=CARTESIAN_POINT('',(-4.1,1.1,1.72000000000001));
#13342=CARTESIAN_POINT('',(3.85,0.,1.72000000000001));
#13343=CARTESIAN_POINT('',(3.85,0.253169717078452,1.72000000000001));
#13344=CARTESIAN_POINT('',(-3.85,0.,1.72000000000001));
#13345=CARTESIAN_POINT('',(-3.85,0.253169717078452,1.72000000000001));
#13346=CARTESIAN_POINT('',(0.,0.253169717078452,1.72000000000001));
#13347=CARTESIAN_POINT('',(-3.65,0.253169717078452,1.72000000000001));
#13348=CARTESIAN_POINT('',(-3.65,0.,1.72000000000001));
#13349=CARTESIAN_POINT('',(-3.35,0.,1.72000000000001));
#13350=CARTESIAN_POINT('',(-3.35,0.253169717078452,1.72000000000001));
#13351=CARTESIAN_POINT('',(0.,0.253169717078452,1.72000000000001));
#13352=CARTESIAN_POINT('',(-3.15,0.253169717078452,1.72000000000001));
#13353=CARTESIAN_POINT('',(-3.15,0.,1.72000000000001));
#13354=CARTESIAN_POINT('',(-2.85,0.,1.72000000000001));
#13355=CARTESIAN_POINT('',(-2.85,0.253169717078452,1.72000000000001));
#13356=CARTESIAN_POINT('',(0.,0.253169717078452,1.72000000000001));
#13357=CARTESIAN_POINT('',(-2.65,0.253169717078452,1.72000000000001));
#13358=CARTESIAN_POINT('',(-2.65,0.,1.72000000000001));
#13359=CARTESIAN_POINT('',(-2.35,0.,1.72000000000001));
#13360=CARTESIAN_POINT('',(-2.35,0.253169717078452,1.72000000000001));
#13361=CARTESIAN_POINT('',(0.,0.253169717078452,1.72000000000001));
#13362=CARTESIAN_POINT('',(-2.15,0.253169717078452,1.72000000000001));
#13363=CARTESIAN_POINT('',(-2.15,0.,1.72000000000001));
#13364=CARTESIAN_POINT('',(-1.85,0.,1.72000000000001));
#13365=CARTESIAN_POINT('',(-1.85,0.253169717078452,1.72000000000001));
#13366=CARTESIAN_POINT('',(0.,0.253169717078452,1.72000000000001));
#13367=CARTESIAN_POINT('',(-1.65,0.253169717078452,1.72000000000001));
#13368=CARTESIAN_POINT('',(-1.65,0.,1.72000000000001));
#13369=CARTESIAN_POINT('',(-1.35,0.,1.72000000000001));
#13370=CARTESIAN_POINT('',(-1.35,0.253169717078452,1.72000000000001));
#13371=CARTESIAN_POINT('',(0.,0.253169717078452,1.72000000000001));
#13372=CARTESIAN_POINT('',(-1.15,0.253169717078452,1.72000000000001));
#13373=CARTESIAN_POINT('',(-1.15,0.,1.72000000000001));
#13374=CARTESIAN_POINT('',(-0.85,0.,1.72000000000001));
#13375=CARTESIAN_POINT('',(-0.85,0.253169717078452,1.72000000000001));
#13376=CARTESIAN_POINT('',(0.,0.253169717078452,1.72000000000001));
#13377=CARTESIAN_POINT('',(-0.65,0.253169717078452,1.72000000000001));
#13378=CARTESIAN_POINT('',(-0.65,0.,1.72000000000001));
#13379=CARTESIAN_POINT('',(-0.35,0.,1.72000000000001));
#13380=CARTESIAN_POINT('',(-0.35,0.253169717078452,1.72000000000001));
#13381=CARTESIAN_POINT('',(0.,0.253169717078452,1.72000000000001));
#13382=CARTESIAN_POINT('',(-0.15,0.253169717078452,1.72000000000001));
#13383=CARTESIAN_POINT('',(-0.15,0.,1.72000000000001));
#13384=CARTESIAN_POINT('',(0.15,0.,1.72000000000001));
#13385=CARTESIAN_POINT('',(0.15,0.253169717078452,1.72000000000001));
#13386=CARTESIAN_POINT('',(0.,0.253169717078452,1.72000000000001));
#13387=CARTESIAN_POINT('',(0.35,0.253169717078452,1.72000000000001));
#13388=CARTESIAN_POINT('',(0.35,0.,1.72000000000001));
#13389=CARTESIAN_POINT('',(0.65,0.,1.72000000000001));
#13390=CARTESIAN_POINT('',(0.65,0.253169717078452,1.72000000000001));
#13391=CARTESIAN_POINT('',(0.,0.253169717078452,1.72000000000001));
#13392=CARTESIAN_POINT('',(0.85,0.253169717078452,1.72000000000001));
#13393=CARTESIAN_POINT('',(0.85,0.,1.72000000000001));
#13394=CARTESIAN_POINT('',(1.15,0.,1.72000000000001));
#13395=CARTESIAN_POINT('',(1.15,0.253169717078452,1.72000000000001));
#13396=CARTESIAN_POINT('',(0.,0.253169717078452,1.72000000000001));
#13397=CARTESIAN_POINT('',(1.35,0.253169717078452,1.72000000000001));
#13398=CARTESIAN_POINT('',(1.35,0.,1.72000000000001));
#13399=CARTESIAN_POINT('',(1.65,0.,1.72000000000001));
#13400=CARTESIAN_POINT('',(1.65,0.253169717078452,1.72000000000001));
#13401=CARTESIAN_POINT('',(0.,0.253169717078452,1.72000000000001));
#13402=CARTESIAN_POINT('',(1.85,0.253169717078452,1.72000000000001));
#13403=CARTESIAN_POINT('',(1.85,0.,1.72000000000001));
#13404=CARTESIAN_POINT('',(2.15,0.,1.72000000000001));
#13405=CARTESIAN_POINT('',(2.15,0.253169717078452,1.72000000000001));
#13406=CARTESIAN_POINT('',(0.,0.253169717078452,1.72000000000001));
#13407=CARTESIAN_POINT('',(2.35,0.253169717078452,1.72000000000001));
#13408=CARTESIAN_POINT('',(2.35,0.,1.72000000000001));
#13409=CARTESIAN_POINT('',(2.65,0.,1.72000000000001));
#13410=CARTESIAN_POINT('',(2.65,0.253169717078452,1.72000000000001));
#13411=CARTESIAN_POINT('',(0.,0.253169717078452,1.72000000000001));
#13412=CARTESIAN_POINT('',(2.85,0.253169717078452,1.72000000000001));
#13413=CARTESIAN_POINT('',(2.85,0.,1.72000000000001));
#13414=CARTESIAN_POINT('',(3.15,0.,1.72000000000001));
#13415=CARTESIAN_POINT('',(3.15,0.253169717078452,1.72000000000001));
#13416=CARTESIAN_POINT('',(0.,0.253169717078452,1.72000000000001));
#13417=CARTESIAN_POINT('',(3.35,0.253169717078452,1.72000000000001));
#13418=CARTESIAN_POINT('',(3.35,0.,1.72000000000001));
#13419=CARTESIAN_POINT('',(3.65,0.,1.72000000000001));
#13420=CARTESIAN_POINT('',(3.65,0.253169717078452,1.72000000000001));
#13421=CARTESIAN_POINT('',(0.,0.253169717078452,1.72000000000001));
#13422=CARTESIAN_POINT('',(0.,0.,1.72000000000001));
#13423=CARTESIAN_POINT('',(-4.47,4.44089209850063E-16,0.08));
#13424=CARTESIAN_POINT('',(-4.47,2.5,0.08));
#13425=CARTESIAN_POINT('',(-4.47,2.5,0.08));
#13426=CARTESIAN_POINT('',(-4.47,4.44089209850063E-16,0.08));
#13427=CARTESIAN_POINT('',(-4.47,2.5,0.08));
#13428=CARTESIAN_POINT('',(-4.47,2.5,0.08));
#13429=CARTESIAN_POINT('',(0.,0.,0.08));
#13430=CARTESIAN_POINT('',(4.47,2.5,0.08));
#13431=CARTESIAN_POINT('',(4.47,2.5,0.08));
#13432=CARTESIAN_POINT('',(4.47,2.5,0.08));
#13433=CARTESIAN_POINT('',(4.47,2.5,0.08));
#13434=CARTESIAN_POINT('',(5.55000000000001,2.5,0.08));
#13435=CARTESIAN_POINT('',(5.55000000000001,2.5,0.08));
#13436=CARTESIAN_POINT('',(0.,0.,0.08));
#13437=CARTESIAN_POINT('',(-3.65,0.154118985321513,1.7711465673591));
#13438=CARTESIAN_POINT('',(-3.65,-0.100000000000002,0.684351303598929));
#13439=CARTESIAN_POINT('',(-3.85,0.154118985321513,1.7711465673591));
#13440=CARTESIAN_POINT('',(-3.85,-0.100000000000002,0.684351303598929));
#13441=CARTESIAN_POINT('',(-3.65,0.154118985321513,1.7711465673591));
#13442=CARTESIAN_POINT('',(-3.65,-0.100000000000002,0.684351303598929));
#13443=CARTESIAN_POINT('',(-3.65,-0.148337139158848,0.771892842184553));
#13444=CARTESIAN_POINT('',(-3.65,2.23998123646791,0.700000000000012));
#13445=CARTESIAN_POINT('',(-3.65,0.297979589711325,0.830000000000012));
#13446=CARTESIAN_POINT('',(-3.65,0.199999999999999,0.850000000000012));
#13447=CARTESIAN_POINT('',(-3.65,0.151662860841153,0.937541538585636));
#13448=CARTESIAN_POINT('',(-3.65,0.151662860841153,0.937541538585636));
#13449=CARTESIAN_POINT('',(-3.65,-0.100000000000002,0.684351303598929));
#13450=CARTESIAN_POINT('',(-3.85,-0.100000000000002,0.684351303598929));
#13451=CARTESIAN_POINT('',(-3.85,-0.148337139158848,0.771892842184553));
#13452=CARTESIAN_POINT('',(-3.85,0.151662860841153,0.937541538585636));
#13453=CARTESIAN_POINT('',(-3.85,0.151662860841153,0.937541538585636));
#13454=CARTESIAN_POINT('',(-3.85,0.199999999999999,0.850000000000012));
#13455=CARTESIAN_POINT('',(-3.85,0.297979589711325,0.830000000000012));
#13456=CARTESIAN_POINT('',(-3.85,2.23998123646791,0.700000000000012));
#13457=CARTESIAN_POINT('',(-3.85,-0.100000000000002,0.684351303598929));
#13458=CARTESIAN_POINT('',(-3.65,-0.148337139158848,0.771892842184553));
#13459=CARTESIAN_POINT('',(-3.65,-0.100000000000002,0.684351303598929));
#13460=CARTESIAN_POINT('',(-3.65,0.297979589711325,0.830000000000012));
#13461=CARTESIAN_POINT('',(-3.65,2.23998123646791,0.700000000000012));
#13462=CARTESIAN_POINT('',(-3.65,0.151662860841153,0.937541538585636));
#13463=CARTESIAN_POINT('',(-3.65,0.199999999999999,0.850000000000012));
#13464=CARTESIAN_POINT('',(-3.65,0.151662860841153,0.937541538585636));
#13465=CARTESIAN_POINT('',(-3.15,2.95,2.15));
#13466=CARTESIAN_POINT('',(-3.15,3.2,2.15));
#13467=CARTESIAN_POINT('',(-3.35,2.95,2.15));
#13468=CARTESIAN_POINT('',(-3.35,3.2,2.15));
#13469=CARTESIAN_POINT('',(-3.15,3.2,2.15));
#13470=CARTESIAN_POINT('',(-3.15,2.95,2.15));
#13471=CARTESIAN_POINT('',(-3.35,3.2,2.15));
#13472=CARTESIAN_POINT('',(-3.35,3.2,2.8));
#13473=CARTESIAN_POINT('',(-3.15,3.2,2.8));
#13474=CARTESIAN_POINT('',(-3.15,3.2,2.8));
#13475=CARTESIAN_POINT('',(-3.15,3.2,2.15));
#13476=CARTESIAN_POINT('',(-3.15,3.2,2.15));
#13477=CARTESIAN_POINT('',(-3.35,3.2,2.8));
#13478=CARTESIAN_POINT('',(-3.35,2.8,2.8));
#13479=CARTESIAN_POINT('',(-3.15,2.8,2.8));
#13480=CARTESIAN_POINT('',(-3.15,2.8,2.8));
#13481=CARTESIAN_POINT('',(-3.15,3.2,2.8));
#13482=CARTESIAN_POINT('',(-3.15,3.2,2.8));
#13483=CARTESIAN_POINT('',(-3.15,2.8,2.8));
#13484=CARTESIAN_POINT('',(-3.35,2.8,2.8));
#13485=CARTESIAN_POINT('',(-3.15,2.8,2.8));
#13486=CARTESIAN_POINT('',(-3.15,2.95,2.15));
#13487=CARTESIAN_POINT('',(-3.35,2.95,2.15));
#13488=CARTESIAN_POINT('',(-3.65,2.95,0.150000000000004));
#13489=CARTESIAN_POINT('',(-3.65,3.2,0.150000000000004));
#13490=CARTESIAN_POINT('',(-3.85,3.2,0.150000000000004));
#13491=CARTESIAN_POINT('',(-3.85,3.2,0.150000000000004));
#13492=CARTESIAN_POINT('',(-3.85,2.95,0.150000000000004));
#13493=CARTESIAN_POINT('',(-3.85,2.95,0.150000000000004));
#13494=CARTESIAN_POINT('',(-3.65,2.8,0.0500000000000044));
#13495=CARTESIAN_POINT('',(-3.65,2.8,-0.499999999999996));
#13496=CARTESIAN_POINT('',(-3.85,2.8,0.0500000000000044));
#13497=CARTESIAN_POINT('',(-3.85,2.8,-0.499999999999996));
#13498=CARTESIAN_POINT('',(-3.85,2.8,-0.499999999999996));
#13499=CARTESIAN_POINT('',(-3.85,2.8,0.0500000000000044));
#13500=CARTESIAN_POINT('',(-3.65,2.8,-0.499999999999996));
#13501=CARTESIAN_POINT('',(-3.65,3.2,-0.499999999999996));
#13502=CARTESIAN_POINT('',(-3.85,2.8,-0.499999999999996));
#13503=CARTESIAN_POINT('',(-3.85,3.2,-0.499999999999996));
#13504=CARTESIAN_POINT('',(-3.85,3.2,-0.499999999999996));
#13505=CARTESIAN_POINT('',(-3.85,2.8,-0.499999999999996));
#13506=CARTESIAN_POINT('',(-3.65,3.2,-0.499999999999996));
#13507=CARTESIAN_POINT('',(-3.85,3.2,-0.499999999999996));
#13508=CARTESIAN_POINT('',(-3.85,3.2,-0.499999999999996));
#13509=CARTESIAN_POINT('',(-3.85,2.95,0.150000000000004));
#13510=CARTESIAN_POINT('',(-3.65,2.95,0.150000000000004));
#13511=CARTESIAN_POINT('',(-3.15,0.154118985321513,1.7711465673591));
#13512=CARTESIAN_POINT('',(-3.15,-0.100000000000002,0.684351303598929));
#13513=CARTESIAN_POINT('',(-3.35,0.154118985321513,1.7711465673591));
#13514=CARTESIAN_POINT('',(-3.35,-0.100000000000002,0.684351303598929));
#13515=CARTESIAN_POINT('',(-3.15,0.154118985321513,1.7711465673591));
#13516=CARTESIAN_POINT('',(-3.15,-0.100000000000002,0.684351303598929));
#13517=CARTESIAN_POINT('',(-3.15,-0.148337139158848,0.771892842184553));
#13518=CARTESIAN_POINT('',(-3.15,2.23998123646791,0.700000000000012));
#13519=CARTESIAN_POINT('',(-3.15,0.297979589711325,0.830000000000012));
#13520=CARTESIAN_POINT('',(-3.15,0.199999999999999,0.850000000000012));
#13521=CARTESIAN_POINT('',(-3.15,0.151662860841153,0.937541538585636));
#13522=CARTESIAN_POINT('',(-3.15,0.151662860841153,0.937541538585636));
#13523=CARTESIAN_POINT('',(-3.15,-0.100000000000002,0.684351303598929));
#13524=CARTESIAN_POINT('',(-3.35,-0.100000000000002,0.684351303598929));
#13525=CARTESIAN_POINT('',(-3.35,-0.148337139158848,0.771892842184553));
#13526=CARTESIAN_POINT('',(-3.35,0.151662860841153,0.937541538585636));
#13527=CARTESIAN_POINT('',(-3.35,0.151662860841153,0.937541538585636));
#13528=CARTESIAN_POINT('',(-3.35,0.199999999999999,0.850000000000012));
#13529=CARTESIAN_POINT('',(-3.35,0.297979589711325,0.830000000000012));
#13530=CARTESIAN_POINT('',(-3.35,2.23998123646791,0.700000000000012));
#13531=CARTESIAN_POINT('',(-3.35,-0.100000000000002,0.684351303598929));
#13532=CARTESIAN_POINT('',(-3.15,-0.148337139158848,0.771892842184553));
#13533=CARTESIAN_POINT('',(-3.15,-0.100000000000002,0.684351303598929));
#13534=CARTESIAN_POINT('',(-3.15,0.297979589711325,0.830000000000012));
#13535=CARTESIAN_POINT('',(-3.15,2.23998123646791,0.700000000000012));
#13536=CARTESIAN_POINT('',(-3.15,0.151662860841153,0.937541538585636));
#13537=CARTESIAN_POINT('',(-3.15,0.199999999999999,0.850000000000012));
#13538=CARTESIAN_POINT('',(-3.15,0.151662860841153,0.937541538585636));
#13539=CARTESIAN_POINT('',(-2.65,0.154118985321513,1.7711465673591));
#13540=CARTESIAN_POINT('',(-2.65,-0.100000000000002,0.684351303598929));
#13541=CARTESIAN_POINT('',(-2.85,0.154118985321513,1.7711465673591));
#13542=CARTESIAN_POINT('',(-2.85,-0.100000000000002,0.684351303598929));
#13543=CARTESIAN_POINT('',(-2.65,0.154118985321513,1.7711465673591));
#13544=CARTESIAN_POINT('',(-2.65,-0.100000000000002,0.684351303598929));
#13545=CARTESIAN_POINT('',(-2.65,-0.148337139158848,0.771892842184553));
#13546=CARTESIAN_POINT('',(-2.65,2.23998123646791,0.700000000000012));
#13547=CARTESIAN_POINT('',(-2.65,0.297979589711325,0.830000000000012));
#13548=CARTESIAN_POINT('',(-2.65,0.199999999999999,0.850000000000012));
#13549=CARTESIAN_POINT('',(-2.65,0.151662860841153,0.937541538585636));
#13550=CARTESIAN_POINT('',(-2.65,0.151662860841153,0.937541538585636));
#13551=CARTESIAN_POINT('',(-2.65,-0.100000000000002,0.684351303598929));
#13552=CARTESIAN_POINT('',(-2.85,-0.100000000000002,0.684351303598929));
#13553=CARTESIAN_POINT('',(-2.85,-0.148337139158848,0.771892842184553));
#13554=CARTESIAN_POINT('',(-2.85,0.151662860841153,0.937541538585636));
#13555=CARTESIAN_POINT('',(-2.85,0.151662860841153,0.937541538585636));
#13556=CARTESIAN_POINT('',(-2.85,0.199999999999999,0.850000000000012));
#13557=CARTESIAN_POINT('',(-2.85,0.297979589711325,0.830000000000012));
#13558=CARTESIAN_POINT('',(-2.85,2.23998123646791,0.700000000000012));
#13559=CARTESIAN_POINT('',(-2.85,-0.100000000000002,0.684351303598929));
#13560=CARTESIAN_POINT('',(-2.65,-0.148337139158848,0.771892842184553));
#13561=CARTESIAN_POINT('',(-2.65,-0.100000000000002,0.684351303598929));
#13562=CARTESIAN_POINT('',(-2.65,0.297979589711325,0.830000000000012));
#13563=CARTESIAN_POINT('',(-2.65,2.23998123646791,0.700000000000012));
#13564=CARTESIAN_POINT('',(-2.65,0.151662860841153,0.937541538585636));
#13565=CARTESIAN_POINT('',(-2.65,0.199999999999999,0.850000000000012));
#13566=CARTESIAN_POINT('',(-2.65,0.151662860841153,0.937541538585636));
#13567=CARTESIAN_POINT('',(-2.15,0.154118985321513,1.7711465673591));
#13568=CARTESIAN_POINT('',(-2.15,-0.100000000000002,0.684351303598929));
#13569=CARTESIAN_POINT('',(-2.35,0.154118985321513,1.7711465673591));
#13570=CARTESIAN_POINT('',(-2.35,-0.100000000000002,0.684351303598929));
#13571=CARTESIAN_POINT('',(-2.15,0.154118985321513,1.7711465673591));
#13572=CARTESIAN_POINT('',(-2.15,-0.100000000000002,0.684351303598929));
#13573=CARTESIAN_POINT('',(-2.15,-0.148337139158848,0.771892842184553));
#13574=CARTESIAN_POINT('',(-2.15,2.23998123646791,0.700000000000012));
#13575=CARTESIAN_POINT('',(-2.15,0.297979589711325,0.830000000000012));
#13576=CARTESIAN_POINT('',(-2.15,0.199999999999999,0.850000000000012));
#13577=CARTESIAN_POINT('',(-2.15,0.151662860841153,0.937541538585636));
#13578=CARTESIAN_POINT('',(-2.15,0.151662860841153,0.937541538585636));
#13579=CARTESIAN_POINT('',(-2.15,-0.100000000000002,0.684351303598929));
#13580=CARTESIAN_POINT('',(-2.35,-0.100000000000002,0.684351303598929));
#13581=CARTESIAN_POINT('',(-2.35,-0.148337139158848,0.771892842184553));
#13582=CARTESIAN_POINT('',(-2.35,0.151662860841153,0.937541538585636));
#13583=CARTESIAN_POINT('',(-2.35,0.151662860841153,0.937541538585636));
#13584=CARTESIAN_POINT('',(-2.35,0.199999999999999,0.850000000000012));
#13585=CARTESIAN_POINT('',(-2.35,0.297979589711325,0.830000000000012));
#13586=CARTESIAN_POINT('',(-2.35,2.23998123646791,0.700000000000012));
#13587=CARTESIAN_POINT('',(-2.35,-0.100000000000002,0.684351303598929));
#13588=CARTESIAN_POINT('',(-2.15,-0.148337139158848,0.771892842184553));
#13589=CARTESIAN_POINT('',(-2.15,-0.100000000000002,0.684351303598929));
#13590=CARTESIAN_POINT('',(-2.15,0.297979589711325,0.830000000000012));
#13591=CARTESIAN_POINT('',(-2.15,2.23998123646791,0.700000000000012));
#13592=CARTESIAN_POINT('',(-2.15,0.151662860841153,0.937541538585636));
#13593=CARTESIAN_POINT('',(-2.15,0.199999999999999,0.850000000000012));
#13594=CARTESIAN_POINT('',(-2.15,0.151662860841153,0.937541538585636));
#13595=CARTESIAN_POINT('',(-1.65,0.154118985321513,1.7711465673591));
#13596=CARTESIAN_POINT('',(-1.65,-0.100000000000002,0.684351303598929));
#13597=CARTESIAN_POINT('',(-1.85,0.154118985321513,1.7711465673591));
#13598=CARTESIAN_POINT('',(-1.85,-0.100000000000002,0.684351303598929));
#13599=CARTESIAN_POINT('',(-1.65,0.154118985321513,1.7711465673591));
#13600=CARTESIAN_POINT('',(-1.65,-0.100000000000002,0.684351303598929));
#13601=CARTESIAN_POINT('',(-1.65,-0.148337139158848,0.771892842184553));
#13602=CARTESIAN_POINT('',(-1.65,2.23998123646791,0.700000000000012));
#13603=CARTESIAN_POINT('',(-1.65,0.297979589711325,0.830000000000012));
#13604=CARTESIAN_POINT('',(-1.65,0.199999999999999,0.850000000000012));
#13605=CARTESIAN_POINT('',(-1.65,0.151662860841153,0.937541538585636));
#13606=CARTESIAN_POINT('',(-1.65,0.151662860841153,0.937541538585636));
#13607=CARTESIAN_POINT('',(-1.65,-0.100000000000002,0.684351303598929));
#13608=CARTESIAN_POINT('',(-1.85,-0.100000000000002,0.684351303598929));
#13609=CARTESIAN_POINT('',(-1.85,-0.148337139158848,0.771892842184553));
#13610=CARTESIAN_POINT('',(-1.85,0.151662860841153,0.937541538585636));
#13611=CARTESIAN_POINT('',(-1.85,0.151662860841153,0.937541538585636));
#13612=CARTESIAN_POINT('',(-1.85,0.199999999999999,0.850000000000012));
#13613=CARTESIAN_POINT('',(-1.85,0.297979589711325,0.830000000000012));
#13614=CARTESIAN_POINT('',(-1.85,2.23998123646791,0.700000000000012));
#13615=CARTESIAN_POINT('',(-1.85,-0.100000000000002,0.684351303598929));
#13616=CARTESIAN_POINT('',(-1.65,-0.148337139158848,0.771892842184553));
#13617=CARTESIAN_POINT('',(-1.65,-0.100000000000002,0.684351303598929));
#13618=CARTESIAN_POINT('',(-1.65,0.297979589711325,0.830000000000012));
#13619=CARTESIAN_POINT('',(-1.65,2.23998123646791,0.700000000000012));
#13620=CARTESIAN_POINT('',(-1.65,0.151662860841153,0.937541538585636));
#13621=CARTESIAN_POINT('',(-1.65,0.199999999999999,0.850000000000012));
#13622=CARTESIAN_POINT('',(-1.65,0.151662860841153,0.937541538585636));
#13623=CARTESIAN_POINT('',(-1.15,0.154118985321513,1.7711465673591));
#13624=CARTESIAN_POINT('',(-1.15,-0.100000000000002,0.684351303598929));
#13625=CARTESIAN_POINT('',(-1.35,0.154118985321513,1.7711465673591));
#13626=CARTESIAN_POINT('',(-1.35,-0.100000000000002,0.684351303598929));
#13627=CARTESIAN_POINT('',(-1.15,0.154118985321513,1.7711465673591));
#13628=CARTESIAN_POINT('',(-1.15,-0.100000000000002,0.684351303598929));
#13629=CARTESIAN_POINT('',(-1.15,-0.148337139158848,0.771892842184553));
#13630=CARTESIAN_POINT('',(-1.15,2.23998123646791,0.700000000000012));
#13631=CARTESIAN_POINT('',(-1.15,0.297979589711325,0.830000000000012));
#13632=CARTESIAN_POINT('',(-1.15,0.199999999999999,0.850000000000012));
#13633=CARTESIAN_POINT('',(-1.15,0.151662860841153,0.937541538585636));
#13634=CARTESIAN_POINT('',(-1.15,0.151662860841153,0.937541538585636));
#13635=CARTESIAN_POINT('',(-1.15,-0.100000000000002,0.684351303598929));
#13636=CARTESIAN_POINT('',(-1.35,-0.100000000000002,0.684351303598929));
#13637=CARTESIAN_POINT('',(-1.35,-0.148337139158848,0.771892842184553));
#13638=CARTESIAN_POINT('',(-1.35,0.151662860841153,0.937541538585636));
#13639=CARTESIAN_POINT('',(-1.35,0.151662860841153,0.937541538585636));
#13640=CARTESIAN_POINT('',(-1.35,0.199999999999999,0.850000000000012));
#13641=CARTESIAN_POINT('',(-1.35,0.297979589711325,0.830000000000012));
#13642=CARTESIAN_POINT('',(-1.35,2.23998123646791,0.700000000000012));
#13643=CARTESIAN_POINT('',(-1.35,-0.100000000000002,0.684351303598929));
#13644=CARTESIAN_POINT('',(-1.15,-0.148337139158848,0.771892842184553));
#13645=CARTESIAN_POINT('',(-1.15,-0.100000000000002,0.684351303598929));
#13646=CARTESIAN_POINT('',(-1.15,0.297979589711325,0.830000000000012));
#13647=CARTESIAN_POINT('',(-1.15,2.23998123646791,0.700000000000012));
#13648=CARTESIAN_POINT('',(-1.15,0.151662860841153,0.937541538585636));
#13649=CARTESIAN_POINT('',(-1.15,0.199999999999999,0.850000000000012));
#13650=CARTESIAN_POINT('',(-1.15,0.151662860841153,0.937541538585636));
#13651=CARTESIAN_POINT('',(-0.65,0.154118985321513,1.7711465673591));
#13652=CARTESIAN_POINT('',(-0.65,-0.100000000000002,0.684351303598929));
#13653=CARTESIAN_POINT('',(-0.85,0.154118985321513,1.7711465673591));
#13654=CARTESIAN_POINT('',(-0.85,-0.100000000000002,0.684351303598929));
#13655=CARTESIAN_POINT('',(-0.65,0.154118985321513,1.7711465673591));
#13656=CARTESIAN_POINT('',(-0.65,-0.100000000000002,0.684351303598929));
#13657=CARTESIAN_POINT('',(-0.65,-0.148337139158848,0.771892842184553));
#13658=CARTESIAN_POINT('',(-0.65,2.23998123646791,0.700000000000012));
#13659=CARTESIAN_POINT('',(-0.65,0.297979589711325,0.830000000000012));
#13660=CARTESIAN_POINT('',(-0.65,0.199999999999999,0.850000000000012));
#13661=CARTESIAN_POINT('',(-0.65,0.151662860841153,0.937541538585636));
#13662=CARTESIAN_POINT('',(-0.65,0.151662860841153,0.937541538585636));
#13663=CARTESIAN_POINT('',(-0.65,-0.100000000000002,0.684351303598929));
#13664=CARTESIAN_POINT('',(-0.85,-0.100000000000002,0.684351303598929));
#13665=CARTESIAN_POINT('',(-0.85,-0.148337139158848,0.771892842184553));
#13666=CARTESIAN_POINT('',(-0.85,0.151662860841153,0.937541538585636));
#13667=CARTESIAN_POINT('',(-0.85,0.151662860841153,0.937541538585636));
#13668=CARTESIAN_POINT('',(-0.85,0.199999999999999,0.850000000000012));
#13669=CARTESIAN_POINT('',(-0.85,0.297979589711325,0.830000000000012));
#13670=CARTESIAN_POINT('',(-0.85,2.23998123646791,0.700000000000012));
#13671=CARTESIAN_POINT('',(-0.85,-0.100000000000002,0.684351303598929));
#13672=CARTESIAN_POINT('',(-0.65,-0.148337139158848,0.771892842184553));
#13673=CARTESIAN_POINT('',(-0.65,-0.100000000000002,0.684351303598929));
#13674=CARTESIAN_POINT('',(-0.65,0.297979589711325,0.830000000000012));
#13675=CARTESIAN_POINT('',(-0.65,2.23998123646791,0.700000000000012));
#13676=CARTESIAN_POINT('',(-0.65,0.151662860841153,0.937541538585636));
#13677=CARTESIAN_POINT('',(-0.65,0.199999999999999,0.850000000000012));
#13678=CARTESIAN_POINT('',(-0.65,0.151662860841153,0.937541538585636));
#13679=CARTESIAN_POINT('',(-0.15,0.154118985321513,1.7711465673591));
#13680=CARTESIAN_POINT('',(-0.15,-0.100000000000002,0.684351303598929));
#13681=CARTESIAN_POINT('',(-0.35,0.154118985321513,1.7711465673591));
#13682=CARTESIAN_POINT('',(-0.35,-0.100000000000002,0.684351303598929));
#13683=CARTESIAN_POINT('',(-0.15,0.154118985321513,1.7711465673591));
#13684=CARTESIAN_POINT('',(-0.15,-0.100000000000002,0.684351303598929));
#13685=CARTESIAN_POINT('',(-0.15,-0.148337139158848,0.771892842184553));
#13686=CARTESIAN_POINT('',(-0.15,2.23998123646791,0.700000000000012));
#13687=CARTESIAN_POINT('',(-0.15,0.297979589711325,0.830000000000012));
#13688=CARTESIAN_POINT('',(-0.15,0.199999999999999,0.850000000000012));
#13689=CARTESIAN_POINT('',(-0.15,0.151662860841153,0.937541538585636));
#13690=CARTESIAN_POINT('',(-0.15,0.151662860841153,0.937541538585636));
#13691=CARTESIAN_POINT('',(-0.15,-0.100000000000002,0.684351303598929));
#13692=CARTESIAN_POINT('',(-0.35,-0.100000000000002,0.684351303598929));
#13693=CARTESIAN_POINT('',(-0.35,-0.148337139158848,0.771892842184553));
#13694=CARTESIAN_POINT('',(-0.35,0.151662860841153,0.937541538585636));
#13695=CARTESIAN_POINT('',(-0.35,0.151662860841153,0.937541538585636));
#13696=CARTESIAN_POINT('',(-0.35,0.199999999999999,0.850000000000012));
#13697=CARTESIAN_POINT('',(-0.35,0.297979589711325,0.830000000000012));
#13698=CARTESIAN_POINT('',(-0.35,2.23998123646791,0.700000000000012));
#13699=CARTESIAN_POINT('',(-0.35,-0.100000000000002,0.684351303598929));
#13700=CARTESIAN_POINT('',(-0.15,-0.148337139158848,0.771892842184553));
#13701=CARTESIAN_POINT('',(-0.15,-0.100000000000002,0.684351303598929));
#13702=CARTESIAN_POINT('',(-0.15,0.297979589711325,0.830000000000012));
#13703=CARTESIAN_POINT('',(-0.15,2.23998123646791,0.700000000000012));
#13704=CARTESIAN_POINT('',(-0.15,0.151662860841153,0.937541538585636));
#13705=CARTESIAN_POINT('',(-0.15,0.199999999999999,0.850000000000012));
#13706=CARTESIAN_POINT('',(-0.15,0.151662860841153,0.937541538585636));
#13707=CARTESIAN_POINT('',(0.35,0.154118985321513,1.7711465673591));
#13708=CARTESIAN_POINT('',(0.35,-0.100000000000002,0.684351303598929));
#13709=CARTESIAN_POINT('',(0.15,0.154118985321513,1.7711465673591));
#13710=CARTESIAN_POINT('',(0.15,-0.100000000000002,0.684351303598929));
#13711=CARTESIAN_POINT('',(0.35,0.154118985321513,1.7711465673591));
#13712=CARTESIAN_POINT('',(0.35,-0.100000000000002,0.684351303598929));
#13713=CARTESIAN_POINT('',(0.35,-0.148337139158848,0.771892842184553));
#13714=CARTESIAN_POINT('',(0.35,2.23998123646791,0.700000000000012));
#13715=CARTESIAN_POINT('',(0.35,0.297979589711325,0.830000000000012));
#13716=CARTESIAN_POINT('',(0.35,0.199999999999999,0.850000000000012));
#13717=CARTESIAN_POINT('',(0.35,0.151662860841153,0.937541538585636));
#13718=CARTESIAN_POINT('',(0.35,0.151662860841153,0.937541538585636));
#13719=CARTESIAN_POINT('',(0.35,-0.100000000000002,0.684351303598929));
#13720=CARTESIAN_POINT('',(0.15,-0.100000000000002,0.684351303598929));
#13721=CARTESIAN_POINT('',(0.15,-0.148337139158848,0.771892842184553));
#13722=CARTESIAN_POINT('',(0.15,0.151662860841153,0.937541538585636));
#13723=CARTESIAN_POINT('',(0.15,0.151662860841153,0.937541538585636));
#13724=CARTESIAN_POINT('',(0.15,0.199999999999999,0.850000000000012));
#13725=CARTESIAN_POINT('',(0.15,0.297979589711325,0.830000000000012));
#13726=CARTESIAN_POINT('',(0.15,2.23998123646791,0.700000000000012));
#13727=CARTESIAN_POINT('',(0.15,-0.100000000000002,0.684351303598929));
#13728=CARTESIAN_POINT('',(0.35,-0.148337139158848,0.771892842184553));
#13729=CARTESIAN_POINT('',(0.35,-0.100000000000002,0.684351303598929));
#13730=CARTESIAN_POINT('',(0.35,0.297979589711325,0.830000000000012));
#13731=CARTESIAN_POINT('',(0.35,2.23998123646791,0.700000000000012));
#13732=CARTESIAN_POINT('',(0.35,0.151662860841153,0.937541538585636));
#13733=CARTESIAN_POINT('',(0.35,0.199999999999999,0.850000000000012));
#13734=CARTESIAN_POINT('',(0.35,0.151662860841153,0.937541538585636));
#13735=CARTESIAN_POINT('',(0.85,0.154118985321513,1.7711465673591));
#13736=CARTESIAN_POINT('',(0.85,-0.100000000000002,0.684351303598929));
#13737=CARTESIAN_POINT('',(0.65,0.154118985321513,1.7711465673591));
#13738=CARTESIAN_POINT('',(0.65,-0.100000000000002,0.684351303598929));
#13739=CARTESIAN_POINT('',(0.85,0.154118985321513,1.7711465673591));
#13740=CARTESIAN_POINT('',(0.85,-0.100000000000002,0.684351303598929));
#13741=CARTESIAN_POINT('',(0.85,-0.148337139158848,0.771892842184553));
#13742=CARTESIAN_POINT('',(0.85,2.23998123646791,0.700000000000012));
#13743=CARTESIAN_POINT('',(0.85,0.297979589711325,0.830000000000012));
#13744=CARTESIAN_POINT('',(0.85,0.199999999999999,0.850000000000012));
#13745=CARTESIAN_POINT('',(0.85,0.151662860841153,0.937541538585636));
#13746=CARTESIAN_POINT('',(0.85,0.151662860841153,0.937541538585636));
#13747=CARTESIAN_POINT('',(0.85,-0.100000000000002,0.684351303598929));
#13748=CARTESIAN_POINT('',(0.65,-0.100000000000002,0.684351303598929));
#13749=CARTESIAN_POINT('',(0.65,-0.148337139158848,0.771892842184553));
#13750=CARTESIAN_POINT('',(0.65,0.151662860841153,0.937541538585636));
#13751=CARTESIAN_POINT('',(0.65,0.151662860841153,0.937541538585636));
#13752=CARTESIAN_POINT('',(0.65,0.199999999999999,0.850000000000012));
#13753=CARTESIAN_POINT('',(0.65,0.297979589711325,0.830000000000012));
#13754=CARTESIAN_POINT('',(0.65,2.23998123646791,0.700000000000012));
#13755=CARTESIAN_POINT('',(0.65,-0.100000000000002,0.684351303598929));
#13756=CARTESIAN_POINT('',(0.85,-0.148337139158848,0.771892842184553));
#13757=CARTESIAN_POINT('',(0.85,-0.100000000000002,0.684351303598929));
#13758=CARTESIAN_POINT('',(0.85,0.297979589711325,0.830000000000012));
#13759=CARTESIAN_POINT('',(0.85,2.23998123646791,0.700000000000012));
#13760=CARTESIAN_POINT('',(0.85,0.151662860841153,0.937541538585636));
#13761=CARTESIAN_POINT('',(0.85,0.199999999999999,0.850000000000012));
#13762=CARTESIAN_POINT('',(0.85,0.151662860841153,0.937541538585636));
#13763=CARTESIAN_POINT('',(1.35,0.154118985321513,1.7711465673591));
#13764=CARTESIAN_POINT('',(1.35,-0.100000000000002,0.684351303598929));
#13765=CARTESIAN_POINT('',(1.15,0.154118985321513,1.7711465673591));
#13766=CARTESIAN_POINT('',(1.15,-0.100000000000002,0.684351303598929));
#13767=CARTESIAN_POINT('',(1.35,0.154118985321513,1.7711465673591));
#13768=CARTESIAN_POINT('',(1.35,-0.100000000000002,0.684351303598929));
#13769=CARTESIAN_POINT('',(1.35,-0.148337139158848,0.771892842184553));
#13770=CARTESIAN_POINT('',(1.35,2.23998123646791,0.700000000000012));
#13771=CARTESIAN_POINT('',(1.35,0.297979589711325,0.830000000000012));
#13772=CARTESIAN_POINT('',(1.35,0.199999999999999,0.850000000000012));
#13773=CARTESIAN_POINT('',(1.35,0.151662860841153,0.937541538585636));
#13774=CARTESIAN_POINT('',(1.35,0.151662860841153,0.937541538585636));
#13775=CARTESIAN_POINT('',(1.35,-0.100000000000002,0.684351303598929));
#13776=CARTESIAN_POINT('',(1.15,-0.100000000000002,0.684351303598929));
#13777=CARTESIAN_POINT('',(1.15,-0.148337139158848,0.771892842184553));
#13778=CARTESIAN_POINT('',(1.15,0.151662860841153,0.937541538585636));
#13779=CARTESIAN_POINT('',(1.15,0.151662860841153,0.937541538585636));
#13780=CARTESIAN_POINT('',(1.15,0.199999999999999,0.850000000000012));
#13781=CARTESIAN_POINT('',(1.15,0.297979589711325,0.830000000000012));
#13782=CARTESIAN_POINT('',(1.15,2.23998123646791,0.700000000000012));
#13783=CARTESIAN_POINT('',(1.15,-0.100000000000002,0.684351303598929));
#13784=CARTESIAN_POINT('',(1.35,-0.148337139158848,0.771892842184553));
#13785=CARTESIAN_POINT('',(1.35,-0.100000000000002,0.684351303598929));
#13786=CARTESIAN_POINT('',(1.35,0.297979589711325,0.830000000000012));
#13787=CARTESIAN_POINT('',(1.35,2.23998123646791,0.700000000000012));
#13788=CARTESIAN_POINT('',(1.35,0.151662860841153,0.937541538585636));
#13789=CARTESIAN_POINT('',(1.35,0.199999999999999,0.850000000000012));
#13790=CARTESIAN_POINT('',(1.35,0.151662860841153,0.937541538585636));
#13791=CARTESIAN_POINT('',(1.85,0.154118985321513,1.7711465673591));
#13792=CARTESIAN_POINT('',(1.85,-0.100000000000002,0.684351303598929));
#13793=CARTESIAN_POINT('',(1.65,0.154118985321513,1.7711465673591));
#13794=CARTESIAN_POINT('',(1.65,-0.100000000000002,0.684351303598929));
#13795=CARTESIAN_POINT('',(1.85,0.154118985321513,1.7711465673591));
#13796=CARTESIAN_POINT('',(1.85,-0.100000000000002,0.684351303598929));
#13797=CARTESIAN_POINT('',(1.85,-0.148337139158848,0.771892842184553));
#13798=CARTESIAN_POINT('',(1.85,2.23998123646791,0.700000000000012));
#13799=CARTESIAN_POINT('',(1.85,0.297979589711325,0.830000000000012));
#13800=CARTESIAN_POINT('',(1.85,0.199999999999999,0.850000000000012));
#13801=CARTESIAN_POINT('',(1.85,0.151662860841153,0.937541538585636));
#13802=CARTESIAN_POINT('',(1.85,0.151662860841153,0.937541538585636));
#13803=CARTESIAN_POINT('',(1.85,-0.100000000000002,0.684351303598929));
#13804=CARTESIAN_POINT('',(1.65,-0.100000000000002,0.684351303598929));
#13805=CARTESIAN_POINT('',(1.65,-0.148337139158848,0.771892842184553));
#13806=CARTESIAN_POINT('',(1.65,0.151662860841153,0.937541538585636));
#13807=CARTESIAN_POINT('',(1.65,0.151662860841153,0.937541538585636));
#13808=CARTESIAN_POINT('',(1.65,0.199999999999999,0.850000000000012));
#13809=CARTESIAN_POINT('',(1.65,0.297979589711325,0.830000000000012));
#13810=CARTESIAN_POINT('',(1.65,2.23998123646791,0.700000000000012));
#13811=CARTESIAN_POINT('',(1.65,-0.100000000000002,0.684351303598929));
#13812=CARTESIAN_POINT('',(1.85,-0.148337139158848,0.771892842184553));
#13813=CARTESIAN_POINT('',(1.85,-0.100000000000002,0.684351303598929));
#13814=CARTESIAN_POINT('',(1.85,0.297979589711325,0.830000000000012));
#13815=CARTESIAN_POINT('',(1.85,2.23998123646791,0.700000000000012));
#13816=CARTESIAN_POINT('',(1.85,0.151662860841153,0.937541538585636));
#13817=CARTESIAN_POINT('',(1.85,0.199999999999999,0.850000000000012));
#13818=CARTESIAN_POINT('',(1.85,0.151662860841153,0.937541538585636));
#13819=CARTESIAN_POINT('',(2.35,0.154118985321513,1.7711465673591));
#13820=CARTESIAN_POINT('',(2.35,-0.100000000000002,0.684351303598929));
#13821=CARTESIAN_POINT('',(2.15,0.154118985321513,1.7711465673591));
#13822=CARTESIAN_POINT('',(2.15,-0.100000000000002,0.684351303598929));
#13823=CARTESIAN_POINT('',(2.35,0.154118985321513,1.7711465673591));
#13824=CARTESIAN_POINT('',(2.35,-0.100000000000002,0.684351303598929));
#13825=CARTESIAN_POINT('',(2.35,-0.148337139158848,0.771892842184553));
#13826=CARTESIAN_POINT('',(2.35,2.23998123646791,0.700000000000012));
#13827=CARTESIAN_POINT('',(2.35,0.297979589711325,0.830000000000012));
#13828=CARTESIAN_POINT('',(2.35,0.199999999999999,0.850000000000012));
#13829=CARTESIAN_POINT('',(2.35,0.151662860841153,0.937541538585636));
#13830=CARTESIAN_POINT('',(2.35,0.151662860841153,0.937541538585636));
#13831=CARTESIAN_POINT('',(2.35,-0.100000000000002,0.684351303598929));
#13832=CARTESIAN_POINT('',(2.15,-0.100000000000002,0.684351303598929));
#13833=CARTESIAN_POINT('',(2.15,-0.148337139158848,0.771892842184553));
#13834=CARTESIAN_POINT('',(2.15,0.151662860841153,0.937541538585636));
#13835=CARTESIAN_POINT('',(2.15,0.151662860841153,0.937541538585636));
#13836=CARTESIAN_POINT('',(2.15,0.199999999999999,0.850000000000012));
#13837=CARTESIAN_POINT('',(2.15,0.297979589711325,0.830000000000012));
#13838=CARTESIAN_POINT('',(2.15,2.23998123646791,0.700000000000012));
#13839=CARTESIAN_POINT('',(2.15,-0.100000000000002,0.684351303598929));
#13840=CARTESIAN_POINT('',(2.35,-0.148337139158848,0.771892842184553));
#13841=CARTESIAN_POINT('',(2.35,-0.100000000000002,0.684351303598929));
#13842=CARTESIAN_POINT('',(2.35,0.297979589711325,0.830000000000012));
#13843=CARTESIAN_POINT('',(2.35,2.23998123646791,0.700000000000012));
#13844=CARTESIAN_POINT('',(2.35,0.151662860841153,0.937541538585636));
#13845=CARTESIAN_POINT('',(2.35,0.199999999999999,0.850000000000012));
#13846=CARTESIAN_POINT('',(2.35,0.151662860841153,0.937541538585636));
#13847=CARTESIAN_POINT('',(2.85,0.154118985321513,1.7711465673591));
#13848=CARTESIAN_POINT('',(2.85,-0.100000000000002,0.684351303598929));
#13849=CARTESIAN_POINT('',(2.65,0.154118985321513,1.7711465673591));
#13850=CARTESIAN_POINT('',(2.65,-0.100000000000002,0.684351303598929));
#13851=CARTESIAN_POINT('',(2.85,0.154118985321513,1.7711465673591));
#13852=CARTESIAN_POINT('',(2.85,-0.100000000000002,0.684351303598929));
#13853=CARTESIAN_POINT('',(2.85,-0.148337139158848,0.771892842184553));
#13854=CARTESIAN_POINT('',(2.85,2.23998123646791,0.700000000000012));
#13855=CARTESIAN_POINT('',(2.85,0.297979589711325,0.830000000000012));
#13856=CARTESIAN_POINT('',(2.85,0.199999999999999,0.850000000000012));
#13857=CARTESIAN_POINT('',(2.85,0.151662860841153,0.937541538585636));
#13858=CARTESIAN_POINT('',(2.85,0.151662860841153,0.937541538585636));
#13859=CARTESIAN_POINT('',(2.85,-0.100000000000002,0.684351303598929));
#13860=CARTESIAN_POINT('',(2.65,-0.100000000000002,0.684351303598929));
#13861=CARTESIAN_POINT('',(2.65,-0.148337139158848,0.771892842184553));
#13862=CARTESIAN_POINT('',(2.65,0.151662860841153,0.937541538585636));
#13863=CARTESIAN_POINT('',(2.65,0.151662860841153,0.937541538585636));
#13864=CARTESIAN_POINT('',(2.65,0.199999999999999,0.850000000000012));
#13865=CARTESIAN_POINT('',(2.65,0.297979589711325,0.830000000000012));
#13866=CARTESIAN_POINT('',(2.65,2.23998123646791,0.700000000000012));
#13867=CARTESIAN_POINT('',(2.65,-0.100000000000002,0.684351303598929));
#13868=CARTESIAN_POINT('',(2.85,-0.148337139158848,0.771892842184553));
#13869=CARTESIAN_POINT('',(2.85,-0.100000000000002,0.684351303598929));
#13870=CARTESIAN_POINT('',(2.85,0.297979589711325,0.830000000000012));
#13871=CARTESIAN_POINT('',(2.85,2.23998123646791,0.700000000000012));
#13872=CARTESIAN_POINT('',(2.85,0.151662860841153,0.937541538585636));
#13873=CARTESIAN_POINT('',(2.85,0.199999999999999,0.850000000000012));
#13874=CARTESIAN_POINT('',(2.85,0.151662860841153,0.937541538585636));
#13875=CARTESIAN_POINT('',(3.35,0.154118985321513,1.7711465673591));
#13876=CARTESIAN_POINT('',(3.35,-0.100000000000002,0.684351303598929));
#13877=CARTESIAN_POINT('',(3.15,0.154118985321513,1.7711465673591));
#13878=CARTESIAN_POINT('',(3.15,-0.100000000000002,0.684351303598929));
#13879=CARTESIAN_POINT('',(3.35,0.154118985321513,1.7711465673591));
#13880=CARTESIAN_POINT('',(3.35,-0.100000000000002,0.684351303598929));
#13881=CARTESIAN_POINT('',(3.35,-0.148337139158848,0.771892842184553));
#13882=CARTESIAN_POINT('',(3.35,2.23998123646791,0.700000000000012));
#13883=CARTESIAN_POINT('',(3.35,0.297979589711325,0.830000000000012));
#13884=CARTESIAN_POINT('',(3.35,0.199999999999999,0.850000000000012));
#13885=CARTESIAN_POINT('',(3.35,0.151662860841153,0.937541538585636));
#13886=CARTESIAN_POINT('',(3.35,0.151662860841153,0.937541538585636));
#13887=CARTESIAN_POINT('',(3.35,-0.100000000000002,0.684351303598929));
#13888=CARTESIAN_POINT('',(3.15,-0.100000000000002,0.684351303598929));
#13889=CARTESIAN_POINT('',(3.15,-0.148337139158848,0.771892842184553));
#13890=CARTESIAN_POINT('',(3.15,0.151662860841153,0.937541538585636));
#13891=CARTESIAN_POINT('',(3.15,0.151662860841153,0.937541538585636));
#13892=CARTESIAN_POINT('',(3.15,0.199999999999999,0.850000000000012));
#13893=CARTESIAN_POINT('',(3.15,0.297979589711325,0.830000000000012));
#13894=CARTESIAN_POINT('',(3.15,2.23998123646791,0.700000000000012));
#13895=CARTESIAN_POINT('',(3.15,-0.100000000000002,0.684351303598929));
#13896=CARTESIAN_POINT('',(3.35,-0.148337139158848,0.771892842184553));
#13897=CARTESIAN_POINT('',(3.35,-0.100000000000002,0.684351303598929));
#13898=CARTESIAN_POINT('',(3.35,0.297979589711325,0.830000000000012));
#13899=CARTESIAN_POINT('',(3.35,2.23998123646791,0.700000000000012));
#13900=CARTESIAN_POINT('',(3.35,0.151662860841153,0.937541538585636));
#13901=CARTESIAN_POINT('',(3.35,0.199999999999999,0.850000000000012));
#13902=CARTESIAN_POINT('',(3.35,0.151662860841153,0.937541538585636));
#13903=CARTESIAN_POINT('',(3.85,0.154118985321513,1.7711465673591));
#13904=CARTESIAN_POINT('',(3.85,-0.100000000000002,0.684351303598929));
#13905=CARTESIAN_POINT('',(3.65,0.154118985321513,1.7711465673591));
#13906=CARTESIAN_POINT('',(3.65,-0.100000000000002,0.684351303598929));
#13907=CARTESIAN_POINT('',(3.85,0.154118985321513,1.7711465673591));
#13908=CARTESIAN_POINT('',(3.85,-0.100000000000002,0.684351303598929));
#13909=CARTESIAN_POINT('',(3.85,-0.148337139158848,0.771892842184553));
#13910=CARTESIAN_POINT('',(3.85,2.23998123646791,0.700000000000012));
#13911=CARTESIAN_POINT('',(3.85,0.297979589711325,0.830000000000012));
#13912=CARTESIAN_POINT('',(3.85,0.199999999999999,0.850000000000012));
#13913=CARTESIAN_POINT('',(3.85,0.151662860841153,0.937541538585636));
#13914=CARTESIAN_POINT('',(3.85,0.151662860841153,0.937541538585636));
#13915=CARTESIAN_POINT('',(3.85,-0.100000000000002,0.684351303598929));
#13916=CARTESIAN_POINT('',(3.65,-0.100000000000002,0.684351303598929));
#13917=CARTESIAN_POINT('',(3.65,-0.148337139158848,0.771892842184553));
#13918=CARTESIAN_POINT('',(3.65,0.151662860841153,0.937541538585636));
#13919=CARTESIAN_POINT('',(3.65,0.151662860841153,0.937541538585636));
#13920=CARTESIAN_POINT('',(3.65,0.199999999999999,0.850000000000012));
#13921=CARTESIAN_POINT('',(3.65,0.297979589711325,0.830000000000012));
#13922=CARTESIAN_POINT('',(3.65,2.23998123646791,0.700000000000012));
#13923=CARTESIAN_POINT('',(3.65,-0.100000000000002,0.684351303598929));
#13924=CARTESIAN_POINT('',(3.85,-0.148337139158848,0.771892842184553));
#13925=CARTESIAN_POINT('',(3.85,-0.100000000000002,0.684351303598929));
#13926=CARTESIAN_POINT('',(3.85,0.297979589711325,0.830000000000012));
#13927=CARTESIAN_POINT('',(3.85,2.23998123646791,0.700000000000012));
#13928=CARTESIAN_POINT('',(3.85,0.151662860841153,0.937541538585636));
#13929=CARTESIAN_POINT('',(3.85,0.199999999999999,0.850000000000012));
#13930=CARTESIAN_POINT('',(3.85,0.151662860841153,0.937541538585636));
#13931=CARTESIAN_POINT('',(-2.15,2.95,2.15));
#13932=CARTESIAN_POINT('',(-2.15,3.2,2.15));
#13933=CARTESIAN_POINT('',(-2.35,2.95,2.15));
#13934=CARTESIAN_POINT('',(-2.35,3.2,2.15));
#13935=CARTESIAN_POINT('',(-2.15,3.2,2.15));
#13936=CARTESIAN_POINT('',(-2.15,2.95,2.15));
#13937=CARTESIAN_POINT('',(-2.15,3.2,2.15));
#13938=CARTESIAN_POINT('',(-2.15,3.2,2.8));
#13939=CARTESIAN_POINT('',(-2.15,3.2,2.8));
#13940=CARTESIAN_POINT('',(-2.15,2.8,2.8));
#13941=CARTESIAN_POINT('',(-2.15,2.8,2.8));
#13942=CARTESIAN_POINT('',(-2.15,2.95,2.15));
#13943=CARTESIAN_POINT('',(-2.35,2.8,2.8));
#13944=CARTESIAN_POINT('',(-2.35,2.8,2.8));
#13945=CARTESIAN_POINT('',(-2.35,3.2,2.8));
#13946=CARTESIAN_POINT('',(-2.35,3.2,2.8));
#13947=CARTESIAN_POINT('',(-2.35,3.2,2.15));
#13948=CARTESIAN_POINT('',(-2.35,2.95,2.15));
#13949=CARTESIAN_POINT('',(-2.15,3.2,2.8));
#13950=CARTESIAN_POINT('',(-2.15,3.2,2.15));
#13951=CARTESIAN_POINT('',(-2.15,2.8,2.8));
#13952=CARTESIAN_POINT('',(-2.15,3.2,2.8));
#13953=CARTESIAN_POINT('',(-2.15,2.8,2.8));
#13954=CARTESIAN_POINT('',(-1.15,2.95,2.15));
#13955=CARTESIAN_POINT('',(-1.15,3.2,2.15));
#13956=CARTESIAN_POINT('',(-1.35,2.95,2.15));
#13957=CARTESIAN_POINT('',(-1.35,3.2,2.15));
#13958=CARTESIAN_POINT('',(-1.15,3.2,2.15));
#13959=CARTESIAN_POINT('',(-1.15,2.95,2.15));
#13960=CARTESIAN_POINT('',(-1.15,3.2,2.15));
#13961=CARTESIAN_POINT('',(-1.15,3.2,2.8));
#13962=CARTESIAN_POINT('',(-1.15,3.2,2.8));
#13963=CARTESIAN_POINT('',(-1.15,2.8,2.8));
#13964=CARTESIAN_POINT('',(-1.15,2.8,2.8));
#13965=CARTESIAN_POINT('',(-1.15,2.95,2.15));
#13966=CARTESIAN_POINT('',(-1.35,2.8,2.8));
#13967=CARTESIAN_POINT('',(-1.35,2.8,2.8));
#13968=CARTESIAN_POINT('',(-1.35,3.2,2.8));
#13969=CARTESIAN_POINT('',(-1.35,3.2,2.8));
#13970=CARTESIAN_POINT('',(-1.35,3.2,2.15));
#13971=CARTESIAN_POINT('',(-1.35,2.95,2.15));
#13972=CARTESIAN_POINT('',(-1.15,3.2,2.8));
#13973=CARTESIAN_POINT('',(-1.15,3.2,2.15));
#13974=CARTESIAN_POINT('',(-1.15,2.8,2.8));
#13975=CARTESIAN_POINT('',(-1.15,3.2,2.8));
#13976=CARTESIAN_POINT('',(-1.15,2.8,2.8));
#13977=CARTESIAN_POINT('',(-0.15,2.95,2.15));
#13978=CARTESIAN_POINT('',(-0.15,3.2,2.15));
#13979=CARTESIAN_POINT('',(-0.35,2.95,2.15));
#13980=CARTESIAN_POINT('',(-0.35,3.2,2.15));
#13981=CARTESIAN_POINT('',(-0.15,3.2,2.15));
#13982=CARTESIAN_POINT('',(-0.15,2.95,2.15));
#13983=CARTESIAN_POINT('',(-0.15,3.2,2.15));
#13984=CARTESIAN_POINT('',(-0.15,3.2,2.8));
#13985=CARTESIAN_POINT('',(-0.15,3.2,2.8));
#13986=CARTESIAN_POINT('',(-0.15,2.8,2.8));
#13987=CARTESIAN_POINT('',(-0.15,2.8,2.8));
#13988=CARTESIAN_POINT('',(-0.15,2.95,2.15));
#13989=CARTESIAN_POINT('',(-0.35,2.8,2.8));
#13990=CARTESIAN_POINT('',(-0.35,2.8,2.8));
#13991=CARTESIAN_POINT('',(-0.35,3.2,2.8));
#13992=CARTESIAN_POINT('',(-0.35,3.2,2.8));
#13993=CARTESIAN_POINT('',(-0.35,3.2,2.15));
#13994=CARTESIAN_POINT('',(-0.35,2.95,2.15));
#13995=CARTESIAN_POINT('',(-0.15,3.2,2.8));
#13996=CARTESIAN_POINT('',(-0.15,3.2,2.15));
#13997=CARTESIAN_POINT('',(-0.15,2.8,2.8));
#13998=CARTESIAN_POINT('',(-0.15,3.2,2.8));
#13999=CARTESIAN_POINT('',(-0.15,2.8,2.8));
#14000=CARTESIAN_POINT('',(0.85,2.95,2.15));
#14001=CARTESIAN_POINT('',(0.85,3.2,2.15));
#14002=CARTESIAN_POINT('',(0.65,2.95,2.15));
#14003=CARTESIAN_POINT('',(0.65,3.2,2.15));
#14004=CARTESIAN_POINT('',(0.85,3.2,2.15));
#14005=CARTESIAN_POINT('',(0.85,2.95,2.15));
#14006=CARTESIAN_POINT('',(0.85,3.2,2.15));
#14007=CARTESIAN_POINT('',(0.85,3.2,2.8));
#14008=CARTESIAN_POINT('',(0.85,3.2,2.8));
#14009=CARTESIAN_POINT('',(0.85,2.8,2.8));
#14010=CARTESIAN_POINT('',(0.85,2.8,2.8));
#14011=CARTESIAN_POINT('',(0.85,2.95,2.15));
#14012=CARTESIAN_POINT('',(0.65,2.8,2.8));
#14013=CARTESIAN_POINT('',(0.65,2.8,2.8));
#14014=CARTESIAN_POINT('',(0.65,3.2,2.8));
#14015=CARTESIAN_POINT('',(0.65,3.2,2.8));
#14016=CARTESIAN_POINT('',(0.65,3.2,2.15));
#14017=CARTESIAN_POINT('',(0.65,2.95,2.15));
#14018=CARTESIAN_POINT('',(0.85,3.2,2.8));
#14019=CARTESIAN_POINT('',(0.85,3.2,2.15));
#14020=CARTESIAN_POINT('',(0.85,2.8,2.8));
#14021=CARTESIAN_POINT('',(0.85,3.2,2.8));
#14022=CARTESIAN_POINT('',(0.85,2.8,2.8));
#14023=CARTESIAN_POINT('',(1.85,2.95,2.15));
#14024=CARTESIAN_POINT('',(1.85,3.2,2.15));
#14025=CARTESIAN_POINT('',(1.65,2.95,2.15));
#14026=CARTESIAN_POINT('',(1.65,3.2,2.15));
#14027=CARTESIAN_POINT('',(1.85,3.2,2.15));
#14028=CARTESIAN_POINT('',(1.85,2.95,2.15));
#14029=CARTESIAN_POINT('',(1.85,3.2,2.15));
#14030=CARTESIAN_POINT('',(1.85,3.2,2.8));
#14031=CARTESIAN_POINT('',(1.85,3.2,2.8));
#14032=CARTESIAN_POINT('',(1.85,2.8,2.8));
#14033=CARTESIAN_POINT('',(1.85,2.8,2.8));
#14034=CARTESIAN_POINT('',(1.85,2.95,2.15));
#14035=CARTESIAN_POINT('',(1.65,2.8,2.8));
#14036=CARTESIAN_POINT('',(1.65,2.8,2.8));
#14037=CARTESIAN_POINT('',(1.65,3.2,2.8));
#14038=CARTESIAN_POINT('',(1.65,3.2,2.8));
#14039=CARTESIAN_POINT('',(1.65,3.2,2.15));
#14040=CARTESIAN_POINT('',(1.65,2.95,2.15));
#14041=CARTESIAN_POINT('',(1.85,3.2,2.8));
#14042=CARTESIAN_POINT('',(1.85,3.2,2.15));
#14043=CARTESIAN_POINT('',(1.85,2.8,2.8));
#14044=CARTESIAN_POINT('',(1.85,3.2,2.8));
#14045=CARTESIAN_POINT('',(1.85,2.8,2.8));
#14046=CARTESIAN_POINT('',(2.85,2.95,2.15));
#14047=CARTESIAN_POINT('',(2.85,3.2,2.15));
#14048=CARTESIAN_POINT('',(2.65,2.95,2.15));
#14049=CARTESIAN_POINT('',(2.65,3.2,2.15));
#14050=CARTESIAN_POINT('',(2.85,3.2,2.15));
#14051=CARTESIAN_POINT('',(2.85,2.95,2.15));
#14052=CARTESIAN_POINT('',(2.85,3.2,2.15));
#14053=CARTESIAN_POINT('',(2.85,3.2,2.8));
#14054=CARTESIAN_POINT('',(2.85,3.2,2.8));
#14055=CARTESIAN_POINT('',(2.85,2.8,2.8));
#14056=CARTESIAN_POINT('',(2.85,2.8,2.8));
#14057=CARTESIAN_POINT('',(2.85,2.95,2.15));
#14058=CARTESIAN_POINT('',(2.65,2.8,2.8));
#14059=CARTESIAN_POINT('',(2.65,2.8,2.8));
#14060=CARTESIAN_POINT('',(2.65,3.2,2.8));
#14061=CARTESIAN_POINT('',(2.65,3.2,2.8));
#14062=CARTESIAN_POINT('',(2.65,3.2,2.15));
#14063=CARTESIAN_POINT('',(2.65,2.95,2.15));
#14064=CARTESIAN_POINT('',(2.85,3.2,2.8));
#14065=CARTESIAN_POINT('',(2.85,3.2,2.15));
#14066=CARTESIAN_POINT('',(2.85,2.8,2.8));
#14067=CARTESIAN_POINT('',(2.85,3.2,2.8));
#14068=CARTESIAN_POINT('',(2.85,2.8,2.8));
#14069=CARTESIAN_POINT('',(3.85,2.95,2.15));
#14070=CARTESIAN_POINT('',(3.85,3.2,2.15));
#14071=CARTESIAN_POINT('',(3.65,2.95,2.15));
#14072=CARTESIAN_POINT('',(3.65,3.2,2.15));
#14073=CARTESIAN_POINT('',(3.85,3.2,2.15));
#14074=CARTESIAN_POINT('',(3.85,2.95,2.15));
#14075=CARTESIAN_POINT('',(3.85,3.2,2.15));
#14076=CARTESIAN_POINT('',(3.85,3.2,2.8));
#14077=CARTESIAN_POINT('',(3.85,3.2,2.8));
#14078=CARTESIAN_POINT('',(3.85,2.8,2.8));
#14079=CARTESIAN_POINT('',(3.85,2.8,2.8));
#14080=CARTESIAN_POINT('',(3.85,2.95,2.15));
#14081=CARTESIAN_POINT('',(3.65,2.8,2.8));
#14082=CARTESIAN_POINT('',(3.65,2.8,2.8));
#14083=CARTESIAN_POINT('',(3.65,3.2,2.8));
#14084=CARTESIAN_POINT('',(3.65,3.2,2.8));
#14085=CARTESIAN_POINT('',(3.65,3.2,2.15));
#14086=CARTESIAN_POINT('',(3.65,2.95,2.15));
#14087=CARTESIAN_POINT('',(3.85,3.2,2.8));
#14088=CARTESIAN_POINT('',(3.85,3.2,2.15));
#14089=CARTESIAN_POINT('',(3.85,2.8,2.8));
#14090=CARTESIAN_POINT('',(3.85,3.2,2.8));
#14091=CARTESIAN_POINT('',(3.85,2.8,2.8));
#14092=CARTESIAN_POINT('',(-2.65,2.95,0.150000000000004));
#14093=CARTESIAN_POINT('',(-2.65,3.2,0.150000000000004));
#14094=CARTESIAN_POINT('',(-2.85,3.2,0.150000000000004));
#14095=CARTESIAN_POINT('',(-2.85,3.2,0.150000000000004));
#14096=CARTESIAN_POINT('',(-2.85,2.95,0.150000000000004));
#14097=CARTESIAN_POINT('',(-2.85,2.95,0.150000000000004));
#14098=CARTESIAN_POINT('',(-2.65,2.8,0.0500000000000044));
#14099=CARTESIAN_POINT('',(-2.65,2.8,-0.499999999999996));
#14100=CARTESIAN_POINT('',(-2.85,2.8,0.0500000000000044));
#14101=CARTESIAN_POINT('',(-2.85,2.8,-0.499999999999996));
#14102=CARTESIAN_POINT('',(-2.85,2.8,-0.499999999999996));
#14103=CARTESIAN_POINT('',(-2.85,2.8,0.0500000000000044));
#14104=CARTESIAN_POINT('',(-2.65,2.8,-0.499999999999996));
#14105=CARTESIAN_POINT('',(-2.65,3.2,-0.499999999999996));
#14106=CARTESIAN_POINT('',(-2.85,2.8,-0.499999999999996));
#14107=CARTESIAN_POINT('',(-2.85,3.2,-0.499999999999996));
#14108=CARTESIAN_POINT('',(-2.85,3.2,-0.499999999999996));
#14109=CARTESIAN_POINT('',(-2.85,2.8,-0.499999999999996));
#14110=CARTESIAN_POINT('',(-2.65,3.2,-0.499999999999996));
#14111=CARTESIAN_POINT('',(-2.85,3.2,-0.499999999999996));
#14112=CARTESIAN_POINT('',(-2.85,3.2,-0.499999999999996));
#14113=CARTESIAN_POINT('',(-2.85,2.95,0.150000000000004));
#14114=CARTESIAN_POINT('',(-2.65,2.95,0.150000000000004));
#14115=CARTESIAN_POINT('',(-1.65,2.95,0.150000000000004));
#14116=CARTESIAN_POINT('',(-1.65,3.2,0.150000000000004));
#14117=CARTESIAN_POINT('',(-1.85,3.2,0.150000000000004));
#14118=CARTESIAN_POINT('',(-1.85,3.2,0.150000000000004));
#14119=CARTESIAN_POINT('',(-1.85,2.95,0.150000000000004));
#14120=CARTESIAN_POINT('',(-1.85,2.95,0.150000000000004));
#14121=CARTESIAN_POINT('',(-1.65,2.8,0.0500000000000044));
#14122=CARTESIAN_POINT('',(-1.65,2.8,-0.499999999999996));
#14123=CARTESIAN_POINT('',(-1.85,2.8,0.0500000000000044));
#14124=CARTESIAN_POINT('',(-1.85,2.8,-0.499999999999996));
#14125=CARTESIAN_POINT('',(-1.85,2.8,-0.499999999999996));
#14126=CARTESIAN_POINT('',(-1.85,2.8,0.0500000000000044));
#14127=CARTESIAN_POINT('',(-1.65,2.8,-0.499999999999996));
#14128=CARTESIAN_POINT('',(-1.65,3.2,-0.499999999999996));
#14129=CARTESIAN_POINT('',(-1.85,2.8,-0.499999999999996));
#14130=CARTESIAN_POINT('',(-1.85,3.2,-0.499999999999996));
#14131=CARTESIAN_POINT('',(-1.85,3.2,-0.499999999999996));
#14132=CARTESIAN_POINT('',(-1.85,2.8,-0.499999999999996));
#14133=CARTESIAN_POINT('',(-1.65,3.2,-0.499999999999996));
#14134=CARTESIAN_POINT('',(-1.85,3.2,-0.499999999999996));
#14135=CARTESIAN_POINT('',(-1.85,3.2,-0.499999999999996));
#14136=CARTESIAN_POINT('',(-1.85,2.95,0.150000000000004));
#14137=CARTESIAN_POINT('',(-1.65,2.95,0.150000000000004));
#14138=CARTESIAN_POINT('',(-0.65,2.95,0.150000000000004));
#14139=CARTESIAN_POINT('',(-0.65,3.2,0.150000000000004));
#14140=CARTESIAN_POINT('',(-0.85,3.2,0.150000000000004));
#14141=CARTESIAN_POINT('',(-0.85,3.2,0.150000000000004));
#14142=CARTESIAN_POINT('',(-0.85,2.95,0.150000000000004));
#14143=CARTESIAN_POINT('',(-0.85,2.95,0.150000000000004));
#14144=CARTESIAN_POINT('',(-0.65,2.8,0.0500000000000044));
#14145=CARTESIAN_POINT('',(-0.65,2.8,-0.499999999999996));
#14146=CARTESIAN_POINT('',(-0.85,2.8,0.0500000000000044));
#14147=CARTESIAN_POINT('',(-0.85,2.8,-0.499999999999996));
#14148=CARTESIAN_POINT('',(-0.85,2.8,-0.499999999999996));
#14149=CARTESIAN_POINT('',(-0.85,2.8,0.0500000000000044));
#14150=CARTESIAN_POINT('',(-0.65,2.8,-0.499999999999996));
#14151=CARTESIAN_POINT('',(-0.65,3.2,-0.499999999999996));
#14152=CARTESIAN_POINT('',(-0.85,2.8,-0.499999999999996));
#14153=CARTESIAN_POINT('',(-0.85,3.2,-0.499999999999996));
#14154=CARTESIAN_POINT('',(-0.85,3.2,-0.499999999999996));
#14155=CARTESIAN_POINT('',(-0.85,2.8,-0.499999999999996));
#14156=CARTESIAN_POINT('',(-0.65,3.2,-0.499999999999996));
#14157=CARTESIAN_POINT('',(-0.85,3.2,-0.499999999999996));
#14158=CARTESIAN_POINT('',(-0.85,3.2,-0.499999999999996));
#14159=CARTESIAN_POINT('',(-0.85,2.95,0.150000000000004));
#14160=CARTESIAN_POINT('',(-0.65,2.95,0.150000000000004));
#14161=CARTESIAN_POINT('',(0.35,2.95,0.150000000000004));
#14162=CARTESIAN_POINT('',(0.35,3.2,0.150000000000004));
#14163=CARTESIAN_POINT('',(0.15,3.2,0.150000000000004));
#14164=CARTESIAN_POINT('',(0.15,3.2,0.150000000000004));
#14165=CARTESIAN_POINT('',(0.15,2.95,0.150000000000004));
#14166=CARTESIAN_POINT('',(0.15,2.95,0.150000000000004));
#14167=CARTESIAN_POINT('',(0.35,2.8,0.0500000000000044));
#14168=CARTESIAN_POINT('',(0.35,2.8,-0.499999999999996));
#14169=CARTESIAN_POINT('',(0.15,2.8,0.0500000000000044));
#14170=CARTESIAN_POINT('',(0.15,2.8,-0.499999999999996));
#14171=CARTESIAN_POINT('',(0.15,2.8,-0.499999999999996));
#14172=CARTESIAN_POINT('',(0.15,2.8,0.0500000000000044));
#14173=CARTESIAN_POINT('',(0.35,2.8,-0.499999999999996));
#14174=CARTESIAN_POINT('',(0.35,3.2,-0.499999999999996));
#14175=CARTESIAN_POINT('',(0.15,2.8,-0.499999999999996));
#14176=CARTESIAN_POINT('',(0.15,3.2,-0.499999999999996));
#14177=CARTESIAN_POINT('',(0.15,3.2,-0.499999999999996));
#14178=CARTESIAN_POINT('',(0.15,2.8,-0.499999999999996));
#14179=CARTESIAN_POINT('',(0.35,3.2,-0.499999999999996));
#14180=CARTESIAN_POINT('',(0.15,3.2,-0.499999999999996));
#14181=CARTESIAN_POINT('',(0.15,3.2,-0.499999999999996));
#14182=CARTESIAN_POINT('',(0.15,2.95,0.150000000000004));
#14183=CARTESIAN_POINT('',(0.35,2.95,0.150000000000004));
#14184=CARTESIAN_POINT('',(1.35,2.95,0.150000000000004));
#14185=CARTESIAN_POINT('',(1.35,3.2,0.150000000000004));
#14186=CARTESIAN_POINT('',(1.15,3.2,0.150000000000004));
#14187=CARTESIAN_POINT('',(1.15,3.2,0.150000000000004));
#14188=CARTESIAN_POINT('',(1.15,2.95,0.150000000000004));
#14189=CARTESIAN_POINT('',(1.15,2.95,0.150000000000004));
#14190=CARTESIAN_POINT('',(1.35,2.8,0.0500000000000044));
#14191=CARTESIAN_POINT('',(1.35,2.8,-0.499999999999996));
#14192=CARTESIAN_POINT('',(1.15,2.8,0.0500000000000044));
#14193=CARTESIAN_POINT('',(1.15,2.8,-0.499999999999996));
#14194=CARTESIAN_POINT('',(1.15,2.8,-0.499999999999996));
#14195=CARTESIAN_POINT('',(1.15,2.8,0.0500000000000044));
#14196=CARTESIAN_POINT('',(1.35,2.8,-0.499999999999996));
#14197=CARTESIAN_POINT('',(1.35,3.2,-0.499999999999996));
#14198=CARTESIAN_POINT('',(1.15,2.8,-0.499999999999996));
#14199=CARTESIAN_POINT('',(1.15,3.2,-0.499999999999996));
#14200=CARTESIAN_POINT('',(1.15,3.2,-0.499999999999996));
#14201=CARTESIAN_POINT('',(1.15,2.8,-0.499999999999996));
#14202=CARTESIAN_POINT('',(1.35,3.2,-0.499999999999996));
#14203=CARTESIAN_POINT('',(1.15,3.2,-0.499999999999996));
#14204=CARTESIAN_POINT('',(1.15,3.2,-0.499999999999996));
#14205=CARTESIAN_POINT('',(1.15,2.95,0.150000000000004));
#14206=CARTESIAN_POINT('',(1.35,2.95,0.150000000000004));
#14207=CARTESIAN_POINT('',(2.35,2.95,0.150000000000004));
#14208=CARTESIAN_POINT('',(2.35,3.2,0.150000000000004));
#14209=CARTESIAN_POINT('',(2.15,3.2,0.150000000000004));
#14210=CARTESIAN_POINT('',(2.15,3.2,0.150000000000004));
#14211=CARTESIAN_POINT('',(2.15,2.95,0.150000000000004));
#14212=CARTESIAN_POINT('',(2.15,2.95,0.150000000000004));
#14213=CARTESIAN_POINT('',(2.35,2.8,0.0500000000000044));
#14214=CARTESIAN_POINT('',(2.35,2.8,-0.499999999999996));
#14215=CARTESIAN_POINT('',(2.15,2.8,0.0500000000000044));
#14216=CARTESIAN_POINT('',(2.15,2.8,-0.499999999999996));
#14217=CARTESIAN_POINT('',(2.15,2.8,-0.499999999999996));
#14218=CARTESIAN_POINT('',(2.15,2.8,0.0500000000000044));
#14219=CARTESIAN_POINT('',(2.35,2.8,-0.499999999999996));
#14220=CARTESIAN_POINT('',(2.35,3.2,-0.499999999999996));
#14221=CARTESIAN_POINT('',(2.15,2.8,-0.499999999999996));
#14222=CARTESIAN_POINT('',(2.15,3.2,-0.499999999999996));
#14223=CARTESIAN_POINT('',(2.15,3.2,-0.499999999999996));
#14224=CARTESIAN_POINT('',(2.15,2.8,-0.499999999999996));
#14225=CARTESIAN_POINT('',(2.35,3.2,-0.499999999999996));
#14226=CARTESIAN_POINT('',(2.15,3.2,-0.499999999999996));
#14227=CARTESIAN_POINT('',(2.15,3.2,-0.499999999999996));
#14228=CARTESIAN_POINT('',(2.15,2.95,0.150000000000004));
#14229=CARTESIAN_POINT('',(2.35,2.95,0.150000000000004));
#14230=CARTESIAN_POINT('',(3.35,2.95,0.150000000000004));
#14231=CARTESIAN_POINT('',(3.35,3.2,0.150000000000004));
#14232=CARTESIAN_POINT('',(3.15,3.2,0.150000000000004));
#14233=CARTESIAN_POINT('',(3.15,3.2,0.150000000000004));
#14234=CARTESIAN_POINT('',(3.15,2.95,0.150000000000004));
#14235=CARTESIAN_POINT('',(3.15,2.95,0.150000000000004));
#14236=CARTESIAN_POINT('',(3.35,2.8,0.0500000000000044));
#14237=CARTESIAN_POINT('',(3.35,2.8,-0.499999999999996));
#14238=CARTESIAN_POINT('',(3.15,2.8,0.0500000000000044));
#14239=CARTESIAN_POINT('',(3.15,2.8,-0.499999999999996));
#14240=CARTESIAN_POINT('',(3.15,2.8,-0.499999999999996));
#14241=CARTESIAN_POINT('',(3.15,2.8,0.0500000000000044));
#14242=CARTESIAN_POINT('',(3.35,2.8,-0.499999999999996));
#14243=CARTESIAN_POINT('',(3.35,3.2,-0.499999999999996));
#14244=CARTESIAN_POINT('',(3.15,2.8,-0.499999999999996));
#14245=CARTESIAN_POINT('',(3.15,3.2,-0.499999999999996));
#14246=CARTESIAN_POINT('',(3.15,3.2,-0.499999999999996));
#14247=CARTESIAN_POINT('',(3.15,2.8,-0.499999999999996));
#14248=CARTESIAN_POINT('',(3.35,3.2,-0.499999999999996));
#14249=CARTESIAN_POINT('',(3.15,3.2,-0.499999999999996));
#14250=CARTESIAN_POINT('',(3.15,3.2,-0.499999999999996));
#14251=CARTESIAN_POINT('',(3.15,2.95,0.150000000000004));
#14252=CARTESIAN_POINT('',(3.35,2.95,0.150000000000004));
#14253=CARTESIAN_POINT('',(-4.95,2.95,2.15));
#14254=CARTESIAN_POINT('',(-4.95,3.2,2.15));
#14255=CARTESIAN_POINT('',(-4.95,3.2,2.15));
#14256=CARTESIAN_POINT('',(-4.55,3.2,2.15));
#14257=CARTESIAN_POINT('',(-4.55,2.95,2.15));
#14258=CARTESIAN_POINT('',(-4.95,2.95,2.15));
#14259=CARTESIAN_POINT('',(-4.95,2.80000000000001,2.8));
#14260=CARTESIAN_POINT('',(-4.95,2.80000000000001,2.8));
#14261=CARTESIAN_POINT('',(-4.95,3.20000000000001,2.8));
#14262=CARTESIAN_POINT('',(-4.95,3.20000000000001,2.8));
#14263=CARTESIAN_POINT('',(-4.95,3.2,2.15));
#14264=CARTESIAN_POINT('',(-4.95,2.95,2.15));
#14265=CARTESIAN_POINT('',(-4.55,3.2,2.15));
#14266=CARTESIAN_POINT('',(-4.55,3.20000000000001,2.8));
#14267=CARTESIAN_POINT('',(-4.55,3.20000000000001,2.8));
#14268=CARTESIAN_POINT('',(-4.55,2.80000000000001,2.8));
#14269=CARTESIAN_POINT('',(-4.55,2.80000000000001,2.8));
#14270=CARTESIAN_POINT('',(-4.55,2.95,2.15));
#14271=CARTESIAN_POINT('',(-4.95,3.20000000000001,2.8));
#14272=CARTESIAN_POINT('',(-4.95,3.2,2.15));
#14273=CARTESIAN_POINT('',(-4.95,2.80000000000001,2.8));
#14274=CARTESIAN_POINT('',(-4.95,3.20000000000001,2.8));
#14275=CARTESIAN_POINT('',(-4.95,2.80000000000001,2.8));
#14276=CARTESIAN_POINT('',(-4.55,2.95,0.149999999999999));
#14277=CARTESIAN_POINT('',(-4.55,3.2,0.15));
#14278=CARTESIAN_POINT('',(-4.95,3.2,0.15));
#14279=CARTESIAN_POINT('',(-4.95,3.2,0.15));
#14280=CARTESIAN_POINT('',(-4.95,2.95,0.149999999999999));
#14281=CARTESIAN_POINT('',(-4.95,2.95,0.149999999999999));
#14282=CARTESIAN_POINT('',(-4.95,3.20000000000001,-0.5));
#14283=CARTESIAN_POINT('',(-4.95,3.20000000000001,-0.5));
#14284=CARTESIAN_POINT('',(-4.95,2.80000000000001,-0.5));
#14285=CARTESIAN_POINT('',(-4.95,2.80000000000001,-0.5));
#14286=CARTESIAN_POINT('',(-4.95,2.80000000000001,0.0500000000000007));
#14287=CARTESIAN_POINT('',(-4.95,2.95,0.149999999999999));
#14288=CARTESIAN_POINT('',(-4.55,2.80000000000001,0.0500000000000007));
#14289=CARTESIAN_POINT('',(-4.55,2.80000000000001,-0.5));
#14290=CARTESIAN_POINT('',(-4.55,2.80000000000001,-0.5));
#14291=CARTESIAN_POINT('',(-4.55,3.20000000000001,-0.5));
#14292=CARTESIAN_POINT('',(-4.55,3.20000000000001,-0.5));
#14293=CARTESIAN_POINT('',(-4.55,2.95,0.149999999999999));
#14294=CARTESIAN_POINT('',(-4.95,2.80000000000001,-0.5));
#14295=CARTESIAN_POINT('',(-4.95,2.80000000000001,0.0500000000000007));
#14296=CARTESIAN_POINT('',(-4.95,3.20000000000001,-0.5));
#14297=CARTESIAN_POINT('',(-4.95,2.80000000000001,-0.5));
#14298=CARTESIAN_POINT('',(-4.95,3.20000000000001,-0.5));
#14299=CARTESIAN_POINT('',(4.95,2.95,2.15));
#14300=CARTESIAN_POINT('',(4.95,3.2,2.15));
#14301=CARTESIAN_POINT('',(4.55,2.95,2.15));
#14302=CARTESIAN_POINT('',(4.55,3.2,2.15));
#14303=CARTESIAN_POINT('',(4.95,3.2,2.15));
#14304=CARTESIAN_POINT('',(4.95,2.95,2.15));
#14305=CARTESIAN_POINT('',(4.95,3.2,2.15));
#14306=CARTESIAN_POINT('',(4.95,3.20000000000001,2.8));
#14307=CARTESIAN_POINT('',(4.95,3.20000000000001,2.8));
#14308=CARTESIAN_POINT('',(4.95,2.80000000000001,2.8));
#14309=CARTESIAN_POINT('',(4.95,2.80000000000001,2.8));
#14310=CARTESIAN_POINT('',(4.95,2.95,2.15));
#14311=CARTESIAN_POINT('',(4.55,2.80000000000001,2.8));
#14312=CARTESIAN_POINT('',(4.55,2.80000000000001,2.8));
#14313=CARTESIAN_POINT('',(4.55,3.20000000000001,2.8));
#14314=CARTESIAN_POINT('',(4.55,3.20000000000001,2.8));
#14315=CARTESIAN_POINT('',(4.55,3.2,2.15));
#14316=CARTESIAN_POINT('',(4.55,2.95,2.15));
#14317=CARTESIAN_POINT('',(4.95,3.20000000000001,2.8));
#14318=CARTESIAN_POINT('',(4.95,3.2,2.15));
#14319=CARTESIAN_POINT('',(4.95,2.80000000000001,2.8));
#14320=CARTESIAN_POINT('',(4.95,3.20000000000001,2.8));
#14321=CARTESIAN_POINT('',(4.95,2.80000000000001,2.8));
#14322=CARTESIAN_POINT('',(4.55,2.95,0.149999999999999));
#14323=CARTESIAN_POINT('',(4.55,3.2,0.15));
#14324=CARTESIAN_POINT('',(4.95,2.95,0.149999999999999));
#14325=CARTESIAN_POINT('',(4.95,3.2,0.15));
#14326=CARTESIAN_POINT('',(4.95,3.2,0.15));
#14327=CARTESIAN_POINT('',(4.95,2.95,0.149999999999999));
#14328=CARTESIAN_POINT('',(4.95,2.80000000000001,0.0500000000000007));
#14329=CARTESIAN_POINT('',(4.95,2.80000000000001,-0.5));
#14330=CARTESIAN_POINT('',(4.95,2.80000000000001,-0.5));
#14331=CARTESIAN_POINT('',(4.95,3.20000000000001,-0.5));
#14332=CARTESIAN_POINT('',(4.95,3.20000000000001,-0.5));
#14333=CARTESIAN_POINT('',(4.95,2.95,0.149999999999999));
#14334=CARTESIAN_POINT('',(4.55,3.20000000000001,-0.5));
#14335=CARTESIAN_POINT('',(4.55,3.20000000000001,-0.5));
#14336=CARTESIAN_POINT('',(4.55,2.80000000000001,-0.5));
#14337=CARTESIAN_POINT('',(4.55,2.80000000000001,-0.5));
#14338=CARTESIAN_POINT('',(4.55,2.80000000000001,0.0500000000000007));
#14339=CARTESIAN_POINT('',(4.55,2.95,0.149999999999999));
#14340=CARTESIAN_POINT('',(4.95,2.80000000000001,-0.5));
#14341=CARTESIAN_POINT('',(4.95,2.80000000000001,0.0500000000000007));
#14342=CARTESIAN_POINT('',(4.95,3.20000000000001,-0.5));
#14343=CARTESIAN_POINT('',(4.95,2.80000000000001,-0.5));
#14344=CARTESIAN_POINT('',(4.95,3.20000000000001,-0.5));
#14345=MECHANICAL_DESIGN_GEOMETRIC_PRESENTATION_REPRESENTATION('',(#24),
#14346);
#14346=(
GEOMETRIC_REPRESENTATION_CONTEXT(3)
GLOBAL_UNCERTAINTY_ASSIGNED_CONTEXT((#14347))
GLOBAL_UNIT_ASSIGNED_CONTEXT((#14353,#14349,#14348))
REPRESENTATION_CONTEXT('525591652wbm000_02_214',
'TOP_LEVEL_ASSEMBLY_PART')
);
#14347=UNCERTAINTY_MEASURE_WITH_UNIT(LENGTH_MEASURE(2.E-5),#14353,
'DISTANCE_ACCURACY_VALUE','Maximum Tolerance applied to model');
#14348=(
NAMED_UNIT(*)
SI_UNIT($,.STERADIAN.)
SOLID_ANGLE_UNIT()
);
#14349=(
CONVERSION_BASED_UNIT('DEGREE',#14351)
NAMED_UNIT(#14350)
PLANE_ANGLE_UNIT()
);
#14350=DIMENSIONAL_EXPONENTS(0.,0.,0.,0.,0.,0.,0.);
#14351=PLANE_ANGLE_MEASURE_WITH_UNIT(PLANE_ANGLE_MEASURE(0.0174532925),
#14352);
#14352=(
NAMED_UNIT(*)
PLANE_ANGLE_UNIT()
SI_UNIT($,.RADIAN.)
);
#14353=(
LENGTH_UNIT()
NAMED_UNIT(*)
SI_UNIT(.MILLI.,.METRE.)
);
ENDSEC;
END-ISO-10303-21;
